0 verbose cli D:\TOOL\nodejs\node.exe D:\TOOL\nodejs\node_modules\npm\bin\npm-cli.js
1 info using npm@10.9.8
2 info using node@v22.23.2
3 silly config load:file:D:\TOOL\nodejs\node_modules\npm\npmrc
4 silly config load:file:C:\Users\lenovo\Desktop\可操作文件\asset-rental-platform\.npmrc
5 silly config load:file:C:\Users\lenovo\.npmrc
6 silly config load:file:D:\TOOL\npm-global\etc\npmrc
7 verbose title npm install
8 verbose argv "install" "--ignore-scripts" "--no-audit" "--no-fund"
9 verbose logfile logs-max:10 dir:C:\Users\lenovo\Desktop\可操作文件\asset-rental-platform\.npm-cache\_logs\2026-09-17T04_31_37_674Z-
10 verbose logfile C:\Users\lenovo\Desktop\可操作文件\asset-rental-platform\.npm-cache\_logs\2026-09-17T04_31_37_674Z-debug-0.log
11 silly logfile done cleaning log files
12 silly packumentCache heap:4345298944 maxSize:1086324736 maxEntrySize:543162368
13 silly idealTree buildDeps
14 silly fetch manifest astro@^5.7.0
15 silly packumentCache full:https://registry.npmjs.org/astro cache-miss
16 http cache https://registry.npmjs.org/astro 27ms (cache hit)
17 silly packumentCache full:https://registry.npmjs.org/astro set size:9504720 disposed:false
18 silly fetch manifest html2canvas@^1.4.1
19 silly packumentCache full:https://registry.npmjs.org/html2canvas cache-miss
20 http cache https://registry.npmjs.org/html2canvas 10ms (cache hit)
21 silly packumentCache full:https://registry.npmjs.org/html2canvas set size:186292 disposed:false
22 silly fetch manifest typescript@^5.5.0
23 silly packumentCache full:https://registry.npmjs.org/typescript cache-miss
24 http cache https://registry.npmjs.org/typescript 22ms (cache hit)
25 silly packumentCache full:https://registry.npmjs.org/typescript set size:15681400 disposed:false
26 silly placeDep ROOT astro@5.18.2 OK for: asset-rental-platform@1.0.0 want: ^5.7.0
27 silly placeDep ROOT html2canvas@1.4.1 OK for: asset-rental-platform@1.0.0 want: ^1.4.1
28 silly placeDep ROOT typescript@5.9.3 OK for: asset-rental-platform@1.0.0 want: ^5.5.0
29 silly fetch manifest dlv@^1.1.3
30 silly packumentCache full:https://registry.npmjs.org/dlv cache-miss
31 silly fetch manifest zod@^3.25.76
32 silly packumentCache full:https://registry.npmjs.org/zod cache-miss
33 silly fetch manifest clsx@^2.1.1
34 silly packumentCache full:https://registry.npmjs.org/clsx cache-miss
35 silly fetch manifest diff@^8.0.3
36 silly packumentCache full:https://registry.npmjs.org/diff cache-miss
37 silly fetch manifest dset@^3.1.4
38 silly packumentCache full:https://registry.npmjs.org/dset cache-miss
39 silly fetch manifest svgo@^4.0.0
40 silly packumentCache full:https://registry.npmjs.org/svgo cache-miss
41 silly fetch manifest vite@^6.4.1
42 silly packumentCache full:https://registry.npmjs.org/vite cache-miss
43 silly fetch manifest acorn@^8.15.0
44 silly packumentCache full:https://registry.npmjs.org/acorn cache-miss
45 silly fetch manifest boxen@8.0.1
46 silly packumentCache full:https://registry.npmjs.org/boxen cache-miss
47 silly fetch manifest debug@^4.4.3
48 silly packumentCache full:https://registry.npmjs.org/debug cache-miss
49 silly fetch manifest shiki@^3.21.0
50 silly packumentCache full:https://registry.npmjs.org/shiki cache-miss
51 silly fetch manifest vfile@^6.0.3
52 silly packumentCache full:https://registry.npmjs.org/vfile cache-miss
53 silly fetch manifest cookie@^1.1.1
54 silly packumentCache full:https://registry.npmjs.org/cookie cache-miss
55 silly fetch manifest cssesc@^3.0.0
56 silly packumentCache full:https://registry.npmjs.org/cssesc cache-miss
57 silly fetch manifest mrmime@^2.0.1
58 silly packumentCache full:https://registry.npmjs.org/mrmime cache-miss
59 http cache https://registry.npmjs.org/clsx 31ms (cache hit)
60 silly packumentCache full:https://registry.npmjs.org/clsx set size:42506 disposed:false
61 silly fetch manifest rehype@^13.0.2
62 silly packumentCache full:https://registry.npmjs.org/rehype cache-miss
63 http cache https://registry.npmjs.org/dlv 33ms (cache hit)
64 silly packumentCache full:https://registry.npmjs.org/dlv set size:16709 disposed:false
65 silly fetch manifest semver@^7.7.3
66 silly packumentCache full:https://registry.npmjs.org/semver cache-miss
67 http cache https://registry.npmjs.org/dset 33ms (cache hit)
68 silly packumentCache full:https://registry.npmjs.org/dset set size:33440 disposed:false
69 silly fetch manifest vitefu@^1.1.1
70 silly packumentCache full:https://registry.npmjs.org/vitefu cache-miss
71 http cache https://registry.npmjs.org/acorn 34ms (cache hit)
72 silly packumentCache full:https://registry.npmjs.org/acorn set size:383439 disposed:false
73 silly fetch manifest ci-info@^4.3.1
74 silly packumentCache full:https://registry.npmjs.org/ci-info cache-miss
75 http cache https://registry.npmjs.org/svgo 38ms (cache hit)
76 silly packumentCache full:https://registry.npmjs.org/svgo set size:329744 disposed:false
77 silly fetch manifest devalue@^5.6.2
78 silly packumentCache full:https://registry.npmjs.org/devalue cache-miss
79 http cache https://registry.npmjs.org/zod 46ms (cache hit)
80 silly packumentCache full:https://registry.npmjs.org/zod set size:4166672 disposed:false
81 silly fetch manifest esbuild@^0.27.3
82 silly packumentCache full:https://registry.npmjs.org/esbuild cache-miss
83 http cache https://registry.npmjs.org/boxen 62ms (cache hit)
84 silly packumentCache full:https://registry.npmjs.org/boxen set size:96237 disposed:false
85 silly fetch manifest flattie@^1.1.1
86 silly packumentCache full:https://registry.npmjs.org/flattie cache-miss
87 http cache https://registry.npmjs.org/diff 65ms (cache hit)
88 silly packumentCache full:https://registry.npmjs.org/diff set size:154400 disposed:false
89 silly fetch manifest fontace@~0.4.0
90 silly packumentCache full:https://registry.npmjs.org/fontace cache-miss
91 http cache https://registry.npmjs.org/vite 103ms (cache hit)
92 silly packumentCache full:https://registry.npmjs.org/vite set size:38945461 disposed:false
93 silly fetch manifest js-yaml@^4.1.1
94 silly packumentCache full:https://registry.npmjs.org/js-yaml cache-miss
95 http cache https://registry.npmjs.org/debug 243ms (cache hit)
96 silly packumentCache full:https://registry.npmjs.org/debug set size:195840 disposed:false
97 silly fetch manifest p-limit@^6.2.0
98 silly packumentCache full:https://registry.npmjs.org/p-limit cache-miss
99 http cache https://registry.npmjs.org/cookie 244ms (cache hit)
100 silly packumentCache full:https://registry.npmjs.org/cookie set size:78274 disposed:false
101 silly fetch manifest p-queue@^8.1.1
102 silly packumentCache full:https://registry.npmjs.org/p-queue cache-miss
103 http cache https://registry.npmjs.org/cssesc 246ms (cache hit)
104 silly packumentCache full:https://registry.npmjs.org/cssesc set size:18815 disposed:false
105 silly fetch manifest prompts@^2.4.2
106 silly packumentCache full:https://registry.npmjs.org/prompts cache-miss
107 http cache https://registry.npmjs.org/vfile 247ms (cache hit)
108 silly packumentCache full:https://registry.npmjs.org/vfile set size:172678 disposed:false
109 silly fetch manifest unifont@~0.7.3
110 silly packumentCache full:https://registry.npmjs.org/unifont cache-miss
111 http cache https://registry.npmjs.org/mrmime 248ms (cache hit)
112 silly packumentCache full:https://registry.npmjs.org/mrmime set size:17044 disposed:false
113 silly fetch manifest magicast@^0.5.1
114 silly packumentCache full:https://registry.npmjs.org/magicast cache-miss
115 http cache https://registry.npmjs.org/shiki 250ms (cache hit)
116 silly packumentCache full:https://registry.npmjs.org/shiki set size:632790 disposed:false
117 silly fetch manifest tinyexec@^1.0.2
118 silly packumentCache full:https://registry.npmjs.org/tinyexec cache-miss
119 http cache https://registry.npmjs.org/semver 237ms (cache hit)
120 silly packumentCache full:https://registry.npmjs.org/semver set size:246128 disposed:false
121 silly fetch manifest tsconfck@^3.1.6
122 silly packumentCache full:https://registry.npmjs.org/tsconfck cache-miss
123 http cache https://registry.npmjs.org/rehype 242ms (cache hit)
124 silly packumentCache full:https://registry.npmjs.org/rehype set size:50923 disposed:false
125 silly fetch manifest piccolore@^0.1.3
126 silly packumentCache full:https://registry.npmjs.org/piccolore cache-miss
127 http cache https://registry.npmjs.org/vitefu 241ms (cache hit)
128 silly packumentCache full:https://registry.npmjs.org/vitefu set size:46970 disposed:false
129 silly fetch manifest picomatch@^4.0.3
130 silly packumentCache full:https://registry.npmjs.org/picomatch cache-miss
131 http cache https://registry.npmjs.org/ci-info 238ms (cache hit)
132 silly packumentCache full:https://registry.npmjs.org/ci-info set size:91363 disposed:false
133 silly fetch manifest smol-toml@^1.6.0
134 silly packumentCache full:https://registry.npmjs.org/smol-toml cache-miss
135 http cache https://registry.npmjs.org/flattie 212ms (cache hit)
136 silly packumentCache full:https://registry.npmjs.org/flattie set size:13792 disposed:false
137 silly fetch manifest ultrahtml@^1.6.0
138 silly packumentCache full:https://registry.npmjs.org/ultrahtml cache-miss
139 http cache https://registry.npmjs.org/devalue 237ms (cache hit)
140 silly packumentCache full:https://registry.npmjs.org/devalue set size:123988 disposed:false
141 silly fetch manifest unstorage@^1.17.4
142 silly packumentCache full:https://registry.npmjs.org/unstorage cache-miss
143 http cache https://registry.npmjs.org/esbuild 218ms (cache hit)
144 silly packumentCache full:https://registry.npmjs.org/esbuild set size:1264676 disposed:false
145 silly fetch manifest zod-to-ts@^1.2.0
146 silly packumentCache full:https://registry.npmjs.org/zod-to-ts cache-miss
147 http cache https://registry.npmjs.org/fontace 222ms (cache hit)
148 silly packumentCache full:https://registry.npmjs.org/fontace set size:23186 disposed:false
149 silly fetch manifest aria-query@^5.3.2
150 silly packumentCache full:https://registry.npmjs.org/aria-query cache-miss
151 http cache https://registry.npmjs.org/p-limit 44ms (cache hit)
152 silly packumentCache full:https://registry.npmjs.org/p-limit set size:66276 disposed:false
153 silly fetch manifest tinyglobby@^0.2.15
154 silly packumentCache full:https://registry.npmjs.org/tinyglobby cache-miss
155 http cache https://registry.npmjs.org/js-yaml 49ms (cache hit)
156 silly packumentCache full:https://registry.npmjs.org/js-yaml set size:198692 disposed:false
157 silly fetch manifest neotraverse@^0.6.18
158 silly packumentCache full:https://registry.npmjs.org/neotraverse cache-miss
159 http cache https://registry.npmjs.org/prompts 47ms (cache hit)
160 silly packumentCache full:https://registry.npmjs.org/prompts set size:115896 disposed:false
161 silly fetch manifest xxhash-wasm@^1.1.0
162 silly packumentCache full:https://registry.npmjs.org/xxhash-wasm cache-miss
163 http cache https://registry.npmjs.org/p-queue 50ms (cache hit)
164 silly packumentCache full:https://registry.npmjs.org/p-queue set size:187782 disposed:false
165 silly fetch manifest html-escaper@3.0.3
166 silly packumentCache full:https://registry.npmjs.org/html-escaper cache-miss
167 http cache https://registry.npmjs.org/unifont 53ms (cache hit)
168 silly packumentCache full:https://registry.npmjs.org/unifont set size:67234 disposed:false
169 silly fetch manifest magic-string@^0.30.21
170 silly packumentCache full:https://registry.npmjs.org/magic-string cache-miss
171 http cache https://registry.npmjs.org/magicast 54ms (cache hit)
172 silly packumentCache full:https://registry.npmjs.org/magicast set size:90121 disposed:false
173 silly fetch manifest yargs-parser@^21.1.1
174 silly packumentCache full:https://registry.npmjs.org/yargs-parser cache-miss
175 http cache https://registry.npmjs.org/tinyexec 51ms (cache hit)
176 silly packumentCache full:https://registry.npmjs.org/tinyexec set size:68252 disposed:false
177 silly fetch manifest estree-walker@^3.0.3
178 silly packumentCache full:https://registry.npmjs.org/estree-walker cache-miss
179 http cache https://registry.npmjs.org/tsconfck 48ms (cache hit)
180 silly packumentCache full:https://registry.npmjs.org/tsconfck set size:173073 disposed:false
181 silly fetch manifest yocto-spinner@^0.2.3
182 silly packumentCache full:https://registry.npmjs.org/yocto-spinner cache-miss
183 http cache https://registry.npmjs.org/piccolore 47ms (cache hit)
184 silly packumentCache full:https://registry.npmjs.org/piccolore set size:8640 disposed:false
185 silly fetch manifest axobject-query@^4.1.0
186 silly packumentCache full:https://registry.npmjs.org/axobject-query cache-miss
187 http cache https://registry.npmjs.org/smol-toml 46ms (cache hit)
188 silly packumentCache full:https://registry.npmjs.org/smol-toml set size:87994 disposed:false
189 silly fetch manifest github-slugger@^2.0.0
190 silly packumentCache full:https://registry.npmjs.org/github-slugger cache-miss
191 http cache https://registry.npmjs.org/picomatch 48ms (cache hit)
192 silly packumentCache full:https://registry.npmjs.org/picomatch set size:134451 disposed:false
193 silly fetch manifest es-module-lexer@^1.7.0
194 silly packumentCache full:https://registry.npmjs.org/es-module-lexer cache-miss
195 http cache https://registry.npmjs.org/ultrahtml 47ms (cache hit)
196 silly packumentCache full:https://registry.npmjs.org/ultrahtml set size:122052 disposed:false
197 silly fetch manifest @oslojs/encoding@^1.1.0
198 silly packumentCache full:https://registry.npmjs.org/@oslojs%2fencoding cache-miss
199 http cache https://registry.npmjs.org/zod-to-ts 38ms (cache hit)
200 silly packumentCache full:https://registry.npmjs.org/zod-to-ts set size:51567 disposed:false
201 silly fetch manifest unist-util-visit@^5.0.0
202 silly packumentCache full:https://registry.npmjs.org/unist-util-visit cache-miss
203 http cache https://registry.npmjs.org/aria-query 38ms (cache hit)
204 silly packumentCache full:https://registry.npmjs.org/aria-query set size:98864 disposed:false
205 silly fetch manifest @astrojs/compiler@^2.13.0
206 silly packumentCache full:https://registry.npmjs.org/@astrojs%2fcompiler cache-miss
207 http cache https://registry.npmjs.org/unstorage 51ms (cache hit)
208 silly packumentCache full:https://registry.npmjs.org/unstorage set size:362113 disposed:false
209 silly fetch manifest @astrojs/telemetry@3.3.0
210 silly packumentCache full:https://registry.npmjs.org/@astrojs%2ftelemetry cache-miss
211 http cache https://registry.npmjs.org/tinyglobby 42ms (cache hit)
212 silly packumentCache full:https://registry.npmjs.org/tinyglobby set size:54291 disposed:false
213 silly fetch manifest @capsizecss/unpack@^4.0.0
214 silly packumentCache full:https://registry.npmjs.org/@capsizecss%2funpack cache-miss
215 http cache https://registry.npmjs.org/neotraverse 39ms (cache hit)
216 silly packumentCache full:https://registry.npmjs.org/neotraverse set size:63175 disposed:false
217 silly fetch manifest zod-to-json-schema@^3.25.1
218 silly packumentCache full:https://registry.npmjs.org/zod-to-json-schema cache-miss
219 http cache https://registry.npmjs.org/xxhash-wasm 38ms (cache hit)
220 silly packumentCache full:https://registry.npmjs.org/xxhash-wasm set size:49853 disposed:false
221 silly fetch manifest @rollup/pluginutils@^5.3.0
222 silly packumentCache full:https://registry.npmjs.org/@rollup%2fpluginutils cache-miss
223 http cache https://registry.npmjs.org/magic-string 32ms (cache hit)
224 silly packumentCache full:https://registry.npmjs.org/magic-string set size:366087 disposed:false
225 silly fetch manifest import-meta-resolve@^4.2.0
226 silly packumentCache full:https://registry.npmjs.org/import-meta-resolve cache-miss
227 http cache https://registry.npmjs.org/html-escaper 39ms (cache hit)
228 silly packumentCache full:https://registry.npmjs.org/html-escaper set size:29853 disposed:false
229 silly fetch manifest common-ancestor-path@^1.0.1
230 silly packumentCache full:https://registry.npmjs.org/common-ancestor-path cache-miss
231 http cache https://registry.npmjs.org/estree-walker 34ms (cache hit)
232 silly packumentCache full:https://registry.npmjs.org/estree-walker set size:60887 disposed:false
233 silly fetch manifest http-cache-semantics@^4.2.0
234 silly packumentCache full:https://registry.npmjs.org/http-cache-semantics cache-miss
235 http cache https://registry.npmjs.org/yargs-parser 40ms (cache hit)
236 silly packumentCache full:https://registry.npmjs.org/yargs-parser set size:238681 disposed:false
237 silly fetch manifest @astrojs/markdown-remark@6.3.11
238 silly packumentCache full:https://registry.npmjs.org/@astrojs%2fmarkdown-remark cache-miss
239 http cache https://registry.npmjs.org/axobject-query 37ms (cache hit)
240 silly packumentCache full:https://registry.npmjs.org/axobject-query set size:75032 disposed:false
241 silly fetch manifest package-manager-detector@^1.6.0
242 silly packumentCache full:https://registry.npmjs.org/package-manager-detector cache-miss
243 http cache https://registry.npmjs.org/yocto-spinner 40ms (cache hit)
244 silly packumentCache full:https://registry.npmjs.org/yocto-spinner set size:30326 disposed:false
245 silly fetch manifest @astrojs/internal-helpers@0.7.6
246 silly packumentCache full:https://registry.npmjs.org/@astrojs%2finternal-helpers cache-miss
247 http cache https://registry.npmjs.org/es-module-lexer 37ms (cache hit)
248 silly packumentCache full:https://registry.npmjs.org/es-module-lexer set size:230033 disposed:false
249 silly fetch manifest deterministic-object-hash@^2.0.2
250 silly packumentCache full:https://registry.npmjs.org/deterministic-object-hash cache-miss
251 http cache https://registry.npmjs.org/github-slugger 41ms (cache hit)
252 silly packumentCache full:https://registry.npmjs.org/github-slugger set size:31752 disposed:false
253 silly fetch manifest sharp@^0.34.0
254 silly packumentCache full:https://registry.npmjs.org/sharp cache-miss
255 http cache https://registry.npmjs.org/@oslojs%2fencoding 39ms (cache hit)
256 silly packumentCache full:https://registry.npmjs.org/@oslojs%2fencoding set size:16136 disposed:false
257 silly fetch manifest css-line-break@^2.1.0
258 silly packumentCache full:https://registry.npmjs.org/css-line-break cache-miss
259 http cache https://registry.npmjs.org/unist-util-visit 39ms (cache hit)
260 silly packumentCache full:https://registry.npmjs.org/unist-util-visit set size:90557 disposed:false
261 silly fetch manifest text-segmentation@^1.0.3
262 silly packumentCache full:https://registry.npmjs.org/text-segmentation cache-miss
263 http cache https://registry.npmjs.org/@astrojs%2ftelemetry 35ms (cache hit)
264 silly packumentCache full:https://registry.npmjs.org/@astrojs%2ftelemetry set size:141001 disposed:false
265 http cache https://registry.npmjs.org/@capsizecss%2funpack 35ms (cache hit)
266 silly packumentCache full:https://registry.npmjs.org/@capsizecss%2funpack set size:113289 disposed:false
267 http cache https://registry.npmjs.org/@rollup%2fpluginutils 34ms (cache hit)
268 silly packumentCache full:https://registry.npmjs.org/@rollup%2fpluginutils set size:121958 disposed:false
269 http cache https://registry.npmjs.org/@astrojs%2fcompiler 43ms (cache hit)
270 silly packumentCache full:https://registry.npmjs.org/@astrojs%2fcompiler set size:972037 disposed:false
271 http cache https://registry.npmjs.org/zod-to-json-schema 45ms (cache hit)
272 silly packumentCache full:https://registry.npmjs.org/zod-to-json-schema set size:309584 disposed:false
273 http cache https://registry.npmjs.org/import-meta-resolve 43ms (cache hit)
274 silly packumentCache full:https://registry.npmjs.org/import-meta-resolve set size:81231 disposed:false
275 http cache https://registry.npmjs.org/common-ancestor-path 43ms (cache hit)
276 silly packumentCache full:https://registry.npmjs.org/common-ancestor-path set size:8954 disposed:false
277 http cache https://registry.npmjs.org/http-cache-semantics 43ms (cache hit)
278 silly packumentCache full:https://registry.npmjs.org/http-cache-semantics set size:66288 disposed:false
279 http cache https://registry.npmjs.org/@astrojs%2fmarkdown-remark 37ms (cache hit)
280 silly packumentCache full:https://registry.npmjs.org/@astrojs%2fmarkdown-remark set size:615385 disposed:false
281 http cache https://registry.npmjs.org/@astrojs%2finternal-helpers 35ms (cache hit)
282 silly packumentCache full:https://registry.npmjs.org/@astrojs%2finternal-helpers set size:97382 disposed:false
283 http cache https://registry.npmjs.org/css-line-break 32ms (cache hit)
284 silly packumentCache full:https://registry.npmjs.org/css-line-break set size:33209 disposed:false
285 http cache https://registry.npmjs.org/deterministic-object-hash 34ms (cache hit)
286 silly packumentCache full:https://registry.npmjs.org/deterministic-object-hash set size:26336 disposed:false
287 http cache https://registry.npmjs.org/package-manager-detector 38ms (cache hit)
288 silly packumentCache full:https://registry.npmjs.org/package-manager-detector set size:71217 disposed:false
289 http cache https://registry.npmjs.org/sharp 35ms (cache hit)
290 silly packumentCache full:https://registry.npmjs.org/sharp set size:1221057 disposed:false
291 http cache https://registry.npmjs.org/text-segmentation 41ms (cache hit)
292 silly packumentCache full:https://registry.npmjs.org/text-segmentation set size:15383 disposed:false
293 silly fetch manifest @types/node@^18.0.0 || ^20.0.0 || >=22.0.0
294 silly packumentCache full:https://registry.npmjs.org/@types%2fnode cache-miss
295 http cache https://registry.npmjs.org/@types%2fnode 18ms (cache hit)
296 silly packumentCache full:https://registry.npmjs.org/@types%2fnode set size:11136520 disposed:false
297 silly fetch manifest jiti@>=1.21.0
298 silly packumentCache full:https://registry.npmjs.org/jiti cache-miss
299 http cache https://registry.npmjs.org/jiti 9ms (cache hit)
300 silly packumentCache full:https://registry.npmjs.org/jiti set size:387989 disposed:false
301 silly fetch manifest less@*
302 silly packumentCache full:https://registry.npmjs.org/less cache-miss
303 http cache https://registry.npmjs.org/less 5ms (cache hit)
304 silly packumentCache full:https://registry.npmjs.org/less set size:544331 disposed:false
305 silly fetch manifest lightningcss@^1.21.0
306 silly packumentCache full:https://registry.npmjs.org/lightningcss cache-miss
307 http cache https://registry.npmjs.org/lightningcss 3ms (cache hit)
308 silly packumentCache full:https://registry.npmjs.org/lightningcss set size:191065 disposed:false
309 silly fetch manifest sass@*
310 silly packumentCache full:https://registry.npmjs.org/sass cache-miss
311 http cache https://registry.npmjs.org/sass 6ms (cache hit)
312 silly packumentCache full:https://registry.npmjs.org/sass set size:752288 disposed:false
313 silly fetch manifest sass-embedded@*
314 silly packumentCache full:https://registry.npmjs.org/sass-embedded cache-miss
315 http cache https://registry.npmjs.org/sass-embedded 6ms (cache hit)
316 silly packumentCache full:https://registry.npmjs.org/sass-embedded set size:437108 disposed:false
317 silly fetch manifest stylus@*
318 silly packumentCache full:https://registry.npmjs.org/stylus cache-miss
319 http cache https://registry.npmjs.org/stylus 4ms (cache hit)
320 silly packumentCache full:https://registry.npmjs.org/stylus set size:286766 disposed:false
321 silly fetch manifest sugarss@*
322 silly packumentCache full:https://registry.npmjs.org/sugarss cache-miss
323 http cache https://registry.npmjs.org/sugarss 3ms (cache hit)
324 silly packumentCache full:https://registry.npmjs.org/sugarss set size:44975 disposed:false
325 silly fetch manifest postcss@^8.3.3
326 silly packumentCache full:https://registry.npmjs.org/postcss cache-miss
327 http cache https://registry.npmjs.org/postcss 4ms (cache hit)
328 silly packumentCache full:https://registry.npmjs.org/postcss set size:766699 disposed:false
329 silly fetch manifest terser@^5.16.0
330 silly packumentCache full:https://registry.npmjs.org/terser cache-miss
331 http cache https://registry.npmjs.org/terser 5ms (cache hit)
332 silly packumentCache full:https://registry.npmjs.org/terser set size:827672 disposed:false
333 silly fetch manifest tsx@^4.8.1
334 silly packumentCache full:https://registry.npmjs.org/tsx cache-miss
335 http cache https://registry.npmjs.org/tsx 8ms (cache hit)
336 silly packumentCache full:https://registry.npmjs.org/tsx set size:344351 disposed:false
337 silly fetch manifest yaml@^2.4.2
338 silly packumentCache full:https://registry.npmjs.org/yaml cache-miss
339 http cache https://registry.npmjs.org/yaml 5ms (cache hit)
340 silly packumentCache full:https://registry.npmjs.org/yaml set size:386415 disposed:false
341 silly fetch manifest typescript@^5.0.0
342 silly packumentCache full:https://registry.npmjs.org/typescript cache-miss
343 http cache https://registry.npmjs.org/typescript 25ms (cache hit)
344 silly packumentCache full:https://registry.npmjs.org/typescript set size:15681400 disposed:false
345 silly fetch manifest @azure/app-configuration@^1.8.0
346 silly packumentCache full:https://registry.npmjs.org/@azure%2fapp-configuration cache-miss
347 http cache https://registry.npmjs.org/@azure%2fapp-configuration 8ms (cache hit)
348 silly packumentCache full:https://registry.npmjs.org/@azure%2fapp-configuration set size:4264111 disposed:false
349 silly fetch manifest @azure/cosmos@^4.2.0
350 silly packumentCache full:https://registry.npmjs.org/@azure%2fcosmos cache-miss
351 http cache https://registry.npmjs.org/@azure%2fcosmos 17ms (cache hit)
352 silly packumentCache full:https://registry.npmjs.org/@azure%2fcosmos set size:6956705 disposed:false
353 silly fetch manifest @azure/data-tables@^13.3.0
354 silly packumentCache full:https://registry.npmjs.org/@azure%2fdata-tables cache-miss
355 http cache https://registry.npmjs.org/@azure%2fdata-tables 8ms (cache hit)
356 silly packumentCache full:https://registry.npmjs.org/@azure%2fdata-tables set size:3655328 disposed:false
357 silly fetch manifest @azure/identity@^4.6.0
358 silly packumentCache full:https://registry.npmjs.org/@azure%2fidentity cache-miss
359 http cache https://registry.npmjs.org/@azure%2fidentity 14ms (cache hit)
360 silly packumentCache full:https://registry.npmjs.org/@azure%2fidentity set size:6103443 disposed:false
361 silly fetch manifest @azure/keyvault-secrets@^4.9.0
362 silly packumentCache full:https://registry.npmjs.org/@azure%2fkeyvault-secrets cache-miss
363 http cache https://registry.npmjs.org/@azure%2fkeyvault-secrets 9ms (cache hit)
364 silly packumentCache full:https://registry.npmjs.org/@azure%2fkeyvault-secrets set size:4226133 disposed:false
365 silly fetch manifest @azure/storage-blob@^12.26.0
366 silly packumentCache full:https://registry.npmjs.org/@azure%2fstorage-blob cache-miss
367 http cache https://registry.npmjs.org/@azure%2fstorage-blob 14ms (cache hit)
368 silly packumentCache full:https://registry.npmjs.org/@azure%2fstorage-blob set size:4730988 disposed:false
369 silly fetch manifest @capacitor/preferences@^6 || ^7 || ^8
370 silly packumentCache full:https://registry.npmjs.org/@capacitor%2fpreferences cache-miss
371 http cache https://registry.npmjs.org/@capacitor%2fpreferences 11ms (cache hit)
372 silly packumentCache full:https://registry.npmjs.org/@capacitor%2fpreferences set size:4931352 disposed:false
373 silly fetch manifest @capacitor/core@>=8.0.0
374 silly packumentCache full:https://registry.npmjs.org/@capacitor%2fcore cache-miss
375 http cache https://registry.npmjs.org/@capacitor%2fcore 9ms (cache hit)
376 silly packumentCache full:https://registry.npmjs.org/@capacitor%2fcore set size:4831405 disposed:false
377 silly fetch manifest @deno/kv@>=0.9.0
378 silly packumentCache full:https://registry.npmjs.org/@deno%2fkv cache-miss
379 http cache https://registry.npmjs.org/@deno%2fkv 3ms (cache hit)
380 silly packumentCache full:https://registry.npmjs.org/@deno%2fkv set size:37246 disposed:false
381 silly fetch manifest @netlify/blobs@^6.5.0 || ^7.0.0 || ^8.1.0 || ^9.0.0 || ^10.0.0
382 silly packumentCache full:https://registry.npmjs.org/@netlify%2fblobs cache-miss
383 http cache https://registry.npmjs.org/@netlify%2fblobs 4ms (cache hit)
384 silly packumentCache full:https://registry.npmjs.org/@netlify%2fblobs set size:447143 disposed:false
385 silly fetch manifest @planetscale/database@^1.19.0
386 silly packumentCache full:https://registry.npmjs.org/@planetscale%2fdatabase cache-miss
387 http cache https://registry.npmjs.org/@planetscale%2fdatabase 3ms (cache hit)
388 silly packumentCache full:https://registry.npmjs.org/@planetscale%2fdatabase set size:131439 disposed:false
389 silly fetch manifest @upstash/redis@^1.34.3
390 silly packumentCache full:https://registry.npmjs.org/@upstash%2fredis cache-miss
391 http cache https://registry.npmjs.org/@upstash%2fredis 9ms (cache hit)
392 silly packumentCache full:https://registry.npmjs.org/@upstash%2fredis set size:3983713 disposed:false
393 silly fetch manifest @vercel/blob@>=0.27.1
394 silly packumentCache full:https://registry.npmjs.org/@vercel%2fblob cache-miss
395 http cache https://registry.npmjs.org/@vercel%2fblob 9ms (cache hit)
396 silly packumentCache full:https://registry.npmjs.org/@vercel%2fblob set size:1054009 disposed:false
397 silly fetch manifest @vercel/functions@^2.2.12 || ^3.0.0
398 silly packumentCache full:https://registry.npmjs.org/@vercel%2ffunctions cache-miss
399 http cache https://registry.npmjs.org/@vercel%2ffunctions 3ms (cache hit)
400 silly packumentCache full:https://registry.npmjs.org/@vercel%2ffunctions set size:255294 disposed:false
401 silly fetch manifest @aws-sdk/credential-provider-web-identity@*
402 silly packumentCache full:https://registry.npmjs.org/@aws-sdk%2fcredential-provider-web-identity cache-miss
403 http cache https://registry.npmjs.org/@aws-sdk%2fcredential-provider-web-identity 5ms (cache hit)
404 silly packumentCache full:https://registry.npmjs.org/@aws-sdk%2fcredential-provider-web-identity set size:1061783 disposed:false
405 silly fetch manifest ws@>=8
406 silly packumentCache full:https://registry.npmjs.org/ws cache-miss
407 http cache https://registry.npmjs.org/ws 4ms (cache hit)
408 silly packumentCache full:https://registry.npmjs.org/ws set size:447661 disposed:false
409 silly fetch manifest bufferutil@^4.0.1
410 silly packumentCache full:https://registry.npmjs.org/bufferutil cache-miss
411 http cache https://registry.npmjs.org/bufferutil 3ms (cache hit)
412 silly packumentCache full:https://registry.npmjs.org/bufferutil set size:52668 disposed:false
413 silly fetch manifest utf-8-validate@>=5.0.2
414 silly packumentCache full:https://registry.npmjs.org/utf-8-validate cache-miss
415 http cache https://registry.npmjs.org/utf-8-validate 4ms (cache hit)
416 silly packumentCache full:https://registry.npmjs.org/utf-8-validate set size:77012 disposed:false
417 silly fetch manifest @vercel/kv@^1 || ^2 || ^3
418 silly packumentCache full:https://registry.npmjs.org/@vercel%2fkv cache-miss
419 http cache https://registry.npmjs.org/@vercel%2fkv 3ms (cache hit)
420 silly packumentCache full:https://registry.npmjs.org/@vercel%2fkv set size:112611 disposed:false
421 silly fetch manifest aws4fetch@^1.0.20
422 silly packumentCache full:https://registry.npmjs.org/aws4fetch cache-miss
423 http cache https://registry.npmjs.org/aws4fetch 3ms (cache hit)
424 silly packumentCache full:https://registry.npmjs.org/aws4fetch set size:75112 disposed:false
425 silly fetch manifest db0@>=0.2.1
426 silly packumentCache full:https://registry.npmjs.org/db0 cache-miss
427 http cache https://registry.npmjs.org/db0 3ms (cache hit)
428 silly packumentCache full:https://registry.npmjs.org/db0 set size:77956 disposed:false
429 silly fetch manifest idb-keyval@^6.2.1
430 silly packumentCache full:https://registry.npmjs.org/idb-keyval cache-miss
431 http cache https://registry.npmjs.org/idb-keyval 3ms (cache hit)
432 silly packumentCache full:https://registry.npmjs.org/idb-keyval set size:140904 disposed:false
433 silly fetch manifest ioredis@^5.4.2
434 silly packumentCache full:https://registry.npmjs.org/ioredis cache-miss
435 http cache https://registry.npmjs.org/ioredis 5ms (cache hit)
436 silly packumentCache full:https://registry.npmjs.org/ioredis set size:859203 disposed:false
437 silly fetch manifest uploadthing@^7.4.4
438 silly packumentCache full:https://registry.npmjs.org/uploadthing cache-miss
439 http cache https://registry.npmjs.org/uploadthing 6ms (cache hit)
440 silly packumentCache full:https://registry.npmjs.org/uploadthing set size:1017149 disposed:false
441 silly fetch manifest express@*
442 silly packumentCache full:https://registry.npmjs.org/express cache-miss
443 http cache https://registry.npmjs.org/express 6ms (cache hit)
444 silly packumentCache full:https://registry.npmjs.org/express set size:808956 disposed:false
445 silly fetch manifest h3@*
446 silly packumentCache full:https://registry.npmjs.org/h3 cache-miss
447 http cache https://registry.npmjs.org/h3 3ms (cache hit)
448 silly packumentCache full:https://registry.npmjs.org/h3 set size:491457 disposed:false
449 silly fetch manifest crossws@^0.4.12
450 silly packumentCache full:https://registry.npmjs.org/crossws cache-miss
451 http cache https://registry.npmjs.org/crossws 4ms (cache hit)
452 silly packumentCache full:https://registry.npmjs.org/crossws set size:120040 disposed:false
453 silly fetch manifest srvx@>=0.11.5
454 silly packumentCache full:https://registry.npmjs.org/srvx cache-miss
455 http cache https://registry.npmjs.org/srvx 4ms (cache hit)
456 silly packumentCache full:https://registry.npmjs.org/srvx set size:327556 disposed:false
457 silly fetch manifest ocache@>=0.3.0
458 silly packumentCache full:https://registry.npmjs.org/ocache cache-miss
459 http cache https://registry.npmjs.org/ocache 3ms (cache hit)
460 silly packumentCache full:https://registry.npmjs.org/ocache set size:27860 disposed:false
461 silly fetch manifest tailwindcss@^3.0.0 || ^4.0.0-beta.0
462 silly packumentCache full:https://registry.npmjs.org/tailwindcss cache-miss
463 http cache https://registry.npmjs.org/tailwindcss 19ms (cache hit)
464 silly packumentCache full:https://registry.npmjs.org/tailwindcss set size:10879261 disposed:false
465 silly fetch manifest typescript@^4.9.4 || ^5.0.2
466 silly packumentCache full:https://registry.npmjs.org/typescript cache-miss
467 http cache https://registry.npmjs.org/typescript 23ms (cache hit)
468 silly packumentCache full:https://registry.npmjs.org/typescript set size:15681400 disposed:false
469 silly fetch manifest rollup@^1.20.0||^2.0.0||^3.0.0||^4.0.0
470 silly packumentCache full:https://registry.npmjs.org/rollup cache-miss
471 http cache https://registry.npmjs.org/rollup 13ms (cache hit)
472 silly packumentCache full:https://registry.npmjs.org/rollup set size:6340761 disposed:false
473 silly placeDep ROOT @astrojs/compiler@2.13.1 OK for: astro@5.18.2 want: ^2.13.0
474 silly placeDep ROOT @astrojs/internal-helpers@0.7.6 OK for: astro@5.18.2 want: 0.7.6
475 silly placeDep ROOT @astrojs/markdown-remark@6.3.11 OK for: astro@5.18.2 want: 6.3.11
476 silly placeDep ROOT @astrojs/telemetry@3.3.0 OK for: astro@5.18.2 want: 3.3.0
477 silly placeDep ROOT @capsizecss/unpack@4.0.1 OK for: astro@5.18.2 want: ^4.0.0
478 silly placeDep ROOT @oslojs/encoding@1.1.0 OK for: astro@5.18.2 want: ^1.1.0
479 silly placeDep ROOT @rollup/pluginutils@5.4.0 OK for: astro@5.18.2 want: ^5.3.0
480 silly placeDep ROOT acorn@8.18.0 OK for: astro@5.18.2 want: ^8.15.0
481 silly placeDep ROOT aria-query@5.3.2 OK for: astro@5.18.2 want: ^5.3.2
482 silly placeDep ROOT axobject-query@4.1.0 OK for: astro@5.18.2 want: ^4.1.0
483 silly placeDep ROOT boxen@8.0.1 OK for: astro@5.18.2 want: 8.0.1
484 silly placeDep ROOT ci-info@4.4.0 OK for: astro@5.18.2 want: ^4.3.1
485 silly placeDep ROOT clsx@2.1.1 OK for: astro@5.18.2 want: ^2.1.1
486 silly placeDep ROOT common-ancestor-path@1.0.1 OK for: astro@5.18.2 want: ^1.0.1
487 silly placeDep ROOT cookie@1.1.1 OK for: astro@5.18.2 want: ^1.1.1
488 silly placeDep ROOT cssesc@3.0.0 OK for: astro@5.18.2 want: ^3.0.0
489 silly placeDep ROOT debug@4.4.3 OK for: astro@5.18.2 want: ^4.4.3
490 silly placeDep ROOT deterministic-object-hash@2.0.2 OK for: astro@5.18.2 want: ^2.0.2
491 silly placeDep ROOT devalue@5.9.2 OK for: astro@5.18.2 want: ^5.6.2
492 silly placeDep ROOT diff@8.0.4 OK for: astro@5.18.2 want: ^8.0.3
493 silly placeDep ROOT dlv@1.1.3 OK for: astro@5.18.2 want: ^1.1.3
494 silly placeDep ROOT dset@3.1.4 OK for: astro@5.18.2 want: ^3.1.4
495 silly placeDep ROOT es-module-lexer@1.7.0 OK for: astro@5.18.2 want: ^1.7.0
496 silly placeDep ROOT esbuild@0.27.7 OK for: astro@5.18.2 want: ^0.27.3
497 silly placeDep ROOT estree-walker@3.0.3 OK for: astro@5.18.2 want: ^3.0.3
498 silly placeDep ROOT flattie@1.1.1 OK for: astro@5.18.2 want: ^1.1.1
499 silly placeDep ROOT fontace@0.4.1 OK for: astro@5.18.2 want: ~0.4.0
500 silly placeDep ROOT github-slugger@2.0.0 OK for: astro@5.18.2 want: ^2.0.0
501 silly placeDep ROOT html-escaper@3.0.3 OK for: astro@5.18.2 want: 3.0.3
502 silly placeDep ROOT http-cache-semantics@4.2.0 OK for: astro@5.18.2 want: ^4.2.0
503 silly placeDep ROOT import-meta-resolve@4.2.0 OK for: astro@5.18.2 want: ^4.2.0
504 silly placeDep ROOT js-yaml@4.3.2 OK for: astro@5.18.2 want: ^4.1.1
505 silly placeDep ROOT magic-string@0.30.21 OK for: astro@5.18.2 want: ^0.30.21
506 silly placeDep ROOT magicast@0.5.5 OK for: astro@5.18.2 want: ^0.5.1
507 silly placeDep ROOT mrmime@2.0.1 OK for: astro@5.18.2 want: ^2.0.1
508 silly placeDep ROOT neotraverse@0.6.18 OK for: astro@5.18.2 want: ^0.6.18
509 silly placeDep ROOT p-limit@6.2.0 OK for: astro@5.18.2 want: ^6.2.0
510 silly placeDep ROOT p-queue@8.1.1 OK for: astro@5.18.2 want: ^8.1.1
511 silly placeDep ROOT package-manager-detector@1.8.0 OK for: astro@5.18.2 want: ^1.6.0
512 silly placeDep ROOT piccolore@0.1.3 OK for: astro@5.18.2 want: ^0.1.3
513 silly placeDep ROOT picomatch@4.0.7 OK for: astro@5.18.2 want: ^4.0.3
514 silly placeDep ROOT prompts@2.4.2 OK for: astro@5.18.2 want: ^2.4.2
515 silly placeDep ROOT rehype@13.0.2 OK for: astro@5.18.2 want: ^13.0.2
516 silly placeDep ROOT semver@7.8.5 OK for: astro@5.18.2 want: ^7.7.3
517 silly placeDep ROOT sharp@0.34.5 OK for: astro@5.18.2 want: ^0.34.0
518 silly placeDep ROOT shiki@3.23.0 OK for: astro@5.18.2 want: ^3.21.0
519 silly placeDep ROOT smol-toml@1.8.0 OK for: astro@5.18.2 want: ^1.6.0
520 silly placeDep ROOT svgo@4.1.0 OK for: astro@5.18.2 want: ^4.0.0
521 silly placeDep ROOT tinyexec@1.3.1 OK for: astro@5.18.2 want: ^1.0.2
522 silly placeDep ROOT tinyglobby@0.2.17 OK for: astro@5.18.2 want: ^0.2.15
523 silly placeDep ROOT tsconfck@3.1.6 OK for: astro@5.18.2 want: ^3.1.6
524 silly placeDep ROOT ultrahtml@1.7.0 OK for: astro@5.18.2 want: ^1.6.0
525 silly placeDep ROOT unifont@0.7.5 OK for: astro@5.18.2 want: ~0.7.3
526 silly placeDep ROOT unist-util-visit@5.1.0 OK for: astro@5.18.2 want: ^5.0.0
527 silly placeDep ROOT unstorage@1.17.5 OK for: astro@5.18.2 want: ^1.17.4
528 silly placeDep ROOT vfile@6.0.3 OK for: astro@5.18.2 want: ^6.0.3
529 silly placeDep ROOT vite@6.4.3 OK for: astro@5.18.2 want: ^6.4.1
530 silly placeDep ROOT vitefu@1.1.3 OK for: astro@5.18.2 want: ^1.1.1
531 silly placeDep ROOT xxhash-wasm@1.1.0 OK for: astro@5.18.2 want: ^1.1.0
532 silly placeDep ROOT yargs-parser@21.1.1 OK for: astro@5.18.2 want: ^21.1.1
533 silly placeDep ROOT yocto-spinner@0.2.3 OK for: astro@5.18.2 want: ^0.2.3
534 silly placeDep ROOT zod@3.25.76 OK for: astro@5.18.2 want: ^3.25.76
535 silly placeDep ROOT zod-to-json-schema@3.25.2 OK for: astro@5.18.2 want: ^3.25.1
536 silly placeDep ROOT zod-to-ts@1.2.0 OK for: astro@5.18.2 want: ^1.2.0
537 silly fetch manifest unified@^11.0.5
538 silly packumentCache full:https://registry.npmjs.org/unified cache-miss
539 silly fetch manifest rehype-raw@^7.0.0
540 silly packumentCache full:https://registry.npmjs.org/rehype-raw cache-miss
541 silly fetch manifest remark-gfm@^4.0.1
542 silly packumentCache full:https://registry.npmjs.org/remark-gfm cache-miss
543 silly fetch manifest remark-parse@^11.0.0
544 silly packumentCache full:https://registry.npmjs.org/remark-parse cache-miss
545 silly fetch manifest remark-rehype@^11.1.2
546 silly packumentCache full:https://registry.npmjs.org/remark-rehype cache-miss
547 silly fetch manifest @astrojs/prism@3.3.0
548 silly packumentCache full:https://registry.npmjs.org/@astrojs%2fprism cache-miss
549 silly fetch manifest rehype-stringify@^10.0.1
550 silly packumentCache full:https://registry.npmjs.org/rehype-stringify cache-miss
551 silly fetch manifest hast-util-to-text@^4.0.2
552 silly packumentCache full:https://registry.npmjs.org/hast-util-to-text cache-miss
553 silly fetch manifest remark-smartypants@^3.0.2
554 silly packumentCache full:https://registry.npmjs.org/remark-smartypants cache-miss
555 silly fetch manifest hast-util-from-html@^2.0.3
556 silly packumentCache full:https://registry.npmjs.org/hast-util-from-html cache-miss
557 silly fetch manifest mdast-util-definitions@^6.0.0
558 silly packumentCache full:https://registry.npmjs.org/mdast-util-definitions cache-miss
559 silly fetch manifest unist-util-visit-parents@^6.0.2
560 silly packumentCache full:https://registry.npmjs.org/unist-util-visit-parents cache-miss
561 silly fetch manifest unist-util-remove-position@^5.0.0
562 silly packumentCache full:https://registry.npmjs.org/unist-util-remove-position cache-miss
563 silly fetch manifest debug@^4.4.0
564 silly packumentCache full:https://registry.npmjs.org/debug cache-hit
565 silly fetch manifest is-wsl@^3.1.0
566 silly packumentCache full:https://registry.npmjs.org/is-wsl cache-miss
567 silly fetch manifest ci-info@^4.2.0
568 silly packumentCache full:https://registry.npmjs.org/ci-info cache-hit
569 silly fetch manifest is-docker@^3.0.0
570 silly packumentCache full:https://registry.npmjs.org/is-docker cache-miss
571 http cache https://registry.npmjs.org/unified 17ms (cache hit)
572 silly packumentCache full:https://registry.npmjs.org/unified set size:321787 disposed:false
573 silly fetch manifest which-pm-runs@^1.1.0
574 silly packumentCache full:https://registry.npmjs.org/which-pm-runs cache-miss
575 http cache https://registry.npmjs.org/remark-gfm 20ms (cache hit)
576 silly packumentCache full:https://registry.npmjs.org/remark-gfm set size:38012 disposed:false
577 silly fetch manifest fontkitten@^1.0.3
578 silly packumentCache full:https://registry.npmjs.org/fontkitten cache-miss
579 http cache https://registry.npmjs.org/rehype-raw 22ms (cache hit)
580 silly packumentCache full:https://registry.npmjs.org/rehype-raw set size:48927 disposed:false
581 silly fetch manifest @types/estree@^1.0.0
582 silly packumentCache full:https://registry.npmjs.org/@types%2festree cache-miss
583 http cache https://registry.npmjs.org/remark-rehype 23ms (cache hit)
584 silly packumentCache full:https://registry.npmjs.org/remark-rehype set size:110976 disposed:false
585 silly fetch manifest estree-walker@^2.0.2
586 silly packumentCache full:https://registry.npmjs.org/estree-walker cache-hit
587 silly fetch manifest picomatch@^4.0.2
588 silly packumentCache full:https://registry.npmjs.org/picomatch cache-hit
589 silly fetch manifest ansi-align@^3.0.1
590 silly packumentCache full:https://registry.npmjs.org/ansi-align cache-miss
591 http cache https://registry.npmjs.org/hast-util-to-text 23ms (cache hit)
592 silly packumentCache full:https://registry.npmjs.org/hast-util-to-text set size:48340 disposed:false
593 silly fetch manifest camelcase@^8.0.0
594 silly packumentCache full:https://registry.npmjs.org/camelcase cache-miss
595 http cache https://registry.npmjs.org/@astrojs%2fprism 24ms (cache hit)
596 silly packumentCache full:https://registry.npmjs.org/@astrojs%2fprism set size:112205 disposed:false
597 silly fetch manifest chalk@^5.3.0
598 silly packumentCache full:https://registry.npmjs.org/chalk cache-miss
599 http cache https://registry.npmjs.org/remark-parse 26ms (cache hit)
600 silly packumentCache full:https://registry.npmjs.org/remark-parse set size:109831 disposed:false
601 silly fetch manifest cli-boxes@^3.0.0
602 silly packumentCache full:https://registry.npmjs.org/cli-boxes cache-miss
603 http cache https://registry.npmjs.org/rehype-stringify 27ms (cache hit)
604 silly packumentCache full:https://registry.npmjs.org/rehype-stringify set size:58160 disposed:false
605 silly fetch manifest string-width@^7.2.0
606 silly packumentCache full:https://registry.npmjs.org/string-width cache-miss
607 http cache https://registry.npmjs.org/remark-smartypants 28ms (cache hit)
608 silly packumentCache full:https://registry.npmjs.org/remark-smartypants set size:15829 disposed:false
609 silly fetch manifest type-fest@^4.21.0
610 silly packumentCache full:https://registry.npmjs.org/type-fest cache-miss
611 http cache https://registry.npmjs.org/hast-util-from-html 28ms (cache hit)
612 silly packumentCache full:https://registry.npmjs.org/hast-util-from-html set size:57892 disposed:false
613 silly fetch manifest widest-line@^5.0.0
614 silly packumentCache full:https://registry.npmjs.org/widest-line cache-miss
615 http cache https://registry.npmjs.org/mdast-util-definitions 29ms (cache hit)
616 silly packumentCache full:https://registry.npmjs.org/mdast-util-definitions set size:71090 disposed:false
617 silly fetch manifest wrap-ansi@^9.0.0
618 silly packumentCache full:https://registry.npmjs.org/wrap-ansi cache-miss
619 http cache https://registry.npmjs.org/is-wsl 29ms (cache hit)
620 silly packumentCache full:https://registry.npmjs.org/is-wsl set size:20683 disposed:false
621 silly fetch manifest ms@^2.1.3
622 silly packumentCache full:https://registry.npmjs.org/ms cache-miss
623 http cache https://registry.npmjs.org/unist-util-remove-position 31ms (cache hit)
624 silly packumentCache full:https://registry.npmjs.org/unist-util-remove-position set size:52307 disposed:false
625 silly fetch manifest base-64@^1.0.0
626 silly packumentCache full:https://registry.npmjs.org/base-64 cache-miss
627 http cache https://registry.npmjs.org/unist-util-visit-parents 32ms (cache hit)
628 silly packumentCache full:https://registry.npmjs.org/unist-util-visit-parents set size:103476 disposed:false
629 silly fetch manifest @esbuild/aix-ppc64@0.27.7
630 silly packumentCache full:https://registry.npmjs.org/@esbuild%2faix-ppc64 cache-miss
631 http cache https://registry.npmjs.org/is-docker 32ms (cache hit)
632 silly packumentCache full:https://registry.npmjs.org/is-docker set size:23690 disposed:false
633 silly fetch manifest @esbuild/linux-arm@0.27.7
634 silly packumentCache full:https://registry.npmjs.org/@esbuild%2flinux-arm cache-miss
635 http cache https://registry.npmjs.org/@types%2festree 28ms (cache hit)
636 silly packumentCache full:https://registry.npmjs.org/@types%2festree set size:76072 disposed:false
637 silly fetch manifest @esbuild/linux-x64@0.27.7
638 silly packumentCache full:https://registry.npmjs.org/@esbuild%2flinux-x64 cache-miss
639 http cache https://registry.npmjs.org/which-pm-runs 31ms (cache hit)
640 silly packumentCache full:https://registry.npmjs.org/which-pm-runs set size:6553 disposed:false
641 silly fetch manifest @esbuild/sunos-x64@0.27.7
642 silly packumentCache full:https://registry.npmjs.org/@esbuild%2fsunos-x64 cache-miss
643 http cache https://registry.npmjs.org/ansi-align 28ms (cache hit)
644 silly packumentCache full:https://registry.npmjs.org/ansi-align set size:13890 disposed:false
645 silly fetch manifest @esbuild/win32-x64@0.27.7
646 silly packumentCache full:https://registry.npmjs.org/@esbuild%2fwin32-x64 cache-miss
647 http cache https://registry.npmjs.org/fontkitten 32ms (cache hit)
648 silly packumentCache full:https://registry.npmjs.org/fontkitten set size:43549 disposed:false
649 silly fetch manifest @esbuild/darwin-x64@0.27.7
650 silly packumentCache full:https://registry.npmjs.org/@esbuild%2fdarwin-x64 cache-miss
651 http cache https://registry.npmjs.org/cli-boxes 27ms (cache hit)
652 silly packumentCache full:https://registry.npmjs.org/cli-boxes set size:19853 disposed:false
653 silly fetch manifest @esbuild/linux-ia32@0.27.7
654 silly packumentCache full:https://registry.npmjs.org/@esbuild%2flinux-ia32 cache-miss
655 http cache https://registry.npmjs.org/camelcase 29ms (cache hit)
656 silly packumentCache full:https://registry.npmjs.org/camelcase set size:60255 disposed:false
657 silly fetch manifest @esbuild/netbsd-x64@0.27.7
658 silly packumentCache full:https://registry.npmjs.org/@esbuild%2fnetbsd-x64 cache-miss
659 http cache https://registry.npmjs.org/chalk 29ms (cache hit)
660 silly packumentCache full:https://registry.npmjs.org/chalk set size:134775 disposed:false
661 silly fetch manifest @esbuild/win32-ia32@0.27.7
662 silly packumentCache full:https://registry.npmjs.org/@esbuild%2fwin32-ia32 cache-miss
663 http cache https://registry.npmjs.org/string-width 29ms (cache hit)
664 silly packumentCache full:https://registry.npmjs.org/string-width set size:72458 disposed:false
665 silly fetch manifest @esbuild/android-arm@0.27.7
666 silly packumentCache full:https://registry.npmjs.org/@esbuild%2fandroid-arm cache-miss
667 http cache https://registry.npmjs.org/type-fest 30ms (cache hit)
668 silly packumentCache full:https://registry.npmjs.org/type-fest set size:568986 disposed:false
669 silly fetch manifest @esbuild/android-x64@0.27.7
670 silly packumentCache full:https://registry.npmjs.org/@esbuild%2fandroid-x64 cache-miss
671 http cache https://registry.npmjs.org/widest-line 34ms (cache hit)
672 silly packumentCache full:https://registry.npmjs.org/widest-line set size:23158 disposed:false
673 silly fetch manifest @esbuild/freebsd-x64@0.27.7
674 silly packumentCache full:https://registry.npmjs.org/@esbuild%2ffreebsd-x64 cache-miss
675 http cache https://registry.npmjs.org/wrap-ansi 33ms (cache hit)
676 silly packumentCache full:https://registry.npmjs.org/wrap-ansi set size:57461 disposed:false
677 silly fetch manifest @esbuild/linux-arm64@0.27.7
678 silly packumentCache full:https://registry.npmjs.org/@esbuild%2flinux-arm64 cache-miss
679 http cache https://registry.npmjs.org/ms 33ms (cache hit)
680 silly packumentCache full:https://registry.npmjs.org/ms set size:92208 disposed:false
681 silly fetch manifest @esbuild/linux-ppc64@0.27.7
682 silly packumentCache full:https://registry.npmjs.org/@esbuild%2flinux-ppc64 cache-miss
683 http cache https://registry.npmjs.org/base-64 33ms (cache hit)
684 silly packumentCache full:https://registry.npmjs.org/base-64 set size:9298 disposed:false
685 silly fetch manifest @esbuild/linux-s390x@0.27.7
686 silly packumentCache full:https://registry.npmjs.org/@esbuild%2flinux-s390x cache-miss
687 http cache https://registry.npmjs.org/@esbuild%2flinux-arm 31ms (cache hit)
688 silly packumentCache full:https://registry.npmjs.org/@esbuild%2flinux-arm set size:198596 disposed:false
689 silly fetch manifest @esbuild/openbsd-x64@0.27.7
690 silly packumentCache full:https://registry.npmjs.org/@esbuild%2fopenbsd-x64 cache-miss
691 http cache https://registry.npmjs.org/@esbuild%2faix-ppc64 34ms (cache hit)
692 silly packumentCache full:https://registry.npmjs.org/@esbuild%2faix-ppc64 set size:67797 disposed:false
693 silly fetch manifest @esbuild/win32-arm64@0.27.7
694 silly packumentCache full:https://registry.npmjs.org/@esbuild%2fwin32-arm64 cache-miss
695 http cache https://registry.npmjs.org/@esbuild%2flinux-x64 30ms (cache hit)
696 silly packumentCache full:https://registry.npmjs.org/@esbuild%2flinux-x64 set size:198942 disposed:false
697 silly fetch manifest @esbuild/darwin-arm64@0.27.7
698 silly packumentCache full:https://registry.npmjs.org/@esbuild%2fdarwin-arm64 cache-miss
699 http cache https://registry.npmjs.org/@esbuild%2fdarwin-x64 30ms (cache hit)
700 silly packumentCache full:https://registry.npmjs.org/@esbuild%2fdarwin-x64 set size:199670 disposed:false
701 silly fetch manifest @esbuild/netbsd-arm64@0.27.7
702 silly packumentCache full:https://registry.npmjs.org/@esbuild%2fnetbsd-arm64 cache-miss
703 http cache https://registry.npmjs.org/@esbuild%2fwin32-x64 33ms (cache hit)
704 silly packumentCache full:https://registry.npmjs.org/@esbuild%2fwin32-x64 set size:197540 disposed:false
705 silly fetch manifest @esbuild/android-arm64@0.27.7
706 silly packumentCache full:https://registry.npmjs.org/@esbuild%2fandroid-arm64 cache-miss
707 http cache https://registry.npmjs.org/@esbuild%2flinux-ia32 32ms (cache hit)
708 silly packumentCache full:https://registry.npmjs.org/@esbuild%2flinux-ia32 set size:199625 disposed:false
709 silly fetch manifest @esbuild/freebsd-arm64@0.27.7
710 silly packumentCache full:https://registry.npmjs.org/@esbuild%2ffreebsd-arm64 cache-miss
711 http cache https://registry.npmjs.org/@esbuild%2fnetbsd-x64 33ms (cache hit)
712 silly packumentCache full:https://registry.npmjs.org/@esbuild%2fnetbsd-x64 set size:197314 disposed:false
713 silly fetch manifest @esbuild/linux-loong64@0.27.7
714 silly packumentCache full:https://registry.npmjs.org/@esbuild%2flinux-loong64 cache-miss
715 http cache https://registry.npmjs.org/@esbuild%2fsunos-x64 39ms (cache hit)
716 silly packumentCache full:https://registry.npmjs.org/@esbuild%2fsunos-x64 set size:199187 disposed:false
717 silly fetch manifest @esbuild/linux-riscv64@0.27.7
718 silly packumentCache full:https://registry.npmjs.org/@esbuild%2flinux-riscv64 cache-miss
719 http cache https://registry.npmjs.org/@esbuild%2fwin32-ia32 35ms (cache hit)
720 silly packumentCache full:https://registry.npmjs.org/@esbuild%2fwin32-ia32 set size:199854 disposed:false
721 silly fetch manifest @esbuild/openbsd-arm64@0.27.7
722 silly packumentCache full:https://registry.npmjs.org/@esbuild%2fopenbsd-arm64 cache-miss
723 http cache https://registry.npmjs.org/@esbuild%2fandroid-x64 30ms (cache hit)
724 silly packumentCache full:https://registry.npmjs.org/@esbuild%2fandroid-x64 set size:199017 disposed:false
725 silly fetch manifest @esbuild/linux-mips64el@0.27.7
726 silly packumentCache full:https://registry.npmjs.org/@esbuild%2flinux-mips64el cache-miss
727 http cache https://registry.npmjs.org/@esbuild%2ffreebsd-x64 33ms (cache hit)
728 silly packumentCache full:https://registry.npmjs.org/@esbuild%2ffreebsd-x64 set size:200565 disposed:false
729 silly fetch manifest @esbuild/openharmony-arm64@0.27.7
730 silly packumentCache full:https://registry.npmjs.org/@esbuild%2fopenharmony-arm64 cache-miss
731 http cache https://registry.npmjs.org/@esbuild%2fandroid-arm 40ms (cache hit)
732 silly packumentCache full:https://registry.npmjs.org/@esbuild%2fandroid-arm set size:225217 disposed:false
733 silly fetch manifest fontkitten@^1.0.2
734 silly packumentCache full:https://registry.npmjs.org/fontkitten cache-hit
735 silly fetch manifest argparse@^2.0.1
736 silly packumentCache full:https://registry.npmjs.org/argparse cache-miss
737 http cache https://registry.npmjs.org/@esbuild%2flinux-arm64 35ms (cache hit)
738 silly packumentCache full:https://registry.npmjs.org/@esbuild%2flinux-arm64 set size:200773 disposed:false
739 silly fetch manifest @jridgewell/sourcemap-codec@^1.5.5
740 silly packumentCache full:https://registry.npmjs.org/@jridgewell%2fsourcemap-codec cache-miss
741 http cache https://registry.npmjs.org/@esbuild%2flinux-s390x 35ms (cache hit)
742 silly packumentCache full:https://registry.npmjs.org/@esbuild%2flinux-s390x set size:202310 disposed:false
743 silly fetch manifest @babel/types@^7.29.7
744 silly packumentCache full:https://registry.npmjs.org/@babel%2ftypes cache-miss
745 http cache https://registry.npmjs.org/@esbuild%2flinux-ppc64 37ms (cache hit)
746 silly packumentCache full:https://registry.npmjs.org/@esbuild%2flinux-ppc64 set size:202845 disposed:false
747 silly fetch manifest @babel/parser@^7.29.7
748 silly packumentCache full:https://registry.npmjs.org/@babel%2fparser cache-miss
749 http cache https://registry.npmjs.org/@esbuild%2fopenbsd-x64 36ms (cache hit)
750 silly packumentCache full:https://registry.npmjs.org/@esbuild%2fopenbsd-x64 set size:200576 disposed:false
751 silly fetch manifest source-map-js@^1.2.1
752 silly packumentCache full:https://registry.npmjs.org/source-map-js cache-miss
753 http cache https://registry.npmjs.org/@esbuild%2fwin32-arm64 37ms (cache hit)
754 silly packumentCache full:https://registry.npmjs.org/@esbuild%2fwin32-arm64 set size:201005 disposed:false
755 silly fetch manifest yocto-queue@^1.1.1
756 silly packumentCache full:https://registry.npmjs.org/yocto-queue cache-miss
757 http cache https://registry.npmjs.org/@esbuild%2fdarwin-arm64 37ms (cache hit)
758 silly packumentCache full:https://registry.npmjs.org/@esbuild%2fdarwin-arm64 set size:201471 disposed:false
759 silly fetch manifest p-timeout@^6.1.2
760 silly packumentCache full:https://registry.npmjs.org/p-timeout cache-miss
761 http cache https://registry.npmjs.org/@esbuild%2fnetbsd-arm64 36ms (cache hit)
762 silly packumentCache full:https://registry.npmjs.org/@esbuild%2fnetbsd-arm64 set size:44308 disposed:false
763 silly fetch manifest eventemitter3@^5.0.1
764 silly packumentCache full:https://registry.npmjs.org/eventemitter3 cache-miss
765 http cache https://registry.npmjs.org/@esbuild%2fandroid-arm64 35ms (cache hit)
766 silly packumentCache full:https://registry.npmjs.org/@esbuild%2fandroid-arm64 set size:204216 disposed:false
767 silly fetch manifest kleur@^3.0.3
768 silly packumentCache full:https://registry.npmjs.org/kleur cache-miss
769 http cache https://registry.npmjs.org/@esbuild%2ffreebsd-arm64 35ms (cache hit)
770 silly packumentCache full:https://registry.npmjs.org/@esbuild%2ffreebsd-arm64 set size:202383 disposed:false
771 silly fetch manifest sisteransi@^1.0.5
772 silly packumentCache full:https://registry.npmjs.org/sisteransi cache-miss
773 http cache https://registry.npmjs.org/@esbuild%2fopenbsd-arm64 33ms (cache hit)
774 silly packumentCache full:https://registry.npmjs.org/@esbuild%2fopenbsd-arm64 set size:49642 disposed:false
775 silly fetch manifest @types/hast@^3.0.0
776 silly packumentCache full:https://registry.npmjs.org/@types%2fhast cache-miss
777 http cache https://registry.npmjs.org/@esbuild%2flinux-loong64 36ms (cache hit)
778 silly packumentCache full:https://registry.npmjs.org/@esbuild%2flinux-loong64 set size:255749 disposed:false
779 silly fetch manifest rehype-parse@^9.0.0
780 silly packumentCache full:https://registry.npmjs.org/rehype-parse cache-miss
781 http cache https://registry.npmjs.org/@esbuild%2flinux-riscv64 37ms (cache hit)
782 silly packumentCache full:https://registry.npmjs.org/@esbuild%2flinux-riscv64 set size:202512 disposed:false
783 silly fetch manifest rehype-stringify@^10.0.0
784 silly packumentCache full:https://registry.npmjs.org/rehype-stringify cache-hit
785 silly fetch manifest unified@^11.0.0
786 silly packumentCache full:https://registry.npmjs.org/unified cache-hit
787 silly fetch manifest @img/colour@^1.0.0
788 silly packumentCache full:https://registry.npmjs.org/@img%2fcolour cache-miss
789 http cache https://registry.npmjs.org/argparse 30ms (cache hit)
790 silly packumentCache full:https://registry.npmjs.org/argparse set size:55000 disposed:false
791 silly fetch manifest detect-libc@^2.1.2
792 silly packumentCache full:https://registry.npmjs.org/detect-libc cache-miss
793 http cache https://registry.npmjs.org/@esbuild%2flinux-mips64el 37ms (cache hit)
794 silly packumentCache full:https://registry.npmjs.org/@esbuild%2flinux-mips64el set size:204633 disposed:false
795 silly fetch manifest @img/sharp-wasm32@0.34.5
796 silly packumentCache full:https://registry.npmjs.org/@img%2fsharp-wasm32 cache-miss
797 http cache https://registry.npmjs.org/@esbuild%2fopenharmony-arm64 34ms (cache hit)
798 silly packumentCache full:https://registry.npmjs.org/@esbuild%2fopenharmony-arm64 set size:33054 disposed:false
799 silly fetch manifest @img/sharp-linux-arm@0.34.5
800 silly packumentCache full:https://registry.npmjs.org/@img%2fsharp-linux-arm cache-miss
801 http cache https://registry.npmjs.org/@jridgewell%2fsourcemap-codec 32ms (cache hit)
802 silly packumentCache full:https://registry.npmjs.org/@jridgewell%2fsourcemap-codec set size:65255 disposed:false
803 silly fetch manifest @img/sharp-linux-x64@0.34.5
804 silly packumentCache full:https://registry.npmjs.org/@img%2fsharp-linux-x64 cache-miss
805 http cache https://registry.npmjs.org/@babel%2ftypes 32ms (cache hit)
806 silly packumentCache full:https://registry.npmjs.org/@babel%2ftypes set size:505250 disposed:false
807 silly fetch manifest @img/sharp-win32-x64@0.34.5
808 silly packumentCache full:https://registry.npmjs.org/@img%2fsharp-win32-x64 cache-miss
809 http cache https://registry.npmjs.org/@babel%2fparser 36ms (cache hit)
810 silly packumentCache full:https://registry.npmjs.org/@babel%2fparser set size:740578 disposed:false
811 silly fetch manifest @img/sharp-darwin-x64@0.34.5
812 silly packumentCache full:https://registry.npmjs.org/@img%2fsharp-darwin-x64 cache-miss
813 http cache https://registry.npmjs.org/source-map-js 43ms (cache hit)
814 silly packumentCache full:https://registry.npmjs.org/source-map-js set size:62640 disposed:false
815 silly fetch manifest @img/sharp-win32-ia32@0.34.5
816 silly packumentCache full:https://registry.npmjs.org/@img%2fsharp-win32-ia32 cache-miss
817 http cache https://registry.npmjs.org/yocto-queue 42ms (cache hit)
818 silly packumentCache full:https://registry.npmjs.org/yocto-queue set size:20256 disposed:false
819 silly fetch manifest @img/sharp-linux-arm64@0.34.5
820 silly packumentCache full:https://registry.npmjs.org/@img%2fsharp-linux-arm64 cache-miss
821 http cache https://registry.npmjs.org/kleur 41ms (cache hit)
822 silly packumentCache full:https://registry.npmjs.org/kleur set size:61853 disposed:false
823 silly fetch manifest @img/sharp-linux-ppc64@0.34.5
824 silly packumentCache full:https://registry.npmjs.org/@img%2fsharp-linux-ppc64 cache-miss
825 http cache https://registry.npmjs.org/p-timeout 44ms (cache hit)
826 silly packumentCache full:https://registry.npmjs.org/p-timeout set size:62805 disposed:false
827 silly fetch manifest @img/sharp-linux-s390x@0.34.5
828 silly packumentCache full:https://registry.npmjs.org/@img%2fsharp-linux-s390x cache-miss
829 http cache https://registry.npmjs.org/@types%2fhast 40ms (cache hit)
830 silly packumentCache full:https://registry.npmjs.org/@types%2fhast set size:35254 disposed:false
831 silly fetch manifest @img/sharp-win32-arm64@0.34.5
832 silly packumentCache full:https://registry.npmjs.org/@img%2fsharp-win32-arm64 cache-miss
833 http cache https://registry.npmjs.org/eventemitter3 45ms (cache hit)
834 silly packumentCache full:https://registry.npmjs.org/eventemitter3 set size:92292 disposed:false
835 silly fetch manifest @img/sharp-darwin-arm64@0.34.5
836 silly packumentCache full:https://registry.npmjs.org/@img%2fsharp-darwin-arm64 cache-miss
837 http cache https://registry.npmjs.org/rehype-parse 40ms (cache hit)
838 silly packumentCache full:https://registry.npmjs.org/rehype-parse set size:67533 disposed:false
839 silly fetch manifest @img/sharp-linux-riscv64@0.34.5
840 silly packumentCache full:https://registry.npmjs.org/@img%2fsharp-linux-riscv64 cache-miss
841 http cache https://registry.npmjs.org/@img%2fcolour 39ms (cache hit)
842 silly packumentCache full:https://registry.npmjs.org/@img%2fcolour set size:9701 disposed:false
843 silly fetch manifest @img/sharp-linuxmusl-x64@0.34.5
844 silly packumentCache full:https://registry.npmjs.org/@img%2fsharp-linuxmusl-x64 cache-miss
845 http cache https://registry.npmjs.org/sisteransi 44ms (cache hit)
846 silly packumentCache full:https://registry.npmjs.org/sisteransi set size:25723 disposed:false
847 silly fetch manifest @img/sharp-linuxmusl-arm64@0.34.5
848 silly packumentCache full:https://registry.npmjs.org/@img%2fsharp-linuxmusl-arm64 cache-miss
849 http cache https://registry.npmjs.org/@img%2fsharp-wasm32 38ms (cache hit)
850 silly packumentCache full:https://registry.npmjs.org/@img%2fsharp-wasm32 set size:103630 disposed:false
851 silly fetch manifest @img/sharp-libvips-linux-arm@1.2.4
852 silly packumentCache full:https://registry.npmjs.org/@img%2fsharp-libvips-linux-arm cache-miss
853 http cache https://registry.npmjs.org/@img%2fsharp-linux-arm 38ms (cache hit)
854 silly packumentCache full:https://registry.npmjs.org/@img%2fsharp-linux-arm set size:107173 disposed:false
855 silly fetch manifest @img/sharp-libvips-linux-x64@1.2.4
856 silly packumentCache full:https://registry.npmjs.org/@img%2fsharp-libvips-linux-x64 cache-miss
857 http cache https://registry.npmjs.org/detect-libc 42ms (cache hit)
858 silly packumentCache full:https://registry.npmjs.org/detect-libc set size:47861 disposed:false
859 silly fetch manifest @img/sharp-libvips-darwin-x64@1.2.4
860 silly packumentCache full:https://registry.npmjs.org/@img%2fsharp-libvips-darwin-x64 cache-miss
861 http cache https://registry.npmjs.org/@img%2fsharp-linux-x64 39ms (cache hit)
862 silly packumentCache full:https://registry.npmjs.org/@img%2fsharp-linux-x64 set size:106660 disposed:false
863 silly fetch manifest @img/sharp-libvips-linux-arm64@1.2.4
864 silly packumentCache full:https://registry.npmjs.org/@img%2fsharp-libvips-linux-arm64 cache-miss
865 http cache https://registry.npmjs.org/@img%2fsharp-win32-x64 37ms (cache hit)
866 silly packumentCache full:https://registry.npmjs.org/@img%2fsharp-win32-x64 set size:107829 disposed:false
867 silly fetch manifest @img/sharp-libvips-linux-ppc64@1.2.4
868 silly packumentCache full:https://registry.npmjs.org/@img%2fsharp-libvips-linux-ppc64 cache-miss
869 http cache https://registry.npmjs.org/@img%2fsharp-darwin-x64 27ms (cache hit)
870 silly packumentCache full:https://registry.npmjs.org/@img%2fsharp-darwin-x64 set size:108820 disposed:false
871 silly fetch manifest @img/sharp-libvips-linux-s390x@1.2.4
872 silly packumentCache full:https://registry.npmjs.org/@img%2fsharp-libvips-linux-s390x cache-miss
873 http cache https://registry.npmjs.org/@img%2fsharp-win32-ia32 26ms (cache hit)
874 silly packumentCache full:https://registry.npmjs.org/@img%2fsharp-win32-ia32 set size:108835 disposed:false
875 silly fetch manifest @img/sharp-libvips-darwin-arm64@1.2.4
876 silly packumentCache full:https://registry.npmjs.org/@img%2fsharp-libvips-darwin-arm64 cache-miss
877 http cache https://registry.npmjs.org/@img%2fsharp-linux-arm64 26ms (cache hit)
878 silly packumentCache full:https://registry.npmjs.org/@img%2fsharp-linux-arm64 set size:108045 disposed:false
879 silly fetch manifest @img/sharp-libvips-linux-riscv64@1.2.4
880 silly packumentCache full:https://registry.npmjs.org/@img%2fsharp-libvips-linux-riscv64 cache-miss
881 http cache https://registry.npmjs.org/@img%2fsharp-linux-ppc64 27ms (cache hit)
882 silly packumentCache full:https://registry.npmjs.org/@img%2fsharp-linux-ppc64 set size:72651 disposed:false
883 silly fetch manifest @img/sharp-libvips-linuxmusl-x64@1.2.4
884 silly packumentCache full:https://registry.npmjs.org/@img%2fsharp-libvips-linuxmusl-x64 cache-miss
885 http cache https://registry.npmjs.org/@img%2fsharp-linux-s390x 27ms (cache hit)
886 silly packumentCache full:https://registry.npmjs.org/@img%2fsharp-linux-s390x set size:105911 disposed:false
887 silly fetch manifest @img/sharp-libvips-linuxmusl-arm64@1.2.4
888 silly packumentCache full:https://registry.npmjs.org/@img%2fsharp-libvips-linuxmusl-arm64 cache-miss
889 http cache https://registry.npmjs.org/@img%2fsharp-linux-riscv64 25ms (cache hit)
890 silly packumentCache full:https://registry.npmjs.org/@img%2fsharp-linux-riscv64 set size:50215 disposed:false
891 silly fetch manifest @types/hast@^3.0.4
892 silly packumentCache full:https://registry.npmjs.org/@types%2fhast cache-hit
893 silly fetch manifest @shikijs/core@3.23.0
894 silly packumentCache full:https://registry.npmjs.org/@shikijs%2fcore cache-miss
895 http cache https://registry.npmjs.org/@img%2fsharp-win32-arm64 29ms (cache hit)
896 silly packumentCache full:https://registry.npmjs.org/@img%2fsharp-win32-arm64 set size:67825 disposed:false
897 silly fetch manifest @shikijs/langs@3.23.0
898 silly packumentCache full:https://registry.npmjs.org/@shikijs%2flangs cache-miss
899 http cache https://registry.npmjs.org/@img%2fsharp-darwin-arm64 29ms (cache hit)
900 silly packumentCache full:https://registry.npmjs.org/@img%2fsharp-darwin-arm64 set size:110251 disposed:false
901 silly fetch manifest @shikijs/types@3.23.0
902 silly packumentCache full:https://registry.npmjs.org/@shikijs%2ftypes cache-miss
903 http cache https://registry.npmjs.org/@img%2fsharp-linuxmusl-arm64 28ms (cache hit)
904 silly packumentCache full:https://registry.npmjs.org/@img%2fsharp-linuxmusl-arm64 set size:109709 disposed:false
905 silly fetch manifest @shikijs/themes@3.23.0
906 silly packumentCache full:https://registry.npmjs.org/@shikijs%2fthemes cache-miss
907 http cache https://registry.npmjs.org/@img%2fsharp-linuxmusl-x64 29ms (cache hit)
908 silly packumentCache full:https://registry.npmjs.org/@img%2fsharp-linuxmusl-x64 set size:108319 disposed:false
909 silly fetch manifest @shikijs/vscode-textmate@^10.0.2
910 silly packumentCache full:https://registry.npmjs.org/@shikijs%2fvscode-textmate cache-miss
911 http cache https://registry.npmjs.org/@img%2fsharp-libvips-linux-x64 27ms (cache hit)
912 silly packumentCache full:https://registry.npmjs.org/@img%2fsharp-libvips-linux-x64 set size:90900 disposed:false
913 silly fetch manifest @shikijs/engine-oniguruma@3.23.0
914 silly packumentCache full:https://registry.npmjs.org/@shikijs%2fengine-oniguruma cache-miss
915 http cache https://registry.npmjs.org/@img%2fsharp-libvips-darwin-x64 27ms (cache hit)
916 silly packumentCache full:https://registry.npmjs.org/@img%2fsharp-libvips-darwin-x64 set size:87586 disposed:false
917 silly fetch manifest @shikijs/engine-javascript@3.23.0
918 silly packumentCache full:https://registry.npmjs.org/@shikijs%2fengine-javascript cache-miss
919 http cache https://registry.npmjs.org/@img%2fsharp-libvips-linux-arm64 27ms (cache hit)
920 silly packumentCache full:https://registry.npmjs.org/@img%2fsharp-libvips-linux-arm64 set size:92171 disposed:false
921 silly fetch manifest sax@1.6.1
922 silly packumentCache full:https://registry.npmjs.org/sax cache-miss
923 http cache https://registry.npmjs.org/@img%2fsharp-libvips-linux-ppc64 27ms (cache hit)
924 silly packumentCache full:https://registry.npmjs.org/@img%2fsharp-libvips-linux-ppc64 set size:77213 disposed:false
925 silly fetch manifest csso@^5.0.5
926 silly packumentCache full:https://registry.npmjs.org/csso cache-miss
927 http cache https://registry.npmjs.org/@img%2fsharp-libvips-linux-arm 32ms (cache hit)
928 silly packumentCache full:https://registry.npmjs.org/@img%2fsharp-libvips-linux-arm set size:95067 disposed:false
929 silly fetch manifest css-tree@^3.0.1
930 silly packumentCache full:https://registry.npmjs.org/css-tree cache-miss
931 http cache https://registry.npmjs.org/@img%2fsharp-libvips-darwin-arm64 26ms (cache hit)
932 silly packumentCache full:https://registry.npmjs.org/@img%2fsharp-libvips-darwin-arm64 set size:88531 disposed:false
933 silly fetch manifest css-what@^7.0.0
934 silly packumentCache full:https://registry.npmjs.org/css-what cache-miss
935 http cache https://registry.npmjs.org/@img%2fsharp-libvips-linux-riscv64 27ms (cache hit)
936 silly packumentCache full:https://registry.npmjs.org/@img%2fsharp-libvips-linux-riscv64 set size:63460 disposed:false
937 silly fetch manifest commander@^11.1.0
938 silly packumentCache full:https://registry.npmjs.org/commander cache-miss
939 http cache https://registry.npmjs.org/@img%2fsharp-libvips-linux-s390x 30ms (cache hit)
940 silly packumentCache full:https://registry.npmjs.org/@img%2fsharp-libvips-linux-s390x set size:86174 disposed:false
941 silly fetch manifest css-select@^6.0.0
942 silly packumentCache full:https://registry.npmjs.org/css-select cache-miss
943 http cache https://registry.npmjs.org/@img%2fsharp-libvips-linuxmusl-x64 27ms (cache hit)
944 silly packumentCache full:https://registry.npmjs.org/@img%2fsharp-libvips-linuxmusl-x64 set size:88274 disposed:false
945 silly fetch manifest picocolors@^1.1.1
946 silly packumentCache full:https://registry.npmjs.org/picocolors cache-miss
947 http cache https://registry.npmjs.org/@shikijs%2fcore 25ms (cache hit)
948 silly packumentCache full:https://registry.npmjs.org/@shikijs%2fcore set size:364638 disposed:false
949 silly fetch manifest fdir@^6.5.0
950 silly packumentCache full:https://registry.npmjs.org/fdir cache-miss
951 http cache https://registry.npmjs.org/@img%2fsharp-libvips-linuxmusl-arm64 29ms (cache hit)
952 silly packumentCache full:https://registry.npmjs.org/@img%2fsharp-libvips-linuxmusl-arm64 set size:91390 disposed:false
953 silly fetch manifest ohash@^2.0.11
954 silly packumentCache full:https://registry.npmjs.org/ohash cache-miss
955 http cache https://registry.npmjs.org/@shikijs%2ftypes 26ms (cache hit)
956 silly packumentCache full:https://registry.npmjs.org/@shikijs%2ftypes set size:193623 disposed:false
957 silly fetch manifest undici@^8.0.0
958 silly packumentCache full:https://registry.npmjs.org/undici cache-miss
959 http cache https://registry.npmjs.org/@shikijs%2fvscode-textmate 26ms (cache hit)
960 silly packumentCache full:https://registry.npmjs.org/@shikijs%2fvscode-textmate set size:25645 disposed:false
961 silly fetch manifest css-tree@^3.1.0
962 silly packumentCache full:https://registry.npmjs.org/css-tree cache-miss
963 http cache https://registry.npmjs.org/@shikijs%2flangs 30ms (cache hit)
964 silly packumentCache full:https://registry.npmjs.org/@shikijs%2flangs set size:854506 disposed:false
965 silly fetch manifest @types/unist@^3.0.0
966 silly packumentCache full:https://registry.npmjs.org/@types%2funist cache-miss
967 http cache https://registry.npmjs.org/@shikijs%2fthemes 36ms (cache hit)
968 silly packumentCache full:https://registry.npmjs.org/@shikijs%2fthemes set size:339923 disposed:false
969 silly fetch manifest unist-util-is@^6.0.0
970 silly packumentCache full:https://registry.npmjs.org/unist-util-is cache-miss
971 http cache https://registry.npmjs.org/@shikijs%2fengine-oniguruma 36ms (cache hit)
972 silly packumentCache full:https://registry.npmjs.org/@shikijs%2fengine-oniguruma set size:222210 disposed:false
973 silly fetch manifest unist-util-visit-parents@^6.0.0
974 silly packumentCache full:https://registry.npmjs.org/unist-util-visit-parents cache-hit
975 silly fetch manifest h3@^1.15.10
976 silly packumentCache full:https://registry.npmjs.org/h3 cache-hit
977 silly fetch manifest ufo@^1.6.3
978 silly packumentCache full:https://registry.npmjs.org/ufo cache-miss
979 http cache https://registry.npmjs.org/sax 38ms (cache hit)
980 silly packumentCache full:https://registry.npmjs.org/sax set size:92982 disposed:false
981 silly fetch manifest destr@^2.0.5
982 silly packumentCache full:https://registry.npmjs.org/destr cache-miss
983 http cache https://registry.npmjs.org/csso 39ms (cache hit)
984 silly packumentCache full:https://registry.npmjs.org/csso set size:202215 disposed:false
985 silly fetch manifest ofetch@^1.5.1
986 silly packumentCache full:https://registry.npmjs.org/ofetch cache-miss
987 http cache https://registry.npmjs.org/@shikijs%2fengine-javascript 42ms (cache hit)
988 silly packumentCache full:https://registry.npmjs.org/@shikijs%2fengine-javascript set size:213032 disposed:false
989 silly fetch manifest anymatch@^3.1.3
990 silly packumentCache full:https://registry.npmjs.org/anymatch cache-miss
991 http cache https://registry.npmjs.org/css-tree 42ms (cache hit)
992 silly packumentCache full:https://registry.npmjs.org/css-tree set size:229638 disposed:false
993 silly fetch manifest chokidar@^5.0.0
994 silly packumentCache full:https://registry.npmjs.org/chokidar cache-miss
995 http cache https://registry.npmjs.org/css-what 43ms (cache hit)
996 silly packumentCache full:https://registry.npmjs.org/css-what set size:81721 disposed:false
997 silly fetch manifest lru-cache@^11.2.7
998 silly packumentCache full:https://registry.npmjs.org/lru-cache cache-miss
999 http cache https://registry.npmjs.org/css-select 42ms (cache hit)
1000 silly packumentCache full:https://registry.npmjs.org/css-select set size:111202 disposed:false
1001 silly fetch manifest node-fetch-native@^1.6.7
1002 silly packumentCache full:https://registry.npmjs.org/node-fetch-native cache-miss
1003 http cache https://registry.npmjs.org/commander 46ms (cache hit)
1004 silly packumentCache full:https://registry.npmjs.org/commander set size:353104 disposed:false
1005 silly fetch manifest @types/unist@^3.0.0
1006 silly packumentCache full:https://registry.npmjs.org/@types%2funist cache-miss
1007 http cache https://registry.npmjs.org/fdir 48ms (cache hit)
1008 silly packumentCache full:https://registry.npmjs.org/fdir set size:136182 disposed:false
1009 silly fetch manifest vfile-message@^4.0.0
1010 silly packumentCache full:https://registry.npmjs.org/vfile-message cache-miss
1011 http cache https://registry.npmjs.org/picocolors 52ms (cache hit)
1012 silly packumentCache full:https://registry.npmjs.org/picocolors set size:16648 disposed:false
1013 silly fetch manifest fdir@^6.4.4
1014 silly packumentCache full:https://registry.npmjs.org/fdir cache-hit
1015 silly fetch manifest rollup@^4.34.9
1016 silly packumentCache full:https://registry.npmjs.org/rollup cache-miss
1017 http cache https://registry.npmjs.org/ohash 49ms (cache hit)
1018 silly packumentCache full:https://registry.npmjs.org/ohash set size:71846 disposed:false
1019 silly fetch manifest esbuild@^0.25.0
1020 silly packumentCache full:https://registry.npmjs.org/esbuild cache-miss
1021 http cache https://registry.npmjs.org/@types%2funist 42ms (cache hit)
1022 silly packumentCache full:https://registry.npmjs.org/@types%2funist set size:39215 disposed:false
1023 silly fetch manifest postcss@^8.5.3
1024 silly packumentCache full:https://registry.npmjs.org/postcss cache-hit
1025 silly fetch manifest fsevents@~2.3.3
1026 silly packumentCache full:https://registry.npmjs.org/fsevents cache-miss
1027 http cache https://registry.npmjs.org/css-tree 53ms (cache hit)
1028 silly packumentCache full:https://registry.npmjs.org/css-tree set size:229638 disposed:false
1029 silly packumentCache full:https://registry.npmjs.org/css-tree dispose
1030 silly fetch manifest yoctocolors@^2.1.1
1031 silly packumentCache full:https://registry.npmjs.org/yoctocolors cache-miss
1032 http cache https://registry.npmjs.org/ufo 42ms (cache hit)
1033 silly packumentCache full:https://registry.npmjs.org/ufo set size:169119 disposed:false
1034 http cache https://registry.npmjs.org/undici 60ms (cache hit)
1035 silly packumentCache full:https://registry.npmjs.org/undici set size:1524672 disposed:false
1036 http cache https://registry.npmjs.org/destr 51ms (cache hit)
1037 silly packumentCache full:https://registry.npmjs.org/destr set size:65344 disposed:false
1038 http cache https://registry.npmjs.org/anymatch 47ms (cache hit)
1039 silly packumentCache full:https://registry.npmjs.org/anymatch set size:42974 disposed:false
1040 http cache https://registry.npmjs.org/unist-util-is 57ms (cache hit)
1041 silly packumentCache full:https://registry.npmjs.org/unist-util-is set size:79350 disposed:false
1042 http cache https://registry.npmjs.org/ofetch 50ms (cache hit)
1043 silly packumentCache full:https://registry.npmjs.org/ofetch set size:75280 disposed:false
1044 http cache https://registry.npmjs.org/chokidar 47ms (cache hit)
1045 silly packumentCache full:https://registry.npmjs.org/chokidar set size:255902 disposed:false
1046 http cache https://registry.npmjs.org/node-fetch-native 47ms (cache hit)
1047 silly packumentCache full:https://registry.npmjs.org/node-fetch-native set size:114626 disposed:false
1048 http cache https://registry.npmjs.org/lru-cache 50ms (cache hit)
1049 silly packumentCache full:https://registry.npmjs.org/lru-cache set size:460407 disposed:false
1050 http cache https://registry.npmjs.org/@types%2funist 46ms (cache hit)
1051 silly packumentCache full:https://registry.npmjs.org/@types%2funist set size:39215 disposed:false
1052 silly packumentCache full:https://registry.npmjs.org/@types%2funist dispose
1053 http cache https://registry.npmjs.org/vfile-message 35ms (cache hit)
1054 silly packumentCache full:https://registry.npmjs.org/vfile-message set size:81663 disposed:false
1055 http cache https://registry.npmjs.org/yoctocolors 28ms (cache hit)
1056 silly packumentCache full:https://registry.npmjs.org/yoctocolors set size:29077 disposed:false
1057 http cache https://registry.npmjs.org/esbuild 36ms (cache hit)
1058 silly packumentCache full:https://registry.npmjs.org/esbuild set size:1264676 disposed:false
1059 http cache https://registry.npmjs.org/rollup 50ms (cache hit)
1060 silly packumentCache full:https://registry.npmjs.org/rollup set size:6340761 disposed:false
1061 http cache https://registry.npmjs.org/fsevents 93ms (cache hit)
1062 silly packumentCache full:https://registry.npmjs.org/fsevents set size:182472 disposed:false
1063 silly placeDep ROOT @astrojs/prism@3.3.0 OK for: @astrojs/markdown-remark@6.3.11 want: 3.3.0
1064 silly placeDep ROOT hast-util-from-html@2.0.3 OK for: @astrojs/markdown-remark@6.3.11 want: ^2.0.3
1065 silly placeDep ROOT hast-util-to-text@4.0.2 OK for: @astrojs/markdown-remark@6.3.11 want: ^4.0.2
1066 silly placeDep ROOT mdast-util-definitions@6.0.0 OK for: @astrojs/markdown-remark@6.3.11 want: ^6.0.0
1067 silly placeDep ROOT rehype-raw@7.0.0 OK for: @astrojs/markdown-remark@6.3.11 want: ^7.0.0
1068 silly placeDep ROOT rehype-stringify@10.0.1 OK for: @astrojs/markdown-remark@6.3.11 want: ^10.0.1
1069 silly placeDep ROOT remark-gfm@4.0.1 OK for: @astrojs/markdown-remark@6.3.11 want: ^4.0.1
1070 silly placeDep ROOT remark-parse@11.0.0 OK for: @astrojs/markdown-remark@6.3.11 want: ^11.0.0
1071 silly placeDep ROOT remark-rehype@11.1.2 OK for: @astrojs/markdown-remark@6.3.11 want: ^11.1.2
1072 silly placeDep ROOT remark-smartypants@3.0.3 OK for: @astrojs/markdown-remark@6.3.11 want: ^3.0.2
1073 silly placeDep ROOT unified@11.0.5 OK for: @astrojs/markdown-remark@6.3.11 want: ^11.0.5
1074 silly placeDep ROOT unist-util-remove-position@5.0.0 OK for: @astrojs/markdown-remark@6.3.11 want: ^5.0.0
1075 silly placeDep ROOT unist-util-visit-parents@6.0.2 OK for: @astrojs/markdown-remark@6.3.11 want: ^6.0.2
1076 silly fetch manifest prismjs@^1.30.0
1077 silly packumentCache full:https://registry.npmjs.org/prismjs cache-miss
1078 silly fetch manifest devlop@^1.1.0
1079 silly packumentCache full:https://registry.npmjs.org/devlop cache-miss
1080 silly fetch manifest hast-util-from-parse5@^8.0.0
1081 silly packumentCache full:https://registry.npmjs.org/hast-util-from-parse5 cache-miss
1082 silly fetch manifest parse5@^7.0.0
1083 silly packumentCache full:https://registry.npmjs.org/parse5 cache-miss
1084 silly fetch manifest hast-util-is-element@^3.0.0
1085 silly packumentCache full:https://registry.npmjs.org/hast-util-is-element cache-miss
1086 silly fetch manifest unist-util-find-after@^5.0.0
1087 silly packumentCache full:https://registry.npmjs.org/unist-util-find-after cache-miss
1088 silly fetch manifest @types/mdast@^4.0.0
1089 silly packumentCache full:https://registry.npmjs.org/@types%2fmdast cache-miss
1090 silly fetch manifest hast-util-raw@^9.0.0
1091 silly packumentCache full:https://registry.npmjs.org/hast-util-raw cache-miss
1092 silly fetch manifest hast-util-to-html@^9.0.0
1093 silly packumentCache full:https://registry.npmjs.org/hast-util-to-html cache-miss
1094 silly fetch manifest @types/mdast@^4.0.0
1095 silly packumentCache full:https://registry.npmjs.org/@types%2fmdast cache-miss
1096 silly fetch manifest mdast-util-gfm@^3.0.0
1097 silly packumentCache full:https://registry.npmjs.org/mdast-util-gfm cache-miss
1098 silly fetch manifest micromark-extension-gfm@^3.0.0
1099 silly packumentCache full:https://registry.npmjs.org/micromark-extension-gfm cache-miss
1100 silly fetch manifest remark-stringify@^11.0.0
1101 silly packumentCache full:https://registry.npmjs.org/remark-stringify cache-miss
1102 silly fetch manifest @types/mdast@^4.0.0
1103 silly packumentCache full:https://registry.npmjs.org/@types%2fmdast cache-miss
1104 silly fetch manifest mdast-util-from-markdown@^2.0.0
1105 silly packumentCache full:https://registry.npmjs.org/mdast-util-from-markdown cache-miss
1106 http cache https://registry.npmjs.org/hast-util-from-parse5 17ms (cache hit)
1107 silly packumentCache full:https://registry.npmjs.org/hast-util-from-parse5 set size:90289 disposed:false
1108 silly fetch manifest micromark-util-types@^2.0.0
1109 silly packumentCache full:https://registry.npmjs.org/micromark-util-types cache-miss
1110 http cache https://registry.npmjs.org/devlop 19ms (cache hit)
1111 silly packumentCache full:https://registry.npmjs.org/devlop set size:16868 disposed:false
1112 silly fetch manifest @types/mdast@^4.0.0
1113 silly packumentCache full:https://registry.npmjs.org/@types%2fmdast cache-miss
1114 http cache https://registry.npmjs.org/@types%2fmdast 20ms (cache hit)
1115 silly packumentCache full:https://registry.npmjs.org/@types%2fmdast set size:47479 disposed:false
1116 silly fetch manifest mdast-util-to-hast@^13.0.0
1117 silly packumentCache full:https://registry.npmjs.org/mdast-util-to-hast cache-miss
1118 http cache https://registry.npmjs.org/prismjs 21ms (cache hit)
1119 silly packumentCache full:https://registry.npmjs.org/prismjs set size:114949 disposed:false
1120 silly fetch manifest retext@^9.0.0
1121 silly packumentCache full:https://registry.npmjs.org/retext cache-miss
1122 http cache https://registry.npmjs.org/parse5 22ms (cache hit)
1123 silly packumentCache full:https://registry.npmjs.org/parse5 set size:123116 disposed:false
1124 silly fetch manifest retext-smartypants@^6.0.0
1125 silly packumentCache full:https://registry.npmjs.org/retext-smartypants cache-miss
1126 http cache https://registry.npmjs.org/hast-util-raw 23ms (cache hit)
1127 silly packumentCache full:https://registry.npmjs.org/hast-util-raw set size:112975 disposed:false
1128 silly fetch manifest unified@^11.0.4
1129 silly packumentCache full:https://registry.npmjs.org/unified cache-hit
1130 silly fetch manifest bail@^2.0.0
1131 silly packumentCache full:https://registry.npmjs.org/bail cache-miss
1132 http cache https://registry.npmjs.org/mdast-util-gfm 23ms (cache hit)
1133 silly packumentCache full:https://registry.npmjs.org/mdast-util-gfm set size:50589 disposed:false
1134 silly fetch manifest devlop@^1.0.0
1135 silly packumentCache full:https://registry.npmjs.org/devlop cache-hit
1136 silly fetch manifest extend@^3.0.0
1137 silly packumentCache full:https://registry.npmjs.org/extend cache-miss
1138 http cache https://registry.npmjs.org/hast-util-to-html 25ms (cache hit)
1139 silly packumentCache full:https://registry.npmjs.org/hast-util-to-html set size:123778 disposed:false
1140 silly fetch manifest is-plain-obj@^4.0.0
1141 silly packumentCache full:https://registry.npmjs.org/is-plain-obj cache-miss
1142 http cache https://registry.npmjs.org/@types%2fmdast 26ms (cache hit)
1143 silly packumentCache full:https://registry.npmjs.org/@types%2fmdast set size:47479 disposed:false
1144 silly packumentCache full:https://registry.npmjs.org/@types%2fmdast dispose
1145 silly fetch manifest trough@^2.0.0
1146 silly packumentCache full:https://registry.npmjs.org/trough cache-miss
1147 http cache https://registry.npmjs.org/unist-util-find-after 29ms (cache hit)
1148 silly packumentCache full:https://registry.npmjs.org/unist-util-find-after set size:41809 disposed:false
1149 http cache https://registry.npmjs.org/hast-util-is-element 30ms (cache hit)
1150 silly packumentCache full:https://registry.npmjs.org/hast-util-is-element set size:56853 disposed:false
1151 http cache https://registry.npmjs.org/remark-stringify 28ms (cache hit)
1152 silly packumentCache full:https://registry.npmjs.org/remark-stringify set size:118222 disposed:false
1153 http cache https://registry.npmjs.org/mdast-util-from-markdown 28ms (cache hit)
1154 silly packumentCache full:https://registry.npmjs.org/mdast-util-from-markdown set size:149296 disposed:false
1155 http cache https://registry.npmjs.org/micromark-extension-gfm 31ms (cache hit)
1156 silly packumentCache full:https://registry.npmjs.org/micromark-extension-gfm set size:59806 disposed:false
1157 http cache https://registry.npmjs.org/@types%2fmdast 33ms (cache hit)
1158 silly packumentCache full:https://registry.npmjs.org/@types%2fmdast set size:47479 disposed:true
1159 silly packumentCache full:https://registry.npmjs.org/@types%2fmdast dispose
1160 http cache https://registry.npmjs.org/micromark-util-types 23ms (cache hit)
1161 silly packumentCache full:https://registry.npmjs.org/micromark-util-types set size:32498 disposed:false
1162 http cache https://registry.npmjs.org/mdast-util-to-hast 23ms (cache hit)
1163 silly packumentCache full:https://registry.npmjs.org/mdast-util-to-hast set size:257722 disposed:false
1164 http cache https://registry.npmjs.org/retext 25ms (cache hit)
1165 silly packumentCache full:https://registry.npmjs.org/retext set size:129244 disposed:false
1166 http cache https://registry.npmjs.org/bail 23ms (cache hit)
1167 silly packumentCache full:https://registry.npmjs.org/bail set size:30511 disposed:false
1168 http cache https://registry.npmjs.org/retext-smartypants 27ms (cache hit)
1169 silly packumentCache full:https://registry.npmjs.org/retext-smartypants set size:84409 disposed:false
1170 http cache https://registry.npmjs.org/@types%2fmdast 32ms (cache hit)
1171 silly packumentCache full:https://registry.npmjs.org/@types%2fmdast set size:47479 disposed:true
1172 silly packumentCache full:https://registry.npmjs.org/@types%2fmdast dispose
1173 http cache https://registry.npmjs.org/extend 26ms (cache hit)
1174 silly packumentCache full:https://registry.npmjs.org/extend set size:25974 disposed:false
1175 http cache https://registry.npmjs.org/is-plain-obj 25ms (cache hit)
1176 silly packumentCache full:https://registry.npmjs.org/is-plain-obj set size:17899 disposed:false
1177 http cache https://registry.npmjs.org/trough 24ms (cache hit)
1178 silly packumentCache full:https://registry.npmjs.org/trough set size:46749 disposed:false
1179 silly placeDep ROOT prismjs@1.30.0 OK for: @astrojs/prism@3.3.0 want: ^1.30.0
1180 silly placeDep ROOT is-docker@3.0.0 OK for: @astrojs/telemetry@3.3.0 want: ^3.0.0
1181 silly placeDep ROOT is-wsl@3.1.1 OK for: @astrojs/telemetry@3.3.0 want: ^3.1.0
1182 silly placeDep ROOT which-pm-runs@1.1.0 OK for: @astrojs/telemetry@3.3.0 want: ^1.1.0
1183 silly fetch manifest is-inside-container@^1.0.0
1184 silly packumentCache full:https://registry.npmjs.org/is-inside-container cache-miss
1185 http cache https://registry.npmjs.org/is-inside-container 4ms (cache hit)
1186 silly packumentCache full:https://registry.npmjs.org/is-inside-container set size:4403 disposed:false
1187 silly placeDep ROOT fontkitten@1.0.3 OK for: @capsizecss/unpack@4.0.1 want: ^1.0.3
1188 silly fetch manifest tiny-inflate@^1.0.3
1189 silly packumentCache full:https://registry.npmjs.org/tiny-inflate cache-miss
1190 http cache https://registry.npmjs.org/tiny-inflate 4ms (cache hit)
1191 silly packumentCache full:https://registry.npmjs.org/tiny-inflate set size:8031 disposed:false
1192 silly placeDep ROOT @types/estree@1.0.9 OK for: @rollup/pluginutils@5.4.0 want: ^1.0.0
1193 silly placeDep node_modules/@rollup/pluginutils estree-walker@2.0.2 OK for: @rollup/pluginutils@5.4.0 want: ^2.0.2
1194 silly placeDep ROOT ansi-align@3.0.1 OK for: boxen@8.0.1 want: ^3.0.1
1195 silly placeDep ROOT camelcase@8.0.0 OK for: boxen@8.0.1 want: ^8.0.0
1196 silly placeDep ROOT chalk@5.6.2 OK for: boxen@8.0.1 want: ^5.3.0
1197 silly placeDep ROOT cli-boxes@3.0.0 OK for: boxen@8.0.1 want: ^3.0.0
1198 silly placeDep ROOT string-width@7.2.0 OK for: boxen@8.0.1 want: ^7.2.0
1199 silly placeDep ROOT type-fest@4.41.0 OK for: boxen@8.0.1 want: ^4.21.0
1200 silly placeDep ROOT widest-line@5.0.0 OK for: boxen@8.0.1 want: ^5.0.0
1201 silly placeDep ROOT wrap-ansi@9.0.2 OK for: boxen@8.0.1 want: ^9.0.0
1202 silly fetch manifest string-width@^4.1.0
1203 silly packumentCache full:https://registry.npmjs.org/string-width cache-hit
1204 silly fetch manifest strip-ansi@^7.1.0
1205 silly packumentCache full:https://registry.npmjs.org/strip-ansi cache-miss
1206 silly fetch manifest emoji-regex@^10.3.0
1207 silly packumentCache full:https://registry.npmjs.org/emoji-regex cache-miss
1208 silly fetch manifest get-east-asian-width@^1.0.0
1209 silly packumentCache full:https://registry.npmjs.org/get-east-asian-width cache-miss
1210 silly fetch manifest strip-ansi@^7.1.0
1211 silly packumentCache full:https://registry.npmjs.org/strip-ansi cache-miss
1212 silly fetch manifest ansi-styles@^6.2.1
1213 silly packumentCache full:https://registry.npmjs.org/ansi-styles cache-miss
1214 http cache https://registry.npmjs.org/strip-ansi 7ms (cache hit)
1215 silly packumentCache full:https://registry.npmjs.org/strip-ansi set size:44998 disposed:false
1216 http cache https://registry.npmjs.org/get-east-asian-width 7ms (cache hit)
1217 silly packumentCache full:https://registry.npmjs.org/get-east-asian-width set size:20538 disposed:false
1218 http cache https://registry.npmjs.org/emoji-regex 8ms (cache hit)
1219 silly packumentCache full:https://registry.npmjs.org/emoji-regex set size:91540 disposed:false
1220 http cache https://registry.npmjs.org/ansi-styles 9ms (cache hit)
1221 silly packumentCache full:https://registry.npmjs.org/ansi-styles set size:71772 disposed:false
1222 http cache https://registry.npmjs.org/strip-ansi 10ms (cache hit)
1223 silly packumentCache full:https://registry.npmjs.org/strip-ansi set size:44998 disposed:false
1224 silly packumentCache full:https://registry.npmjs.org/strip-ansi dispose
1225 silly placeDep node_modules/ansi-align string-width@4.2.3 OK for: ansi-align@3.0.1 want: ^4.1.0
1226 silly fetch manifest strip-ansi@^6.0.1
1227 silly packumentCache full:https://registry.npmjs.org/strip-ansi cache-hit
1228 silly fetch manifest emoji-regex@^8.0.0
1229 silly packumentCache full:https://registry.npmjs.org/emoji-regex cache-hit
1230 silly fetch manifest is-fullwidth-code-point@^3.0.0
1231 silly packumentCache full:https://registry.npmjs.org/is-fullwidth-code-point cache-miss
1232 http cache https://registry.npmjs.org/is-fullwidth-code-point 3ms (cache hit)
1233 silly packumentCache full:https://registry.npmjs.org/is-fullwidth-code-point set size:14578 disposed:false
1234 silly placeDep ROOT ms@2.1.3 OK for: debug@4.4.3 want: ^2.1.3
1235 silly placeDep ROOT base-64@1.0.0 OK for: deterministic-object-hash@2.0.2 want: ^1.0.0
1236 silly placeDep ROOT @esbuild/aix-ppc64@0.27.7 OK for: esbuild@0.27.7 want: 0.27.7
1237 silly placeDep ROOT @esbuild/android-arm@0.27.7 OK for: esbuild@0.27.7 want: 0.27.7
1238 silly placeDep ROOT @esbuild/android-arm64@0.27.7 OK for: esbuild@0.27.7 want: 0.27.7
1239 silly placeDep ROOT @esbuild/android-x64@0.27.7 OK for: esbuild@0.27.7 want: 0.27.7
1240 silly placeDep ROOT @esbuild/darwin-arm64@0.27.7 OK for: esbuild@0.27.7 want: 0.27.7
1241 silly placeDep ROOT @esbuild/darwin-x64@0.27.7 OK for: esbuild@0.27.7 want: 0.27.7
1242 silly placeDep ROOT @esbuild/freebsd-arm64@0.27.7 OK for: esbuild@0.27.7 want: 0.27.7
1243 silly placeDep ROOT @esbuild/freebsd-x64@0.27.7 OK for: esbuild@0.27.7 want: 0.27.7
1244 silly placeDep ROOT @esbuild/linux-arm@0.27.7 OK for: esbuild@0.27.7 want: 0.27.7
1245 silly placeDep ROOT @esbuild/linux-arm64@0.27.7 OK for: esbuild@0.27.7 want: 0.27.7
1246 silly placeDep ROOT @esbuild/linux-ia32@0.27.7 OK for: esbuild@0.27.7 want: 0.27.7
1247 silly placeDep ROOT @esbuild/linux-loong64@0.27.7 OK for: esbuild@0.27.7 want: 0.27.7
1248 silly placeDep ROOT @esbuild/linux-mips64el@0.27.7 OK for: esbuild@0.27.7 want: 0.27.7
1249 silly placeDep ROOT @esbuild/linux-ppc64@0.27.7 OK for: esbuild@0.27.7 want: 0.27.7
1250 silly placeDep ROOT @esbuild/linux-riscv64@0.27.7 OK for: esbuild@0.27.7 want: 0.27.7
1251 silly placeDep ROOT @esbuild/linux-s390x@0.27.7 OK for: esbuild@0.27.7 want: 0.27.7
1252 silly placeDep ROOT @esbuild/linux-x64@0.27.7 OK for: esbuild@0.27.7 want: 0.27.7
1253 silly placeDep ROOT @esbuild/netbsd-arm64@0.27.7 OK for: esbuild@0.27.7 want: 0.27.7
1254 silly placeDep ROOT @esbuild/netbsd-x64@0.27.7 OK for: esbuild@0.27.7 want: 0.27.7
1255 silly placeDep ROOT @esbuild/openbsd-arm64@0.27.7 OK for: esbuild@0.27.7 want: 0.27.7
1256 silly placeDep ROOT @esbuild/openbsd-x64@0.27.7 OK for: esbuild@0.27.7 want: 0.27.7
1257 silly placeDep ROOT @esbuild/openharmony-arm64@0.27.7 OK for: esbuild@0.27.7 want: 0.27.7
1258 silly placeDep ROOT @esbuild/sunos-x64@0.27.7 OK for: esbuild@0.27.7 want: 0.27.7
1259 silly placeDep ROOT @esbuild/win32-arm64@0.27.7 OK for: esbuild@0.27.7 want: 0.27.7
1260 silly placeDep ROOT @esbuild/win32-ia32@0.27.7 OK for: esbuild@0.27.7 want: 0.27.7
1261 silly placeDep ROOT @esbuild/win32-x64@0.27.7 OK for: esbuild@0.27.7 want: 0.27.7
1262 silly placeDep ROOT tiny-inflate@1.0.3 OK for: fontkitten@1.0.3 want: ^1.0.3
1263 silly placeDep ROOT @types/hast@3.0.5 OK for: hast-util-from-html@2.0.3 want: ^3.0.0
1264 silly placeDep ROOT devlop@1.1.0 OK for: hast-util-from-html@2.0.3 want: ^1.1.0
1265 silly placeDep ROOT hast-util-from-parse5@8.0.3 OK for: hast-util-from-html@2.0.3 want: ^8.0.0
1266 silly placeDep ROOT parse5@7.3.0 OK for: hast-util-from-html@2.0.3 want: ^7.0.0
1267 silly placeDep ROOT vfile-message@4.0.3 OK for: hast-util-from-html@2.0.3 want: ^4.0.0
1268 silly fetch manifest @types/unist@*
1269 silly packumentCache full:https://registry.npmjs.org/@types%2funist cache-hit
1270 silly fetch manifest dequal@^2.0.0
1271 silly packumentCache full:https://registry.npmjs.org/dequal cache-miss
1272 silly fetch manifest hastscript@^9.0.0
1273 silly packumentCache full:https://registry.npmjs.org/hastscript cache-miss
1274 silly fetch manifest property-information@^7.0.0
1275 silly packumentCache full:https://registry.npmjs.org/property-information cache-miss
1276 silly fetch manifest vfile-location@^5.0.0
1277 silly packumentCache full:https://registry.npmjs.org/vfile-location cache-miss
1278 silly fetch manifest web-namespaces@^2.0.0
1279 silly packumentCache full:https://registry.npmjs.org/web-namespaces cache-miss
1280 silly fetch manifest entities@^6.0.0
1281 silly packumentCache full:https://registry.npmjs.org/entities cache-miss
1282 silly fetch manifest unist-util-stringify-position@^4.0.0
1283 silly packumentCache full:https://registry.npmjs.org/unist-util-stringify-position cache-miss
1284 http cache https://registry.npmjs.org/property-information 13ms (cache hit)
1285 silly packumentCache full:https://registry.npmjs.org/property-information set size:188512 disposed:false
1286 http cache https://registry.npmjs.org/dequal 16ms (cache hit)
1287 silly packumentCache full:https://registry.npmjs.org/dequal set size:24037 disposed:false
1288 http cache https://registry.npmjs.org/entities 11ms (cache hit)
1289 silly packumentCache full:https://registry.npmjs.org/entities set size:104868 disposed:false
1290 http cache https://registry.npmjs.org/hastscript 17ms (cache hit)
1291 silly packumentCache full:https://registry.npmjs.org/hastscript set size:89704 disposed:false
1292 http cache https://registry.npmjs.org/vfile-location 18ms (cache hit)
1293 silly packumentCache full:https://registry.npmjs.org/vfile-location set size:65379 disposed:false
1294 http cache https://registry.npmjs.org/web-namespaces 19ms (cache hit)
1295 silly packumentCache full:https://registry.npmjs.org/web-namespaces set size:29686 disposed:false
1296 http cache https://registry.npmjs.org/unist-util-stringify-position 14ms (cache hit)
1297 silly packumentCache full:https://registry.npmjs.org/unist-util-stringify-position set size:52357 disposed:false
1298 silly placeDep ROOT @types/unist@3.0.3 OK for: @types/hast@3.0.5 want: *
1299 silly placeDep ROOT dequal@2.0.3 OK for: devlop@1.1.0 want: ^2.0.0
1300 silly placeDep ROOT hastscript@9.0.1 OK for: hast-util-from-parse5@8.0.3 want: ^9.0.0
1301 silly placeDep ROOT property-information@7.2.0 OK for: hast-util-from-parse5@8.0.3 want: ^7.0.0
1302 silly placeDep ROOT vfile-location@5.0.3 OK for: hast-util-from-parse5@8.0.3 want: ^5.0.0
1303 silly placeDep ROOT web-namespaces@2.0.1 OK for: hast-util-from-parse5@8.0.3 want: ^2.0.0
1304 silly fetch manifest comma-separated-tokens@^2.0.0
1305 silly packumentCache full:https://registry.npmjs.org/comma-separated-tokens cache-miss
1306 silly fetch manifest hast-util-parse-selector@^4.0.0
1307 silly packumentCache full:https://registry.npmjs.org/hast-util-parse-selector cache-miss
1308 silly fetch manifest space-separated-tokens@^2.0.0
1309 silly packumentCache full:https://registry.npmjs.org/space-separated-tokens cache-miss
1310 http cache https://registry.npmjs.org/hast-util-parse-selector 5ms (cache hit)
1311 silly packumentCache full:https://registry.npmjs.org/hast-util-parse-selector set size:53712 disposed:false
1312 http cache https://registry.npmjs.org/space-separated-tokens 5ms (cache hit)
1313 silly packumentCache full:https://registry.npmjs.org/space-separated-tokens set size:36967 disposed:false
1314 http cache https://registry.npmjs.org/comma-separated-tokens 6ms (cache hit)
1315 silly packumentCache full:https://registry.npmjs.org/comma-separated-tokens set size:45877 disposed:false
1316 silly placeDep ROOT hast-util-is-element@3.0.0 OK for: hast-util-to-text@4.0.2 want: ^3.0.0
1317 silly placeDep ROOT unist-util-find-after@5.0.0 OK for: hast-util-to-text@4.0.2 want: ^5.0.0
1318 silly placeDep ROOT comma-separated-tokens@2.0.3 OK for: hastscript@9.0.1 want: ^2.0.0
1319 silly placeDep ROOT hast-util-parse-selector@4.0.0 OK for: hastscript@9.0.1 want: ^4.0.0
1320 silly placeDep ROOT space-separated-tokens@2.0.2 OK for: hastscript@9.0.1 want: ^2.0.0
1321 silly placeDep ROOT css-line-break@2.1.0 OK for: html2canvas@1.4.1 want: ^2.1.0
1322 silly placeDep ROOT text-segmentation@1.0.3 OK for: html2canvas@1.4.1 want: ^1.0.3
1323 silly fetch manifest utrie@^1.0.2
1324 silly packumentCache full:https://registry.npmjs.org/utrie cache-miss
1325 silly fetch manifest utrie@^1.0.2
1326 silly packumentCache full:https://registry.npmjs.org/utrie cache-miss
1327 http cache https://registry.npmjs.org/utrie 4ms (cache hit)
1328 silly packumentCache full:https://registry.npmjs.org/utrie set size:10249 disposed:false
1329 http cache https://registry.npmjs.org/utrie 13ms (cache hit)
1330 silly packumentCache full:https://registry.npmjs.org/utrie set size:10249 disposed:false
1331 silly packumentCache full:https://registry.npmjs.org/utrie dispose
1332 silly placeDep ROOT utrie@1.0.2 OK for: css-line-break@2.1.0 want: ^1.0.2
1333 silly fetch manifest base64-arraybuffer@^1.0.2
1334 silly packumentCache full:https://registry.npmjs.org/base64-arraybuffer cache-miss
1335 http cache https://registry.npmjs.org/base64-arraybuffer 3ms (cache hit)
1336 silly packumentCache full:https://registry.npmjs.org/base64-arraybuffer set size:21740 disposed:false
1337 silly placeDep ROOT is-inside-container@1.0.0 OK for: is-wsl@3.1.1 want: ^1.0.0
1338 silly placeDep ROOT argparse@2.0.1 OK for: js-yaml@4.3.2 want: ^2.0.1
1339 silly placeDep ROOT @jridgewell/sourcemap-codec@1.6.0 OK for: magic-string@0.30.21 want: ^1.5.5
1340 silly placeDep ROOT @babel/parser@7.29.8 OK for: magicast@0.5.5 want: ^7.29.7
1341 silly placeDep ROOT @babel/types@7.29.8 OK for: magicast@0.5.5 want: ^7.29.7
1342 silly placeDep ROOT source-map-js@1.2.1 OK for: magicast@0.5.5 want: ^1.2.1
1343 silly fetch manifest @babel/types@^7.29.8
1344 silly packumentCache full:https://registry.npmjs.org/@babel%2ftypes cache-hit
1345 silly fetch manifest @babel/helper-string-parser@^7.29.7
1346 silly packumentCache full:https://registry.npmjs.org/@babel%2fhelper-string-parser cache-miss
1347 silly fetch manifest @babel/helper-validator-identifier@^7.29.7
1348 silly packumentCache full:https://registry.npmjs.org/@babel%2fhelper-validator-identifier cache-miss
1349 http cache https://registry.npmjs.org/@babel%2fhelper-validator-identifier 6ms (cache hit)
1350 silly packumentCache full:https://registry.npmjs.org/@babel%2fhelper-validator-identifier set size:130133 disposed:false
1351 http cache https://registry.npmjs.org/@babel%2fhelper-string-parser 7ms (cache hit)
1352 silly packumentCache full:https://registry.npmjs.org/@babel%2fhelper-string-parser set size:91563 disposed:false
1353 silly placeDep ROOT @babel/helper-string-parser@7.29.7 OK for: @babel/types@7.29.8 want: ^7.29.7
1354 silly placeDep ROOT @babel/helper-validator-identifier@7.29.7 OK for: @babel/types@7.29.8 want: ^7.29.7
1355 silly placeDep ROOT @types/mdast@4.0.4 OK for: mdast-util-definitions@6.0.0 want: ^4.0.0
1356 silly placeDep ROOT yocto-queue@1.2.2 OK for: p-limit@6.2.0 want: ^1.1.1
1357 silly placeDep ROOT eventemitter3@5.0.4 OK for: p-queue@8.1.1 want: ^5.0.1
1358 silly placeDep ROOT p-timeout@6.1.4 OK for: p-queue@8.1.1 want: ^6.1.2
1359 silly placeDep ROOT entities@6.0.1 OK for: parse5@7.3.0 want: ^6.0.0
1360 silly placeDep ROOT kleur@3.0.3 OK for: prompts@2.4.2 want: ^3.0.3
1361 silly placeDep ROOT sisteransi@1.0.5 OK for: prompts@2.4.2 want: ^1.0.5
1362 silly placeDep ROOT rehype-parse@9.0.1 OK for: rehype@13.0.2 want: ^9.0.0
1363 silly placeDep ROOT hast-util-raw@9.1.0 OK for: rehype-raw@7.0.0 want: ^9.0.0
1364 silly fetch manifest @ungap/structured-clone@^1.0.0
1365 silly packumentCache full:https://registry.npmjs.org/@ungap%2fstructured-clone cache-miss
1366 silly fetch manifest hast-util-to-parse5@^8.0.0
1367 silly packumentCache full:https://registry.npmjs.org/hast-util-to-parse5 cache-miss
1368 silly fetch manifest html-void-elements@^3.0.0
1369 silly packumentCache full:https://registry.npmjs.org/html-void-elements cache-miss
1370 silly fetch manifest unist-util-position@^5.0.0
1371 silly packumentCache full:https://registry.npmjs.org/unist-util-position cache-miss
1372 silly fetch manifest zwitch@^2.0.0
1373 silly packumentCache full:https://registry.npmjs.org/zwitch cache-miss
1374 http cache https://registry.npmjs.org/html-void-elements 7ms (cache hit)
1375 silly packumentCache full:https://registry.npmjs.org/html-void-elements set size:33031 disposed:false
1376 http cache https://registry.npmjs.org/unist-util-position 8ms (cache hit)
1377 silly packumentCache full:https://registry.npmjs.org/unist-util-position set size:51342 disposed:false
1378 http cache https://registry.npmjs.org/zwitch 9ms (cache hit)
1379 silly packumentCache full:https://registry.npmjs.org/zwitch set size:39712 disposed:false
1380 http cache https://registry.npmjs.org/@ungap%2fstructured-clone 10ms (cache hit)
1381 silly packumentCache full:https://registry.npmjs.org/@ungap%2fstructured-clone set size:68313 disposed:false
1382 http cache https://registry.npmjs.org/hast-util-to-parse5 11ms (cache hit)
1383 silly packumentCache full:https://registry.npmjs.org/hast-util-to-parse5 set size:61003 disposed:false
1384 silly placeDep ROOT @ungap/structured-clone@1.4.0 OK for: hast-util-raw@9.1.0 want: ^1.0.0
1385 silly placeDep ROOT hast-util-to-parse5@8.0.1 OK for: hast-util-raw@9.1.0 want: ^8.0.0
1386 silly placeDep ROOT html-void-elements@3.0.0 OK for: hast-util-raw@9.1.0 want: ^3.0.0
1387 silly placeDep ROOT mdast-util-to-hast@13.2.1 OK for: hast-util-raw@9.1.0 want: ^13.0.0
1388 silly placeDep ROOT unist-util-position@5.0.0 OK for: hast-util-raw@9.1.0 want: ^5.0.0
1389 silly placeDep ROOT zwitch@2.0.4 OK for: hast-util-raw@9.1.0 want: ^2.0.0
1390 silly fetch manifest micromark-util-sanitize-uri@^2.0.0
1391 silly packumentCache full:https://registry.npmjs.org/micromark-util-sanitize-uri cache-miss
1392 silly fetch manifest trim-lines@^3.0.0
1393 silly packumentCache full:https://registry.npmjs.org/trim-lines cache-miss
1394 http cache https://registry.npmjs.org/micromark-util-sanitize-uri 5ms (cache hit)
1395 silly packumentCache full:https://registry.npmjs.org/micromark-util-sanitize-uri set size:32376 disposed:false
1396 http cache https://registry.npmjs.org/trim-lines 4ms (cache hit)
1397 silly packumentCache full:https://registry.npmjs.org/trim-lines set size:28474 disposed:false
1398 silly placeDep ROOT micromark-util-sanitize-uri@2.0.1 OK for: mdast-util-to-hast@13.2.1 want: ^2.0.0
1399 silly placeDep ROOT trim-lines@3.0.1 OK for: mdast-util-to-hast@13.2.1 want: ^3.0.0
1400 silly fetch manifest micromark-util-character@^2.0.0
1401 silly packumentCache full:https://registry.npmjs.org/micromark-util-character cache-miss
1402 silly fetch manifest micromark-util-encode@^2.0.0
1403 silly packumentCache full:https://registry.npmjs.org/micromark-util-encode cache-miss
1404 silly fetch manifest micromark-util-symbol@^2.0.0
1405 silly packumentCache full:https://registry.npmjs.org/micromark-util-symbol cache-miss
1406 http cache https://registry.npmjs.org/micromark-util-encode 4ms (cache hit)
1407 silly packumentCache full:https://registry.npmjs.org/micromark-util-encode set size:28579 disposed:false
1408 http cache https://registry.npmjs.org/micromark-util-character 6ms (cache hit)
1409 silly packumentCache full:https://registry.npmjs.org/micromark-util-character set size:41720 disposed:false
1410 http cache https://registry.npmjs.org/micromark-util-symbol 5ms (cache hit)
1411 silly packumentCache full:https://registry.npmjs.org/micromark-util-symbol set size:29566 disposed:false
1412 silly placeDep ROOT micromark-util-character@2.1.1 OK for: micromark-util-sanitize-uri@2.0.1 want: ^2.0.0
1413 silly placeDep ROOT micromark-util-encode@2.0.1 OK for: micromark-util-sanitize-uri@2.0.1 want: ^2.0.0
1414 silly placeDep ROOT micromark-util-symbol@2.0.1 OK for: micromark-util-sanitize-uri@2.0.1 want: ^2.0.0
1415 silly placeDep ROOT micromark-util-types@2.0.2 OK for: micromark-util-character@2.1.1 want: ^2.0.0
1416 silly placeDep ROOT hast-util-to-html@9.0.5 OK for: rehype-stringify@10.0.1 want: ^9.0.0
1417 silly fetch manifest ccount@^2.0.0
1418 silly packumentCache full:https://registry.npmjs.org/ccount cache-miss
1419 silly fetch manifest hast-util-whitespace@^3.0.0
1420 silly packumentCache full:https://registry.npmjs.org/hast-util-whitespace cache-miss
1421 silly fetch manifest stringify-entities@^4.0.0
1422 silly packumentCache full:https://registry.npmjs.org/stringify-entities cache-miss
1423 http cache https://registry.npmjs.org/ccount 5ms (cache hit)
1424 silly packumentCache full:https://registry.npmjs.org/ccount set size:30836 disposed:false
1425 http cache https://registry.npmjs.org/hast-util-whitespace 6ms (cache hit)
1426 silly packumentCache full:https://registry.npmjs.org/hast-util-whitespace set size:35245 disposed:false
1427 http cache https://registry.npmjs.org/stringify-entities 6ms (cache hit)
1428 silly packumentCache full:https://registry.npmjs.org/stringify-entities set size:61449 disposed:false
1429 silly placeDep ROOT ccount@2.0.1 OK for: hast-util-to-html@9.0.5 want: ^2.0.0
1430 silly placeDep ROOT hast-util-whitespace@3.0.0 OK for: hast-util-to-html@9.0.5 want: ^3.0.0
1431 silly placeDep ROOT stringify-entities@4.0.4 OK for: hast-util-to-html@9.0.5 want: ^4.0.0
1432 silly fetch manifest character-entities-html4@^2.0.0
1433 silly packumentCache full:https://registry.npmjs.org/character-entities-html4 cache-miss
1434 silly fetch manifest character-entities-legacy@^3.0.0
1435 silly packumentCache full:https://registry.npmjs.org/character-entities-legacy cache-miss
1436 http cache https://registry.npmjs.org/character-entities-html4 5ms (cache hit)
1437 silly packumentCache full:https://registry.npmjs.org/character-entities-html4 set size:33529 disposed:false
1438 http cache https://registry.npmjs.org/character-entities-legacy 4ms (cache hit)
1439 silly packumentCache full:https://registry.npmjs.org/character-entities-legacy set size:34121 disposed:false
1440 silly placeDep ROOT mdast-util-gfm@3.1.0 OK for: remark-gfm@4.0.1 want: ^3.0.0
1441 silly placeDep ROOT micromark-extension-gfm@3.0.0 OK for: remark-gfm@4.0.1 want: ^3.0.0
1442 silly placeDep ROOT remark-stringify@11.0.0 OK for: remark-gfm@4.0.1 want: ^11.0.0
1443 silly fetch manifest mdast-util-gfm-autolink-literal@^2.0.0
1444 silly packumentCache full:https://registry.npmjs.org/mdast-util-gfm-autolink-literal cache-miss
1445 silly fetch manifest mdast-util-gfm-footnote@^2.0.0
1446 silly packumentCache full:https://registry.npmjs.org/mdast-util-gfm-footnote cache-miss
1447 silly fetch manifest mdast-util-gfm-strikethrough@^2.0.0
1448 silly packumentCache full:https://registry.npmjs.org/mdast-util-gfm-strikethrough cache-miss
1449 silly fetch manifest mdast-util-gfm-table@^2.0.0
1450 silly packumentCache full:https://registry.npmjs.org/mdast-util-gfm-table cache-miss
1451 silly fetch manifest mdast-util-gfm-task-list-item@^2.0.0
1452 silly packumentCache full:https://registry.npmjs.org/mdast-util-gfm-task-list-item cache-miss
1453 silly fetch manifest mdast-util-to-markdown@^2.0.0
1454 silly packumentCache full:https://registry.npmjs.org/mdast-util-to-markdown cache-miss
1455 silly fetch manifest micromark-extension-gfm-autolink-literal@^2.0.0
1456 silly packumentCache full:https://registry.npmjs.org/micromark-extension-gfm-autolink-literal cache-miss
1457 silly fetch manifest micromark-extension-gfm-footnote@^2.0.0
1458 silly packumentCache full:https://registry.npmjs.org/micromark-extension-gfm-footnote cache-miss
1459 silly fetch manifest micromark-extension-gfm-strikethrough@^2.0.0
1460 silly packumentCache full:https://registry.npmjs.org/micromark-extension-gfm-strikethrough cache-miss
1461 silly fetch manifest micromark-extension-gfm-table@^2.0.0
1462 silly packumentCache full:https://registry.npmjs.org/micromark-extension-gfm-table cache-miss
1463 silly fetch manifest micromark-extension-gfm-tagfilter@^2.0.0
1464 silly packumentCache full:https://registry.npmjs.org/micromark-extension-gfm-tagfilter cache-miss
1465 silly fetch manifest micromark-extension-gfm-task-list-item@^2.0.0
1466 silly packumentCache full:https://registry.npmjs.org/micromark-extension-gfm-task-list-item cache-miss
1467 silly fetch manifest micromark-util-combine-extensions@^2.0.0
1468 silly packumentCache full:https://registry.npmjs.org/micromark-util-combine-extensions cache-miss
1469 silly fetch manifest mdast-util-to-markdown@^2.0.0
1470 silly packumentCache full:https://registry.npmjs.org/mdast-util-to-markdown cache-miss
1471 http cache https://registry.npmjs.org/mdast-util-gfm-strikethrough 16ms (cache hit)
1472 silly packumentCache full:https://registry.npmjs.org/mdast-util-gfm-strikethrough set size:48239 disposed:false
1473 http cache https://registry.npmjs.org/mdast-util-gfm-footnote 16ms (cache hit)
1474 silly packumentCache full:https://registry.npmjs.org/mdast-util-gfm-footnote set size:31706 disposed:false
1475 http cache https://registry.npmjs.org/mdast-util-gfm-autolink-literal 17ms (cache hit)
1476 silly packumentCache full:https://registry.npmjs.org/mdast-util-gfm-autolink-literal set size:49400 disposed:false
1477 http cache https://registry.npmjs.org/mdast-util-gfm-table 17ms (cache hit)
1478 silly packumentCache full:https://registry.npmjs.org/mdast-util-gfm-table set size:76976 disposed:false
1479 http cache https://registry.npmjs.org/micromark-extension-gfm-footnote 17ms (cache hit)
1480 silly packumentCache full:https://registry.npmjs.org/micromark-extension-gfm-footnote set size:60743 disposed:false
1481 http cache https://registry.npmjs.org/mdast-util-to-markdown 18ms (cache hit)
1482 silly packumentCache full:https://registry.npmjs.org/mdast-util-to-markdown set size:179199 disposed:false
1483 http cache https://registry.npmjs.org/micromark-extension-gfm-table 19ms (cache hit)
1484 silly packumentCache full:https://registry.npmjs.org/micromark-extension-gfm-table set size:84320 disposed:false
1485 http cache https://registry.npmjs.org/mdast-util-gfm-task-list-item 20ms (cache hit)
1486 silly packumentCache full:https://registry.npmjs.org/mdast-util-gfm-task-list-item set size:51583 disposed:false
1487 http cache https://registry.npmjs.org/micromark-extension-gfm-autolink-literal 21ms (cache hit)
1488 silly packumentCache full:https://registry.npmjs.org/micromark-extension-gfm-autolink-literal set size:86832 disposed:false
1489 http cache https://registry.npmjs.org/micromark-extension-gfm-strikethrough 21ms (cache hit)
1490 silly packumentCache full:https://registry.npmjs.org/micromark-extension-gfm-strikethrough set size:85945 disposed:false
1491 http cache https://registry.npmjs.org/micromark-extension-gfm-tagfilter 22ms (cache hit)
1492 silly packumentCache full:https://registry.npmjs.org/micromark-extension-gfm-tagfilter set size:32464 disposed:false
1493 http cache https://registry.npmjs.org/micromark-util-combine-extensions 22ms (cache hit)
1494 silly packumentCache full:https://registry.npmjs.org/micromark-util-combine-extensions set size:28242 disposed:false
1495 http cache https://registry.npmjs.org/micromark-extension-gfm-task-list-item 23ms (cache hit)
1496 silly packumentCache full:https://registry.npmjs.org/micromark-extension-gfm-task-list-item set size:64020 disposed:false
1497 http cache https://registry.npmjs.org/mdast-util-to-markdown 23ms (cache hit)
1498 silly packumentCache full:https://registry.npmjs.org/mdast-util-to-markdown set size:179199 disposed:false
1499 silly packumentCache full:https://registry.npmjs.org/mdast-util-to-markdown dispose
1500 silly placeDep ROOT mdast-util-from-markdown@2.0.3 OK for: mdast-util-gfm@3.1.0 want: ^2.0.0
1501 silly placeDep ROOT mdast-util-gfm-autolink-literal@2.0.1 OK for: mdast-util-gfm@3.1.0 want: ^2.0.0
1502 silly placeDep ROOT mdast-util-gfm-footnote@2.1.0 OK for: mdast-util-gfm@3.1.0 want: ^2.0.0
1503 silly placeDep ROOT mdast-util-gfm-strikethrough@2.0.0 OK for: mdast-util-gfm@3.1.0 want: ^2.0.0
1504 silly placeDep ROOT mdast-util-gfm-table@2.0.0 OK for: mdast-util-gfm@3.1.0 want: ^2.0.0
1505 silly placeDep ROOT mdast-util-gfm-task-list-item@2.0.0 OK for: mdast-util-gfm@3.1.0 want: ^2.0.0
1506 silly placeDep ROOT mdast-util-to-markdown@2.1.2 OK for: mdast-util-gfm@3.1.0 want: ^2.0.0
1507 silly fetch manifest decode-named-character-reference@^1.0.0
1508 silly packumentCache full:https://registry.npmjs.org/decode-named-character-reference cache-miss
1509 silly fetch manifest mdast-util-to-string@^4.0.0
1510 silly packumentCache full:https://registry.npmjs.org/mdast-util-to-string cache-miss
1511 silly fetch manifest micromark@^4.0.0
1512 silly packumentCache full:https://registry.npmjs.org/micromark cache-miss
1513 silly fetch manifest micromark-util-decode-numeric-character-reference@^2.0.0
1514 silly packumentCache full:https://registry.npmjs.org/micromark-util-decode-numeric-character-reference cache-miss
1515 silly fetch manifest micromark-util-decode-string@^2.0.0
1516 silly packumentCache full:https://registry.npmjs.org/micromark-util-decode-string cache-miss
1517 silly fetch manifest micromark-util-normalize-identifier@^2.0.0
1518 silly packumentCache full:https://registry.npmjs.org/micromark-util-normalize-identifier cache-miss
1519 silly fetch manifest mdast-util-find-and-replace@^3.0.0
1520 silly packumentCache full:https://registry.npmjs.org/mdast-util-find-and-replace cache-miss
1521 silly fetch manifest micromark-util-normalize-identifier@^2.0.0
1522 silly packumentCache full:https://registry.npmjs.org/micromark-util-normalize-identifier cache-miss
1523 silly fetch manifest markdown-table@^3.0.0
1524 silly packumentCache full:https://registry.npmjs.org/markdown-table cache-miss
1525 silly fetch manifest longest-streak@^3.0.0
1526 silly packumentCache full:https://registry.npmjs.org/longest-streak cache-miss
1527 silly fetch manifest mdast-util-phrasing@^4.0.0
1528 silly packumentCache full:https://registry.npmjs.org/mdast-util-phrasing cache-miss
1529 silly fetch manifest mdast-util-to-string@^4.0.0
1530 silly packumentCache full:https://registry.npmjs.org/mdast-util-to-string cache-miss
1531 silly fetch manifest micromark-util-classify-character@^2.0.0
1532 silly packumentCache full:https://registry.npmjs.org/micromark-util-classify-character cache-miss
1533 silly fetch manifest micromark-util-decode-string@^2.0.0
1534 silly packumentCache full:https://registry.npmjs.org/micromark-util-decode-string cache-miss
1535 http cache https://registry.npmjs.org/micromark-util-decode-numeric-character-reference 39ms (cache hit)
1536 silly packumentCache full:https://registry.npmjs.org/micromark-util-decode-numeric-character-reference set size:21696 disposed:false
1537 http cache https://registry.npmjs.org/micromark-util-normalize-identifier 39ms (cache hit)
1538 silly packumentCache full:https://registry.npmjs.org/micromark-util-normalize-identifier set size:28578 disposed:false
1539 http cache https://registry.npmjs.org/mdast-util-to-string 40ms (cache hit)
1540 silly packumentCache full:https://registry.npmjs.org/mdast-util-to-string set size:60380 disposed:false
1541 http cache https://registry.npmjs.org/decode-named-character-reference 40ms (cache hit)
1542 silly packumentCache full:https://registry.npmjs.org/decode-named-character-reference set size:24840 disposed:false
1543 http cache https://registry.npmjs.org/micromark-util-normalize-identifier 40ms (cache hit)
1544 silly packumentCache full:https://registry.npmjs.org/micromark-util-normalize-identifier set size:28578 disposed:false
1545 silly packumentCache full:https://registry.npmjs.org/micromark-util-normalize-identifier dispose
1546 http cache https://registry.npmjs.org/mdast-util-find-and-replace 41ms (cache hit)
1547 silly packumentCache full:https://registry.npmjs.org/mdast-util-find-and-replace set size:53070 disposed:false
1548 http cache https://registry.npmjs.org/micromark 42ms (cache hit)
1549 silly packumentCache full:https://registry.npmjs.org/micromark set size:218079 disposed:false
1550 http cache https://registry.npmjs.org/mdast-util-phrasing 41ms (cache hit)
1551 silly packumentCache full:https://registry.npmjs.org/mdast-util-phrasing set size:35124 disposed:false
1552 http cache https://registry.npmjs.org/longest-streak 43ms (cache hit)
1553 silly packumentCache full:https://registry.npmjs.org/longest-streak set size:31102 disposed:false
1554 http cache https://registry.npmjs.org/micromark-util-decode-string 44ms (cache hit)
1555 silly packumentCache full:https://registry.npmjs.org/micromark-util-decode-string set size:20340 disposed:false
1556 http cache https://registry.npmjs.org/markdown-table 44ms (cache hit)
1557 silly packumentCache full:https://registry.npmjs.org/markdown-table set size:56516 disposed:false
1558 http cache https://registry.npmjs.org/mdast-util-to-string 43ms (cache hit)
1559 silly packumentCache full:https://registry.npmjs.org/mdast-util-to-string set size:60380 disposed:false
1560 silly packumentCache full:https://registry.npmjs.org/mdast-util-to-string dispose
1561 http cache https://registry.npmjs.org/micromark-util-decode-string 44ms (cache hit)
1562 silly packumentCache full:https://registry.npmjs.org/micromark-util-decode-string set size:20340 disposed:false
1563 silly packumentCache full:https://registry.npmjs.org/micromark-util-decode-string dispose
1564 http cache https://registry.npmjs.org/micromark-util-classify-character 44ms (cache hit)
1565 silly packumentCache full:https://registry.npmjs.org/micromark-util-classify-character set size:29135 disposed:false
1566 silly placeDep ROOT decode-named-character-reference@1.3.0 OK for: mdast-util-from-markdown@2.0.3 want: ^1.0.0
1567 silly placeDep ROOT mdast-util-to-string@4.0.0 OK for: mdast-util-from-markdown@2.0.3 want: ^4.0.0
1568 silly placeDep ROOT micromark@4.0.2 OK for: mdast-util-from-markdown@2.0.3 want: ^4.0.0
1569 silly placeDep ROOT micromark-util-decode-numeric-character-reference@2.0.2 OK for: mdast-util-from-markdown@2.0.3 want: ^2.0.0
1570 silly placeDep ROOT micromark-util-decode-string@2.0.1 OK for: mdast-util-from-markdown@2.0.3 want: ^2.0.0
1571 silly placeDep ROOT micromark-util-normalize-identifier@2.0.1 OK for: mdast-util-from-markdown@2.0.3 want: ^2.0.0
1572 silly placeDep ROOT unist-util-stringify-position@4.0.0 OK for: mdast-util-from-markdown@2.0.3 want: ^4.0.0
1573 silly fetch manifest character-entities@^2.0.0
1574 silly packumentCache full:https://registry.npmjs.org/character-entities cache-miss
1575 silly fetch manifest @types/debug@^4.0.0
1576 silly packumentCache full:https://registry.npmjs.org/@types%2fdebug cache-miss
1577 silly fetch manifest micromark-core-commonmark@^2.0.0
1578 silly packumentCache full:https://registry.npmjs.org/micromark-core-commonmark cache-miss
1579 silly fetch manifest micromark-factory-space@^2.0.0
1580 silly packumentCache full:https://registry.npmjs.org/micromark-factory-space cache-miss
1581 silly fetch manifest micromark-util-chunked@^2.0.0
1582 silly packumentCache full:https://registry.npmjs.org/micromark-util-chunked cache-miss
1583 silly fetch manifest micromark-util-resolve-all@^2.0.0
1584 silly packumentCache full:https://registry.npmjs.org/micromark-util-resolve-all cache-miss
1585 silly fetch manifest micromark-util-subtokenize@^2.0.0
1586 silly packumentCache full:https://registry.npmjs.org/micromark-util-subtokenize cache-miss
1587 http cache https://registry.npmjs.org/character-entities 8ms (cache hit)
1588 silly packumentCache full:https://registry.npmjs.org/character-entities set size:36394 disposed:false
1589 http cache https://registry.npmjs.org/micromark-core-commonmark 9ms (cache hit)
1590 silly packumentCache full:https://registry.npmjs.org/micromark-core-commonmark set size:55807 disposed:false
1591 http cache https://registry.npmjs.org/micromark-util-chunked 10ms (cache hit)
1592 silly packumentCache full:https://registry.npmjs.org/micromark-util-chunked set size:28101 disposed:false
1593 http cache https://registry.npmjs.org/micromark-factory-space 10ms (cache hit)
1594 silly packumentCache full:https://registry.npmjs.org/micromark-factory-space set size:28447 disposed:false
1595 http cache https://registry.npmjs.org/@types%2fdebug 11ms (cache hit)
1596 silly packumentCache full:https://registry.npmjs.org/@types%2fdebug set size:55727 disposed:false
1597 http cache https://registry.npmjs.org/micromark-util-resolve-all 12ms (cache hit)
1598 silly packumentCache full:https://registry.npmjs.org/micromark-util-resolve-all set size:27928 disposed:false
1599 http cache https://registry.npmjs.org/micromark-util-subtokenize 12ms (cache hit)
1600 silly packumentCache full:https://registry.npmjs.org/micromark-util-subtokenize set size:41632 disposed:false
1601 silly placeDep ROOT character-entities@2.0.2 OK for: decode-named-character-reference@1.3.0 want: ^2.0.0
1602 silly placeDep ROOT mdast-util-find-and-replace@3.0.2 OK for: mdast-util-gfm-autolink-literal@2.0.1 want: ^3.0.0
1603 silly fetch manifest escape-string-regexp@^5.0.0
1604 silly packumentCache full:https://registry.npmjs.org/escape-string-regexp cache-miss
1605 http cache https://registry.npmjs.org/escape-string-regexp 4ms (cache hit)
1606 silly packumentCache full:https://registry.npmjs.org/escape-string-regexp set size:22244 disposed:false
1607 silly placeDep ROOT escape-string-regexp@5.0.0 OK for: mdast-util-find-and-replace@3.0.2 want: ^5.0.0
1608 silly placeDep ROOT unist-util-is@6.0.1 OK for: mdast-util-find-and-replace@3.0.2 want: ^6.0.0
1609 silly placeDep ROOT markdown-table@3.0.4 OK for: mdast-util-gfm-table@2.0.0 want: ^3.0.0
1610 silly placeDep ROOT longest-streak@3.1.0 OK for: mdast-util-to-markdown@2.1.2 want: ^3.0.0
1611 silly placeDep ROOT mdast-util-phrasing@4.1.0 OK for: mdast-util-to-markdown@2.1.2 want: ^4.0.0
1612 silly placeDep ROOT micromark-util-classify-character@2.0.1 OK for: mdast-util-to-markdown@2.1.2 want: ^2.0.0
1613 silly placeDep ROOT @types/debug@4.1.13 OK for: micromark@4.0.2 want: ^4.0.0
1614 silly placeDep ROOT micromark-core-commonmark@2.0.3 OK for: micromark@4.0.2 want: ^2.0.0
1615 silly placeDep ROOT micromark-factory-space@2.0.1 OK for: micromark@4.0.2 want: ^2.0.0
1616 silly placeDep ROOT micromark-util-chunked@2.0.1 OK for: micromark@4.0.2 want: ^2.0.0
1617 silly placeDep ROOT micromark-util-combine-extensions@2.0.1 OK for: micromark@4.0.2 want: ^2.0.0
1618 silly placeDep ROOT micromark-util-resolve-all@2.0.1 OK for: micromark@4.0.2 want: ^2.0.0
1619 silly placeDep ROOT micromark-util-subtokenize@2.1.0 OK for: micromark@4.0.2 want: ^2.0.0
1620 silly fetch manifest @types/ms@*
1621 silly packumentCache full:https://registry.npmjs.org/@types%2fms cache-miss
1622 silly fetch manifest micromark-factory-destination@^2.0.0
1623 silly packumentCache full:https://registry.npmjs.org/micromark-factory-destination cache-miss
1624 silly fetch manifest micromark-factory-label@^2.0.0
1625 silly packumentCache full:https://registry.npmjs.org/micromark-factory-label cache-miss
1626 silly fetch manifest micromark-factory-title@^2.0.0
1627 silly packumentCache full:https://registry.npmjs.org/micromark-factory-title cache-miss
1628 silly fetch manifest micromark-factory-whitespace@^2.0.0
1629 silly packumentCache full:https://registry.npmjs.org/micromark-factory-whitespace cache-miss
1630 silly fetch manifest micromark-util-html-tag-name@^2.0.0
1631 silly packumentCache full:https://registry.npmjs.org/micromark-util-html-tag-name cache-miss
1632 http cache https://registry.npmjs.org/@types%2fms 7ms (cache hit)
1633 silly packumentCache full:https://registry.npmjs.org/@types%2fms set size:24399 disposed:false
1634 http cache https://registry.npmjs.org/micromark-factory-title 8ms (cache hit)
1635 silly packumentCache full:https://registry.npmjs.org/micromark-factory-title set size:34302 disposed:false
1636 http cache https://registry.npmjs.org/micromark-factory-label 9ms (cache hit)
1637 silly packumentCache full:https://registry.npmjs.org/micromark-factory-label set size:33915 disposed:false
1638 http cache https://registry.npmjs.org/micromark-factory-destination 9ms (cache hit)
1639 silly packumentCache full:https://registry.npmjs.org/micromark-factory-destination set size:29173 disposed:false
1640 http cache https://registry.npmjs.org/micromark-util-html-tag-name 9ms (cache hit)
1641 silly packumentCache full:https://registry.npmjs.org/micromark-util-html-tag-name set size:29833 disposed:false
1642 http cache https://registry.npmjs.org/micromark-factory-whitespace 9ms (cache hit)
1643 silly packumentCache full:https://registry.npmjs.org/micromark-factory-whitespace set size:28974 disposed:false
1644 silly placeDep ROOT @types/ms@2.1.0 OK for: @types/debug@4.1.13 want: *
1645 silly placeDep ROOT micromark-factory-destination@2.0.1 OK for: micromark-core-commonmark@2.0.3 want: ^2.0.0
1646 silly placeDep ROOT micromark-factory-label@2.0.1 OK for: micromark-core-commonmark@2.0.3 want: ^2.0.0
1647 silly placeDep ROOT micromark-factory-title@2.0.1 OK for: micromark-core-commonmark@2.0.3 want: ^2.0.0
1648 silly placeDep ROOT micromark-factory-whitespace@2.0.1 OK for: micromark-core-commonmark@2.0.3 want: ^2.0.0
1649 silly placeDep ROOT micromark-util-html-tag-name@2.0.1 OK for: micromark-core-commonmark@2.0.3 want: ^2.0.0
1650 silly placeDep ROOT micromark-extension-gfm-autolink-literal@2.1.0 OK for: micromark-extension-gfm@3.0.0 want: ^2.0.0
1651 silly placeDep ROOT micromark-extension-gfm-footnote@2.1.0 OK for: micromark-extension-gfm@3.0.0 want: ^2.0.0
1652 silly placeDep ROOT micromark-extension-gfm-strikethrough@2.1.0 OK for: micromark-extension-gfm@3.0.0 want: ^2.0.0
1653 silly placeDep ROOT micromark-extension-gfm-table@2.1.2 OK for: micromark-extension-gfm@3.0.0 want: ^2.0.0
1654 silly placeDep ROOT micromark-extension-gfm-tagfilter@2.0.0 OK for: micromark-extension-gfm@3.0.0 want: ^2.0.0
1655 silly placeDep ROOT micromark-extension-gfm-task-list-item@2.1.0 OK for: micromark-extension-gfm@3.0.0 want: ^2.0.0
1656 silly placeDep ROOT retext@9.0.0 OK for: remark-smartypants@3.0.3 want: ^9.0.0
1657 silly placeDep ROOT retext-smartypants@6.2.0 OK for: remark-smartypants@3.0.3 want: ^6.0.0
1658 silly fetch manifest @types/nlcst@^2.0.0
1659 silly packumentCache full:https://registry.npmjs.org/@types%2fnlcst cache-miss
1660 silly fetch manifest retext-latin@^4.0.0
1661 silly packumentCache full:https://registry.npmjs.org/retext-latin cache-miss
1662 silly fetch manifest retext-stringify@^4.0.0
1663 silly packumentCache full:https://registry.npmjs.org/retext-stringify cache-miss
1664 silly fetch manifest @types/nlcst@^2.0.0
1665 silly packumentCache full:https://registry.npmjs.org/@types%2fnlcst cache-miss
1666 silly fetch manifest nlcst-to-string@^4.0.0
1667 silly packumentCache full:https://registry.npmjs.org/nlcst-to-string cache-miss
1668 http cache https://registry.npmjs.org/@types%2fnlcst 7ms (cache hit)
1669 silly packumentCache full:https://registry.npmjs.org/@types%2fnlcst set size:17041 disposed:false
1670 http cache https://registry.npmjs.org/nlcst-to-string 8ms (cache hit)
1671 silly packumentCache full:https://registry.npmjs.org/nlcst-to-string set size:60981 disposed:false
1672 http cache https://registry.npmjs.org/retext-stringify 9ms (cache hit)
1673 silly packumentCache full:https://registry.npmjs.org/retext-stringify set size:32353 disposed:false
1674 http cache https://registry.npmjs.org/@types%2fnlcst 9ms (cache hit)
1675 silly packumentCache full:https://registry.npmjs.org/@types%2fnlcst set size:17041 disposed:false
1676 silly packumentCache full:https://registry.npmjs.org/@types%2fnlcst dispose
1677 http cache https://registry.npmjs.org/retext-latin 9ms (cache hit)
1678 silly packumentCache full:https://registry.npmjs.org/retext-latin set size:32728 disposed:false
1679 silly placeDep ROOT @types/nlcst@2.0.3 OK for: retext@9.0.0 want: ^2.0.0
1680 silly placeDep ROOT retext-latin@4.0.0 OK for: retext@9.0.0 want: ^4.0.0
1681 silly placeDep ROOT retext-stringify@4.0.0 OK for: retext@9.0.0 want: ^4.0.0
1682 silly fetch manifest parse-latin@^7.0.0
1683 silly packumentCache full:https://registry.npmjs.org/parse-latin cache-miss
1684 http cache https://registry.npmjs.org/parse-latin 3ms (cache hit)
1685 silly packumentCache full:https://registry.npmjs.org/parse-latin set size:117173 disposed:false
1686 silly placeDep ROOT parse-latin@7.0.0 OK for: retext-latin@4.0.0 want: ^7.0.0
1687 silly fetch manifest unist-util-modify-children@^4.0.0
1688 silly packumentCache full:https://registry.npmjs.org/unist-util-modify-children cache-miss
1689 silly fetch manifest unist-util-visit-children@^3.0.0
1690 silly packumentCache full:https://registry.npmjs.org/unist-util-visit-children cache-miss
1691 http cache https://registry.npmjs.org/unist-util-modify-children 3ms (cache hit)
1692 silly packumentCache full:https://registry.npmjs.org/unist-util-modify-children set size:52794 disposed:false
1693 http cache https://registry.npmjs.org/unist-util-visit-children 4ms (cache hit)
1694 silly packumentCache full:https://registry.npmjs.org/unist-util-visit-children set size:40599 disposed:false
1695 silly placeDep ROOT nlcst-to-string@4.0.0 OK for: parse-latin@7.0.0 want: ^4.0.0
1696 silly placeDep ROOT unist-util-modify-children@4.0.0 OK for: parse-latin@7.0.0 want: ^4.0.0
1697 silly placeDep ROOT unist-util-visit-children@3.0.0 OK for: parse-latin@7.0.0 want: ^3.0.0
1698 silly fetch manifest array-iterate@^2.0.0
1699 silly packumentCache full:https://registry.npmjs.org/array-iterate cache-miss
1700 http cache https://registry.npmjs.org/array-iterate 3ms (cache hit)
1701 silly packumentCache full:https://registry.npmjs.org/array-iterate set size:33823 disposed:false
1702 silly placeDep ROOT @img/colour@1.1.0 OK for: sharp@0.34.5 want: ^1.0.0
1703 silly placeDep ROOT @img/sharp-darwin-arm64@0.34.5 OK for: sharp@0.34.5 want: 0.34.5
1704 silly placeDep ROOT @img/sharp-darwin-x64@0.34.5 OK for: sharp@0.34.5 want: 0.34.5
1705 silly placeDep ROOT @img/sharp-libvips-darwin-arm64@1.2.4 OK for: sharp@0.34.5 want: 1.2.4
1706 silly placeDep ROOT @img/sharp-libvips-darwin-x64@1.2.4 OK for: sharp@0.34.5 want: 1.2.4
1707 silly placeDep ROOT @img/sharp-libvips-linux-arm@1.2.4 OK for: sharp@0.34.5 want: 1.2.4
1708 silly placeDep ROOT @img/sharp-libvips-linux-arm64@1.2.4 OK for: sharp@0.34.5 want: 1.2.4
1709 silly placeDep ROOT @img/sharp-libvips-linux-ppc64@1.2.4 OK for: sharp@0.34.5 want: 1.2.4
1710 silly placeDep ROOT @img/sharp-libvips-linux-riscv64@1.2.4 OK for: sharp@0.34.5 want: 1.2.4
1711 silly placeDep ROOT @img/sharp-libvips-linux-s390x@1.2.4 OK for: sharp@0.34.5 want: 1.2.4
1712 silly placeDep ROOT @img/sharp-libvips-linux-x64@1.2.4 OK for: sharp@0.34.5 want: 1.2.4
1713 silly placeDep ROOT @img/sharp-libvips-linuxmusl-arm64@1.2.4 OK for: sharp@0.34.5 want: 1.2.4
1714 silly placeDep ROOT @img/sharp-libvips-linuxmusl-x64@1.2.4 OK for: sharp@0.34.5 want: 1.2.4
1715 silly placeDep ROOT @img/sharp-linux-arm@0.34.5 OK for: sharp@0.34.5 want: 0.34.5
1716 silly placeDep ROOT @img/sharp-linux-arm64@0.34.5 OK for: sharp@0.34.5 want: 0.34.5
1717 silly placeDep ROOT @img/sharp-linux-ppc64@0.34.5 OK for: sharp@0.34.5 want: 0.34.5
1718 silly placeDep ROOT @img/sharp-linux-riscv64@0.34.5 OK for: sharp@0.34.5 want: 0.34.5
1719 silly placeDep ROOT @img/sharp-linux-s390x@0.34.5 OK for: sharp@0.34.5 want: 0.34.5
1720 silly placeDep ROOT @img/sharp-linux-x64@0.34.5 OK for: sharp@0.34.5 want: 0.34.5
1721 silly placeDep ROOT @img/sharp-linuxmusl-arm64@0.34.5 OK for: sharp@0.34.5 want: 0.34.5
1722 silly placeDep ROOT @img/sharp-linuxmusl-x64@0.34.5 OK for: sharp@0.34.5 want: 0.34.5
1723 silly placeDep ROOT @img/sharp-wasm32@0.34.5 OK for: sharp@0.34.5 want: 0.34.5
1724 silly placeDep ROOT @img/sharp-win32-arm64@0.34.5 OK for: sharp@0.34.5 want: 0.34.5
1725 silly placeDep ROOT @img/sharp-win32-ia32@0.34.5 OK for: sharp@0.34.5 want: 0.34.5
1726 silly placeDep ROOT @img/sharp-win32-x64@0.34.5 OK for: sharp@0.34.5 want: 0.34.5
1727 silly placeDep ROOT detect-libc@2.1.2 OK for: sharp@0.34.5 want: ^2.1.2
1728 silly fetch manifest @emnapi/runtime@^1.7.0
1729 silly packumentCache full:https://registry.npmjs.org/@emnapi%2fruntime cache-miss
1730 http cache https://registry.npmjs.org/@emnapi%2fruntime 4ms (cache hit)
1731 silly packumentCache full:https://registry.npmjs.org/@emnapi%2fruntime set size:127256 disposed:false
1732 silly placeDep ROOT @emnapi/runtime@1.11.3 OK for: @img/sharp-wasm32@0.34.5 want: ^1.7.0
1733 silly fetch manifest tslib@^2.4.0
1734 silly packumentCache full:https://registry.npmjs.org/tslib cache-miss
1735 http cache https://registry.npmjs.org/tslib 3ms (cache hit)
1736 silly packumentCache full:https://registry.npmjs.org/tslib set size:108843 disposed:false
1737 silly placeDep ROOT tslib@2.8.1 OK for: @emnapi/runtime@1.11.3 want: ^2.4.0
1738 silly placeDep ROOT @shikijs/core@3.23.0 OK for: shiki@3.23.0 want: 3.23.0
1739 silly placeDep ROOT @shikijs/engine-javascript@3.23.0 OK for: shiki@3.23.0 want: 3.23.0
1740 silly placeDep ROOT @shikijs/engine-oniguruma@3.23.0 OK for: shiki@3.23.0 want: 3.23.0
1741 silly placeDep ROOT @shikijs/langs@3.23.0 OK for: shiki@3.23.0 want: 3.23.0
1742 silly placeDep ROOT @shikijs/themes@3.23.0 OK for: shiki@3.23.0 want: 3.23.0
1743 silly placeDep ROOT @shikijs/types@3.23.0 OK for: shiki@3.23.0 want: 3.23.0
1744 silly placeDep ROOT @shikijs/vscode-textmate@10.0.2 OK for: shiki@3.23.0 want: ^10.0.2
1745 silly fetch manifest oniguruma-to-es@^4.3.4
1746 silly packumentCache full:https://registry.npmjs.org/oniguruma-to-es cache-miss
1747 http cache https://registry.npmjs.org/oniguruma-to-es 4ms (cache hit)
1748 silly packumentCache full:https://registry.npmjs.org/oniguruma-to-es set size:143732 disposed:false
1749 silly placeDep ROOT oniguruma-to-es@4.3.6 OK for: @shikijs/engine-javascript@3.23.0 want: ^4.3.4
1750 silly fetch manifest oniguruma-parser@^0.12.2
1751 silly packumentCache full:https://registry.npmjs.org/oniguruma-parser cache-miss
1752 silly fetch manifest regex@^6.1.0
1753 silly packumentCache full:https://registry.npmjs.org/regex cache-miss
1754 silly fetch manifest regex-recursion@^6.0.2
1755 silly packumentCache full:https://registry.npmjs.org/regex-recursion cache-miss
1756 http cache https://registry.npmjs.org/oniguruma-parser 6ms (cache hit)
1757 silly packumentCache full:https://registry.npmjs.org/oniguruma-parser set size:84201 disposed:false
1758 http cache https://registry.npmjs.org/regex 8ms (cache hit)
1759 silly packumentCache full:https://registry.npmjs.org/regex set size:122384 disposed:false
1760 http cache https://registry.npmjs.org/regex-recursion 9ms (cache hit)
1761 silly packumentCache full:https://registry.npmjs.org/regex-recursion set size:35271 disposed:false
1762 silly placeDep ROOT oniguruma-parser@0.12.2 OK for: oniguruma-to-es@4.3.6 want: ^0.12.2
1763 silly placeDep ROOT regex@6.1.0 OK for: oniguruma-to-es@4.3.6 want: ^6.1.0
1764 silly placeDep ROOT regex-recursion@6.0.2 OK for: oniguruma-to-es@4.3.6 want: ^6.0.2
1765 silly fetch manifest regex-utilities@^2.3.0
1766 silly packumentCache full:https://registry.npmjs.org/regex-utilities cache-miss
1767 silly fetch manifest regex-utilities@^2.3.0
1768 silly packumentCache full:https://registry.npmjs.org/regex-utilities cache-miss
1769 http cache https://registry.npmjs.org/regex-utilities 3ms (cache hit)
1770 silly packumentCache full:https://registry.npmjs.org/regex-utilities set size:16214 disposed:false
1771 http cache https://registry.npmjs.org/regex-utilities 11ms (cache hit)
1772 silly packumentCache full:https://registry.npmjs.org/regex-utilities set size:16214 disposed:false
1773 silly packumentCache full:https://registry.npmjs.org/regex-utilities dispose
1774 silly placeDep ROOT regex-utilities@2.3.0 OK for: regex@6.1.0 want: ^2.3.0
1775 silly placeDep ROOT emoji-regex@10.6.0 OK for: string-width@7.2.0 want: ^10.3.0
1776 silly placeDep ROOT get-east-asian-width@1.6.0 OK for: string-width@7.2.0 want: ^1.0.0
1777 silly placeDep ROOT strip-ansi@7.2.0 OK for: string-width@7.2.0 want: ^7.1.0
1778 silly fetch manifest ansi-regex@^6.2.2
1779 silly packumentCache full:https://registry.npmjs.org/ansi-regex cache-miss
1780 http cache https://registry.npmjs.org/ansi-regex 3ms (cache hit)
1781 silly packumentCache full:https://registry.npmjs.org/ansi-regex set size:48203 disposed:false
1782 silly placeDep ROOT character-entities-html4@2.1.0 OK for: stringify-entities@4.0.4 want: ^2.0.0
1783 silly placeDep ROOT character-entities-legacy@3.0.0 OK for: stringify-entities@4.0.4 want: ^3.0.0
1784 silly placeDep ROOT ansi-regex@6.3.0 OK for: strip-ansi@7.2.0 want: ^6.2.2
1785 silly placeDep ROOT commander@11.1.0 OK for: svgo@4.1.0 want: ^11.1.0
1786 silly placeDep ROOT css-select@6.0.0 OK for: svgo@4.1.0 want: ^6.0.0
1787 silly placeDep ROOT css-tree@3.2.1 OK for: svgo@4.1.0 want: ^3.0.1
1788 silly placeDep ROOT css-what@7.0.0 OK for: svgo@4.1.0 want: ^7.0.0
1789 silly placeDep ROOT csso@5.0.5 OK for: svgo@4.1.0 want: ^5.0.5
1790 silly placeDep ROOT picocolors@1.1.1 OK for: svgo@4.1.0 want: ^1.1.1
1791 silly placeDep ROOT sax@1.6.1 OK for: svgo@4.1.0 want: 1.6.1
1792 silly fetch manifest boolbase@^1.0.0
1793 silly packumentCache full:https://registry.npmjs.org/boolbase cache-miss
1794 silly fetch manifest domutils@^3.2.2
1795 silly packumentCache full:https://registry.npmjs.org/domutils cache-miss
1796 silly fetch manifest nth-check@^2.1.1
1797 silly packumentCache full:https://registry.npmjs.org/nth-check cache-miss
1798 silly fetch manifest domhandler@^5.0.3
1799 silly packumentCache full:https://registry.npmjs.org/domhandler cache-miss
1800 silly fetch manifest mdn-data@2.27.1
1801 silly packumentCache full:https://registry.npmjs.org/mdn-data cache-miss
1802 silly fetch manifest css-tree@~2.2.0
1803 silly packumentCache full:https://registry.npmjs.org/css-tree cache-hit
1804 http cache https://registry.npmjs.org/boolbase 8ms (cache hit)
1805 silly packumentCache full:https://registry.npmjs.org/boolbase set size:4438 disposed:false
1806 http cache https://registry.npmjs.org/domutils 8ms (cache hit)
1807 silly packumentCache full:https://registry.npmjs.org/domutils set size:110068 disposed:false
1808 http cache https://registry.npmjs.org/mdn-data 9ms (cache hit)
1809 silly packumentCache full:https://registry.npmjs.org/mdn-data set size:191647 disposed:false
1810 http cache https://registry.npmjs.org/nth-check 12ms (cache hit)
1811 silly packumentCache full:https://registry.npmjs.org/nth-check set size:27445 disposed:false
1812 http cache https://registry.npmjs.org/domhandler 12ms (cache hit)
1813 silly packumentCache full:https://registry.npmjs.org/domhandler set size:78187 disposed:false
1814 silly placeDep ROOT boolbase@1.0.0 OK for: css-select@6.0.0 want: ^1.0.0
1815 silly placeDep ROOT domhandler@5.0.3 OK for: css-select@6.0.0 want: ^5.0.3
1816 silly placeDep ROOT domutils@3.2.2 OK for: css-select@6.0.0 want: ^3.2.2
1817 silly placeDep ROOT nth-check@2.1.1 OK for: css-select@6.0.0 want: ^2.1.1
1818 silly fetch manifest domelementtype@^2.3.0
1819 silly packumentCache full:https://registry.npmjs.org/domelementtype cache-miss
1820 silly fetch manifest dom-serializer@^2.0.0
1821 silly packumentCache full:https://registry.npmjs.org/dom-serializer cache-miss
1822 silly fetch manifest domelementtype@^2.3.0
1823 silly packumentCache full:https://registry.npmjs.org/domelementtype cache-miss
1824 http cache https://registry.npmjs.org/domelementtype 4ms (cache hit)
1825 silly packumentCache full:https://registry.npmjs.org/domelementtype set size:33363 disposed:false
1826 http cache https://registry.npmjs.org/domelementtype 5ms (cache hit)
1827 silly packumentCache full:https://registry.npmjs.org/domelementtype set size:33363 disposed:false
1828 silly packumentCache full:https://registry.npmjs.org/domelementtype dispose
1829 http cache https://registry.npmjs.org/dom-serializer 6ms (cache hit)
1830 silly packumentCache full:https://registry.npmjs.org/dom-serializer set size:61296 disposed:false
1831 silly placeDep ROOT mdn-data@2.27.1 OK for: css-tree@3.2.1 want: 2.27.1
1832 silly placeDep node_modules/csso css-tree@2.2.1 OK for: csso@5.0.5 want: ~2.2.0
1833 silly fetch manifest mdn-data@2.0.28
1834 silly packumentCache full:https://registry.npmjs.org/mdn-data cache-hit
1835 silly placeDep ROOT domelementtype@2.3.0 OK for: domhandler@5.0.3 want: ^2.3.0
1836 silly placeDep ROOT dom-serializer@2.0.0 OK for: domutils@3.2.2 want: ^2.0.0
1837 silly fetch manifest entities@^4.2.0
1838 silly packumentCache full:https://registry.npmjs.org/entities cache-hit
1839 silly placeDep node_modules/dom-serializer entities@4.5.0 OK for: dom-serializer@2.0.0 want: ^4.2.0
1840 silly fetch manifest picomatch@^4.0.4
1841 silly packumentCache full:https://registry.npmjs.org/picomatch cache-hit
1842 silly placeDep ROOT fdir@6.5.0 OK for: tinyglobby@0.2.17 want: ^6.5.0
1843 silly placeDep ROOT bail@2.0.2 OK for: unified@11.0.5 want: ^2.0.0
1844 silly placeDep ROOT extend@3.0.2 OK for: unified@11.0.5 want: ^3.0.0
1845 silly placeDep ROOT is-plain-obj@4.1.0 OK for: unified@11.0.5 want: ^4.0.0
1846 silly placeDep ROOT trough@2.2.0 OK for: unified@11.0.5 want: ^2.0.0
1847 silly placeDep ROOT ohash@2.0.12 OK for: unifont@0.7.5 want: ^2.0.11
1848 silly placeDep ROOT undici@8.10.2 OK for: unifont@0.7.5 want: ^8.0.0
1849 silly placeDep ROOT array-iterate@2.0.1 OK for: unist-util-modify-children@4.0.0 want: ^2.0.0
1850 silly placeDep ROOT anymatch@3.1.3 OK for: unstorage@1.17.5 want: ^3.1.3
1851 silly placeDep ROOT chokidar@5.0.0 OK for: unstorage@1.17.5 want: ^5.0.0
1852 silly placeDep ROOT destr@2.0.5 OK for: unstorage@1.17.5 want: ^2.0.5
1853 silly placeDep ROOT h3@1.15.11 OK for: unstorage@1.17.5 want: ^1.15.10
1854 silly placeDep ROOT lru-cache@11.5.2 OK for: unstorage@1.17.5 want: ^11.2.7
1855 silly placeDep ROOT node-fetch-native@1.6.7 OK for: unstorage@1.17.5 want: ^1.6.7
1856 silly placeDep ROOT ofetch@1.5.1 OK for: unstorage@1.17.5 want: ^1.5.1
1857 silly placeDep ROOT ufo@1.6.4 OK for: unstorage@1.17.5 want: ^1.6.3
1858 silly fetch manifest picomatch@^2.0.4
1859 silly packumentCache full:https://registry.npmjs.org/picomatch cache-hit
1860 silly fetch manifest normalize-path@^3.0.0
1861 silly packumentCache full:https://registry.npmjs.org/normalize-path cache-miss
1862 silly fetch manifest readdirp@^5.0.0
1863 silly packumentCache full:https://registry.npmjs.org/readdirp cache-miss
1864 silly fetch manifest defu@^6.1.6
1865 silly packumentCache full:https://registry.npmjs.org/defu cache-miss
1866 silly fetch manifest radix3@^1.1.2
1867 silly packumentCache full:https://registry.npmjs.org/radix3 cache-miss
1868 silly fetch manifest crossws@^0.3.5
1869 silly packumentCache full:https://registry.npmjs.org/crossws cache-hit
1870 silly fetch manifest uncrypto@^0.1.3
1871 silly packumentCache full:https://registry.npmjs.org/uncrypto cache-miss
1872 silly fetch manifest cookie-es@^1.2.3
1873 silly packumentCache full:https://registry.npmjs.org/cookie-es cache-miss
1874 silly fetch manifest iron-webcrypto@^1.2.1
1875 silly packumentCache full:https://registry.npmjs.org/iron-webcrypto cache-miss
1876 silly fetch manifest node-mock-http@^1.0.4
1877 silly packumentCache full:https://registry.npmjs.org/node-mock-http cache-miss
1878 silly fetch manifest ufo@^1.6.1
1879 silly packumentCache full:https://registry.npmjs.org/ufo cache-hit
1880 http cache https://registry.npmjs.org/normalize-path 13ms (cache hit)
1881 silly packumentCache full:https://registry.npmjs.org/normalize-path set size:28713 disposed:false
1882 http cache https://registry.npmjs.org/node-mock-http 13ms (cache hit)
1883 silly packumentCache full:https://registry.npmjs.org/node-mock-http set size:28745 disposed:false
1884 http cache https://registry.npmjs.org/cookie-es 13ms (cache hit)
1885 silly packumentCache full:https://registry.npmjs.org/cookie-es set size:30011 disposed:false
1886 http cache https://registry.npmjs.org/defu 15ms (cache hit)
1887 silly packumentCache full:https://registry.npmjs.org/defu set size:87806 disposed:false
1888 http cache https://registry.npmjs.org/readdirp 16ms (cache hit)
1889 silly packumentCache full:https://registry.npmjs.org/readdirp set size:110119 disposed:false
1890 http cache https://registry.npmjs.org/uncrypto 16ms (cache hit)
1891 silly packumentCache full:https://registry.npmjs.org/uncrypto set size:15333 disposed:false
1892 http cache https://registry.npmjs.org/radix3 18ms (cache hit)
1893 silly packumentCache full:https://registry.npmjs.org/radix3 set size:36680 disposed:false
1894 http cache https://registry.npmjs.org/iron-webcrypto 17ms (cache hit)
1895 silly packumentCache full:https://registry.npmjs.org/iron-webcrypto set size:132942 disposed:false
1896 silly placeDep ROOT normalize-path@3.0.0 OK for: anymatch@3.1.3 want: ^3.0.0
1897 silly placeDep node_modules/anymatch picomatch@2.3.2 OK for: anymatch@3.1.3 want: ^2.0.4
1898 silly placeDep ROOT readdirp@5.1.1 OK for: chokidar@5.0.0 want: ^5.0.0
1899 silly placeDep ROOT cookie-es@1.2.3 OK for: h3@1.15.11 want: ^1.2.3
1900 silly placeDep ROOT crossws@0.3.5 OK for: h3@1.15.11 want: ^0.3.5
1901 silly placeDep ROOT defu@6.1.7 OK for: h3@1.15.11 want: ^6.1.6
1902 silly placeDep ROOT iron-webcrypto@1.2.1 OK for: h3@1.15.11 want: ^1.2.1
1903 silly placeDep ROOT node-mock-http@1.0.5 OK for: h3@1.15.11 want: ^1.0.4
1904 silly placeDep ROOT radix3@1.1.2 OK for: h3@1.15.11 want: ^1.1.2
1905 silly placeDep ROOT uncrypto@0.1.3 OK for: h3@1.15.11 want: ^0.1.3
1906 silly placeDep ROOT base64-arraybuffer@1.0.2 OK for: utrie@1.0.2 want: ^1.0.2
1907 silly placeDep node_modules/vite esbuild@0.25.12 OK for: vite@6.4.3 want: ^0.25.0
1908 silly placeDep ROOT fsevents@2.3.3 OK for: vite@6.4.3 want: ~2.3.3
1909 silly placeDep ROOT postcss@8.5.28 OK for: vite@6.4.3 want: ^8.5.3
1910 silly placeDep ROOT rollup@4.63.3 OK for: vite@6.4.3 want: ^4.34.9
1911 silly fetch manifest @esbuild/aix-ppc64@0.25.12
1912 silly packumentCache full:https://registry.npmjs.org/@esbuild%2faix-ppc64 cache-hit
1913 silly fetch manifest @esbuild/linux-arm@0.25.12
1914 silly packumentCache full:https://registry.npmjs.org/@esbuild%2flinux-arm cache-hit
1915 silly fetch manifest @esbuild/linux-x64@0.25.12
1916 silly packumentCache full:https://registry.npmjs.org/@esbuild%2flinux-x64 cache-hit
1917 silly fetch manifest @esbuild/sunos-x64@0.25.12
1918 silly packumentCache full:https://registry.npmjs.org/@esbuild%2fsunos-x64 cache-hit
1919 silly fetch manifest @esbuild/win32-x64@0.25.12
1920 silly packumentCache full:https://registry.npmjs.org/@esbuild%2fwin32-x64 cache-hit
1921 silly fetch manifest @esbuild/darwin-x64@0.25.12
1922 silly packumentCache full:https://registry.npmjs.org/@esbuild%2fdarwin-x64 cache-hit
1923 silly fetch manifest @esbuild/linux-ia32@0.25.12
1924 silly packumentCache full:https://registry.npmjs.org/@esbuild%2flinux-ia32 cache-hit
1925 silly fetch manifest @esbuild/netbsd-x64@0.25.12
1926 silly packumentCache full:https://registry.npmjs.org/@esbuild%2fnetbsd-x64 cache-hit
1927 silly fetch manifest @esbuild/win32-ia32@0.25.12
1928 silly packumentCache full:https://registry.npmjs.org/@esbuild%2fwin32-ia32 cache-hit
1929 silly fetch manifest @esbuild/android-arm@0.25.12
1930 silly packumentCache full:https://registry.npmjs.org/@esbuild%2fandroid-arm cache-hit
1931 silly fetch manifest @esbuild/android-x64@0.25.12
1932 silly packumentCache full:https://registry.npmjs.org/@esbuild%2fandroid-x64 cache-hit
1933 silly fetch manifest @esbuild/freebsd-x64@0.25.12
1934 silly packumentCache full:https://registry.npmjs.org/@esbuild%2ffreebsd-x64 cache-hit
1935 silly fetch manifest @esbuild/linux-arm64@0.25.12
1936 silly packumentCache full:https://registry.npmjs.org/@esbuild%2flinux-arm64 cache-hit
1937 silly fetch manifest @esbuild/linux-ppc64@0.25.12
1938 silly packumentCache full:https://registry.npmjs.org/@esbuild%2flinux-ppc64 cache-hit
1939 silly fetch manifest @esbuild/linux-s390x@0.25.12
1940 silly packumentCache full:https://registry.npmjs.org/@esbuild%2flinux-s390x cache-hit
1941 silly fetch manifest @esbuild/openbsd-x64@0.25.12
1942 silly packumentCache full:https://registry.npmjs.org/@esbuild%2fopenbsd-x64 cache-hit
1943 silly fetch manifest @esbuild/win32-arm64@0.25.12
1944 silly packumentCache full:https://registry.npmjs.org/@esbuild%2fwin32-arm64 cache-hit
1945 silly fetch manifest @esbuild/darwin-arm64@0.25.12
1946 silly packumentCache full:https://registry.npmjs.org/@esbuild%2fdarwin-arm64 cache-hit
1947 silly fetch manifest @esbuild/netbsd-arm64@0.25.12
1948 silly packumentCache full:https://registry.npmjs.org/@esbuild%2fnetbsd-arm64 cache-hit
1949 silly fetch manifest @esbuild/android-arm64@0.25.12
1950 silly packumentCache full:https://registry.npmjs.org/@esbuild%2fandroid-arm64 cache-hit
1951 silly fetch manifest @esbuild/freebsd-arm64@0.25.12
1952 silly packumentCache full:https://registry.npmjs.org/@esbuild%2ffreebsd-arm64 cache-hit
1953 silly fetch manifest @esbuild/linux-loong64@0.25.12
1954 silly packumentCache full:https://registry.npmjs.org/@esbuild%2flinux-loong64 cache-hit
1955 silly fetch manifest @esbuild/linux-riscv64@0.25.12
1956 silly packumentCache full:https://registry.npmjs.org/@esbuild%2flinux-riscv64 cache-hit
1957 silly fetch manifest @esbuild/openbsd-arm64@0.25.12
1958 silly packumentCache full:https://registry.npmjs.org/@esbuild%2fopenbsd-arm64 cache-hit
1959 silly fetch manifest @esbuild/linux-mips64el@0.25.12
1960 silly packumentCache full:https://registry.npmjs.org/@esbuild%2flinux-mips64el cache-hit
1961 silly fetch manifest @esbuild/openharmony-arm64@0.25.12
1962 silly packumentCache full:https://registry.npmjs.org/@esbuild%2fopenharmony-arm64 cache-hit
1963 silly fetch manifest nanoid@^3.3.18
1964 silly packumentCache full:https://registry.npmjs.org/nanoid cache-miss
1965 silly fetch manifest @rollup/rollup-darwin-x64@4.63.3
1966 silly packumentCache full:https://registry.npmjs.org/@rollup%2frollup-darwin-x64 cache-miss
1967 silly fetch manifest @rollup/rollup-freebsd-x64@4.63.3
1968 silly packumentCache full:https://registry.npmjs.org/@rollup%2frollup-freebsd-x64 cache-miss
1969 silly fetch manifest @rollup/rollup-openbsd-x64@4.63.3
1970 silly packumentCache full:https://registry.npmjs.org/@rollup%2frollup-openbsd-x64 cache-miss
1971 silly fetch manifest @napi-rs/lzma-linux-x64-gnu@1.5.1
1972 silly packumentCache full:https://registry.npmjs.org/@napi-rs%2flzma-linux-x64-gnu cache-miss
1973 silly fetch manifest @rollup/rollup-darwin-arm64@4.63.3
1974 silly packumentCache full:https://registry.npmjs.org/@rollup%2frollup-darwin-arm64 cache-miss
1975 silly fetch manifest @rollup/rollup-android-arm64@4.63.3
1976 silly packumentCache full:https://registry.npmjs.org/@rollup%2frollup-android-arm64 cache-miss
1977 silly fetch manifest @rollup/rollup-freebsd-arm64@4.63.3
1978 silly packumentCache full:https://registry.npmjs.org/@rollup%2frollup-freebsd-arm64 cache-miss
1979 silly fetch manifest @rollup/rollup-linux-x64-gnu@4.63.3
1980 silly packumentCache full:https://registry.npmjs.org/@rollup%2frollup-linux-x64-gnu cache-miss
1981 silly fetch manifest @rollup/rollup-win32-x64-gnu@4.63.3
1982 silly packumentCache full:https://registry.npmjs.org/@rollup%2frollup-win32-x64-gnu cache-miss
1983 silly fetch manifest @rollup/rollup-linux-x64-musl@4.63.3
1984 silly packumentCache full:https://registry.npmjs.org/@rollup%2frollup-linux-x64-musl cache-miss
1985 silly fetch manifest @rollup/rollup-win32-x64-msvc@4.63.3
1986 silly packumentCache full:https://registry.npmjs.org/@rollup%2frollup-win32-x64-msvc cache-miss
1987 silly fetch manifest @rollup/rollup-linux-arm64-gnu@4.63.3
1988 silly packumentCache full:https://registry.npmjs.org/@rollup%2frollup-linux-arm64-gnu cache-miss
1989 silly fetch manifest @rollup/rollup-linux-ppc64-gnu@4.63.3
1990 silly packumentCache full:https://registry.npmjs.org/@rollup%2frollup-linux-ppc64-gnu cache-miss
1991 silly fetch manifest @rollup/rollup-linux-s390x-gnu@4.63.3
1992 silly packumentCache full:https://registry.npmjs.org/@rollup%2frollup-linux-s390x-gnu cache-miss
1993 http cache https://registry.npmjs.org/@rollup%2frollup-freebsd-x64 17ms (cache hit)
1994 silly packumentCache full:https://registry.npmjs.org/@rollup%2frollup-freebsd-x64 set size:208895 disposed:false
1995 silly fetch manifest @rollup/rollup-win32-ia32-msvc@4.63.3
1996 silly packumentCache full:https://registry.npmjs.org/@rollup%2frollup-win32-ia32-msvc cache-miss
1997 http cache https://registry.npmjs.org/@napi-rs%2flzma-linux-x64-gnu 17ms (cache hit)
1998 silly packumentCache full:https://registry.npmjs.org/@napi-rs%2flzma-linux-x64-gnu set size:31508 disposed:false
1999 silly fetch manifest @rollup/rollup-android-arm-eabi@4.63.3
2000 silly packumentCache full:https://registry.npmjs.org/@rollup%2frollup-android-arm-eabi cache-miss
2001 http cache https://registry.npmjs.org/@rollup%2frollup-openbsd-x64 19ms (cache hit)
2002 silly packumentCache full:https://registry.npmjs.org/@rollup%2frollup-openbsd-x64 set size:53635 disposed:false
2003 silly fetch manifest @rollup/rollup-linux-arm64-musl@4.63.3
2004 silly packumentCache full:https://registry.npmjs.org/@rollup%2frollup-linux-arm64-musl cache-miss
2005 http cache https://registry.npmjs.org/@rollup%2frollup-darwin-x64 20ms (cache hit)
2006 silly packumentCache full:https://registry.npmjs.org/@rollup%2frollup-darwin-x64 set size:356198 disposed:false
2007 silly fetch manifest @rollup/rollup-linux-ppc64-musl@4.63.3
2008 silly packumentCache full:https://registry.npmjs.org/@rollup%2frollup-linux-ppc64-musl cache-miss
2009 http cache https://registry.npmjs.org/nanoid 23ms (cache hit)
2010 silly packumentCache full:https://registry.npmjs.org/nanoid set size:345858 disposed:false
2011 silly fetch manifest @rollup/rollup-win32-arm64-msvc@4.63.3
2012 silly packumentCache full:https://registry.npmjs.org/@rollup%2frollup-win32-arm64-msvc cache-miss
2013 http cache https://registry.npmjs.org/@rollup%2frollup-linux-x64-gnu 23ms (cache hit)
2014 silly packumentCache full:https://registry.npmjs.org/@rollup%2frollup-linux-x64-gnu set size:363728 disposed:false
2015 silly fetch manifest @rollup/rollup-linux-loong64-gnu@4.63.3
2016 silly packumentCache full:https://registry.npmjs.org/@rollup%2frollup-linux-loong64-gnu cache-miss
2017 http cache https://registry.npmjs.org/@rollup%2frollup-android-arm64 27ms (cache hit)
2018 silly packumentCache full:https://registry.npmjs.org/@rollup%2frollup-android-arm64 set size:362786 disposed:false
2019 silly fetch manifest @rollup/rollup-linux-riscv64-gnu@4.63.3
2020 silly packumentCache full:https://registry.npmjs.org/@rollup%2frollup-linux-riscv64-gnu cache-miss
2021 http cache https://registry.npmjs.org/@rollup%2frollup-win32-x64-gnu 31ms (cache hit)
2022 silly packumentCache full:https://registry.npmjs.org/@rollup%2frollup-win32-x64-gnu set size:84385 disposed:false
2023 silly fetch manifest @rollup/rollup-openharmony-arm64@4.63.3
2024 silly packumentCache full:https://registry.npmjs.org/@rollup%2frollup-openharmony-arm64 cache-miss
2025 http cache https://registry.npmjs.org/@rollup%2frollup-darwin-arm64 33ms (cache hit)
2026 silly packumentCache full:https://registry.npmjs.org/@rollup%2frollup-darwin-arm64 set size:361192 disposed:false
2027 silly fetch manifest @rollup/rollup-linux-loong64-musl@4.63.3
2028 silly packumentCache full:https://registry.npmjs.org/@rollup%2frollup-linux-loong64-musl cache-miss
2029 http cache https://registry.npmjs.org/@rollup%2frollup-linux-arm64-gnu 34ms (cache hit)
2030 silly packumentCache full:https://registry.npmjs.org/@rollup%2frollup-linux-arm64-gnu set size:368777 disposed:false
2031 silly fetch manifest @rollup/rollup-linux-riscv64-musl@4.63.3
2032 silly packumentCache full:https://registry.npmjs.org/@rollup%2frollup-linux-riscv64-musl cache-miss
2033 http cache https://registry.npmjs.org/@rollup%2frollup-linux-x64-musl 36ms (cache hit)
2034 silly packumentCache full:https://registry.npmjs.org/@rollup%2frollup-linux-x64-musl set size:363144 disposed:false
2035 silly fetch manifest @rollup/rollup-linux-arm-gnueabihf@4.63.3
2036 silly packumentCache full:https://registry.npmjs.org/@rollup%2frollup-linux-arm-gnueabihf cache-miss
2037 http cache https://registry.npmjs.org/@rollup%2frollup-linux-ppc64-gnu 38ms (cache hit)
2038 silly packumentCache full:https://registry.npmjs.org/@rollup%2frollup-linux-ppc64-gnu set size:113459 disposed:false
2039 silly fetch manifest @rollup/rollup-linux-arm-musleabihf@4.63.3
2040 silly packumentCache full:https://registry.npmjs.org/@rollup%2frollup-linux-arm-musleabihf cache-miss
2041 http cache https://registry.npmjs.org/@rollup%2frollup-freebsd-arm64 40ms (cache hit)
2042 silly packumentCache full:https://registry.npmjs.org/@rollup%2frollup-freebsd-arm64 set size:210992 disposed:false
2043 http cache https://registry.npmjs.org/@rollup%2frollup-win32-x64-msvc 41ms (cache hit)
2044 silly packumentCache full:https://registry.npmjs.org/@rollup%2frollup-win32-x64-msvc set size:361379 disposed:false
2045 http cache https://registry.npmjs.org/@rollup%2frollup-linux-s390x-gnu 44ms (cache hit)
2046 silly packumentCache full:https://registry.npmjs.org/@rollup%2frollup-linux-s390x-gnu set size:268624 disposed:false
2047 http cache https://registry.npmjs.org/@rollup%2frollup-linux-ppc64-musl 36ms (cache hit)
2048 silly packumentCache full:https://registry.npmjs.org/@rollup%2frollup-linux-ppc64-musl set size:55059 disposed:false
2049 http cache https://registry.npmjs.org/@rollup%2frollup-android-arm-eabi 40ms (cache hit)
2050 silly packumentCache full:https://registry.npmjs.org/@rollup%2frollup-android-arm-eabi set size:366420 disposed:false
2051 http cache https://registry.npmjs.org/@rollup%2frollup-win32-ia32-msvc 44ms (cache hit)
2052 silly packumentCache full:https://registry.npmjs.org/@rollup%2frollup-win32-ia32-msvc set size:364832 disposed:false
2053 http cache https://registry.npmjs.org/@rollup%2frollup-linux-arm64-musl 44ms (cache hit)
2054 silly packumentCache full:https://registry.npmjs.org/@rollup%2frollup-linux-arm64-musl set size:324237 disposed:false
2055 http cache https://registry.npmjs.org/@rollup%2frollup-win32-arm64-msvc 41ms (cache hit)
2056 silly packumentCache full:https://registry.npmjs.org/@rollup%2frollup-win32-arm64-msvc set size:366414 disposed:false
2057 http cache https://registry.npmjs.org/@rollup%2frollup-linux-loong64-gnu 41ms (cache hit)
2058 silly packumentCache full:https://registry.npmjs.org/@rollup%2frollup-linux-loong64-gnu set size:93434 disposed:false
2059 http cache https://registry.npmjs.org/@rollup%2frollup-linux-riscv64-gnu 39ms (cache hit)
2060 silly packumentCache full:https://registry.npmjs.org/@rollup%2frollup-linux-riscv64-gnu set size:295116 disposed:false
2061 http cache https://registry.npmjs.org/@rollup%2frollup-openharmony-arm64 42ms (cache hit)
2062 silly packumentCache full:https://registry.npmjs.org/@rollup%2frollup-openharmony-arm64 set size:94153 disposed:false
2063 http cache https://registry.npmjs.org/@rollup%2frollup-linux-loong64-musl 41ms (cache hit)
2064 silly packumentCache full:https://registry.npmjs.org/@rollup%2frollup-linux-loong64-musl set size:55513 disposed:false
2065 http cache https://registry.npmjs.org/@rollup%2frollup-linux-arm-gnueabihf 38ms (cache hit)
2066 silly packumentCache full:https://registry.npmjs.org/@rollup%2frollup-linux-arm-gnueabihf set size:372587 disposed:false
2067 http cache https://registry.npmjs.org/@rollup%2frollup-linux-riscv64-musl 43ms (cache hit)
2068 silly packumentCache full:https://registry.npmjs.org/@rollup%2frollup-linux-riscv64-musl set size:141176 disposed:false
2069 http cache https://registry.npmjs.org/@rollup%2frollup-linux-arm-musleabihf 41ms (cache hit)
2070 silly packumentCache full:https://registry.npmjs.org/@rollup%2frollup-linux-arm-musleabihf set size:266835 disposed:false
2071 silly placeDep ROOT nanoid@3.3.19 OK for: postcss@8.5.28 want: ^3.3.18
2072 silly placeDep ROOT @napi-rs/lzma-linux-x64-gnu@1.5.1 OK for: rollup@4.63.3 want: 1.5.1
2073 silly placeDep ROOT @rollup/rollup-android-arm-eabi@4.63.3 OK for: rollup@4.63.3 want: 4.63.3
2074 silly placeDep ROOT @rollup/rollup-android-arm64@4.63.3 OK for: rollup@4.63.3 want: 4.63.3
2075 silly placeDep ROOT @rollup/rollup-darwin-arm64@4.63.3 OK for: rollup@4.63.3 want: 4.63.3
2076 silly placeDep ROOT @rollup/rollup-darwin-x64@4.63.3 OK for: rollup@4.63.3 want: 4.63.3
2077 silly placeDep ROOT @rollup/rollup-freebsd-arm64@4.63.3 OK for: rollup@4.63.3 want: 4.63.3
2078 silly placeDep ROOT @rollup/rollup-freebsd-x64@4.63.3 OK for: rollup@4.63.3 want: 4.63.3
2079 silly placeDep ROOT @rollup/rollup-linux-arm-gnueabihf@4.63.3 OK for: rollup@4.63.3 want: 4.63.3
2080 silly placeDep ROOT @rollup/rollup-linux-arm-musleabihf@4.63.3 OK for: rollup@4.63.3 want: 4.63.3
2081 silly placeDep ROOT @rollup/rollup-linux-arm64-gnu@4.63.3 OK for: rollup@4.63.3 want: 4.63.3
2082 silly placeDep ROOT @rollup/rollup-linux-arm64-musl@4.63.3 OK for: rollup@4.63.3 want: 4.63.3
2083 silly placeDep ROOT @rollup/rollup-linux-loong64-gnu@4.63.3 OK for: rollup@4.63.3 want: 4.63.3
2084 silly placeDep ROOT @rollup/rollup-linux-loong64-musl@4.63.3 OK for: rollup@4.63.3 want: 4.63.3
2085 silly placeDep ROOT @rollup/rollup-linux-ppc64-gnu@4.63.3 OK for: rollup@4.63.3 want: 4.63.3
2086 silly placeDep ROOT @rollup/rollup-linux-ppc64-musl@4.63.3 OK for: rollup@4.63.3 want: 4.63.3
2087 silly placeDep ROOT @rollup/rollup-linux-riscv64-gnu@4.63.3 OK for: rollup@4.63.3 want: 4.63.3
2088 silly placeDep ROOT @rollup/rollup-linux-riscv64-musl@4.63.3 OK for: rollup@4.63.3 want: 4.63.3
2089 silly placeDep ROOT @rollup/rollup-linux-s390x-gnu@4.63.3 OK for: rollup@4.63.3 want: 4.63.3
2090 silly placeDep ROOT @rollup/rollup-linux-x64-gnu@4.63.3 OK for: rollup@4.63.3 want: 4.63.3
2091 silly placeDep ROOT @rollup/rollup-linux-x64-musl@4.63.3 OK for: rollup@4.63.3 want: 4.63.3
2092 silly placeDep ROOT @rollup/rollup-openbsd-x64@4.63.3 OK for: rollup@4.63.3 want: 4.63.3
2093 silly placeDep ROOT @rollup/rollup-openharmony-arm64@4.63.3 OK for: rollup@4.63.3 want: 4.63.3
2094 silly placeDep ROOT @rollup/rollup-win32-arm64-msvc@4.63.3 OK for: rollup@4.63.3 want: 4.63.3
2095 silly placeDep ROOT @rollup/rollup-win32-ia32-msvc@4.63.3 OK for: rollup@4.63.3 want: 4.63.3
2096 silly placeDep ROOT @rollup/rollup-win32-x64-gnu@4.63.3 OK for: rollup@4.63.3 want: 4.63.3
2097 silly placeDep ROOT @rollup/rollup-win32-x64-msvc@4.63.3 OK for: rollup@4.63.3 want: 4.63.3
2098 silly placeDep ROOT ansi-styles@6.2.3 OK for: wrap-ansi@9.0.2 want: ^6.2.1
2099 silly placeDep ROOT yoctocolors@2.2.0 OK for: yocto-spinner@0.2.3 want: ^2.1.1
2100 silly placeDep node_modules/ansi-align emoji-regex@8.0.0 OK for: string-width@4.2.3 want: ^8.0.0
2101 silly placeDep ROOT is-fullwidth-code-point@3.0.0 OK for: string-width@4.2.3 want: ^3.0.0
2102 silly placeDep node_modules/ansi-align strip-ansi@6.0.1 OK for: string-width@4.2.3 want: ^6.0.1
2103 silly fetch manifest ansi-regex@^5.0.1
2104 silly packumentCache full:https://registry.npmjs.org/ansi-regex cache-hit
2105 silly placeDep node_modules/ansi-align ansi-regex@5.0.1 OK for: strip-ansi@6.0.1 want: ^5.0.1
2106 silly placeDep node_modules/csso mdn-data@2.0.28 OK for: css-tree@2.2.1 want: 2.0.28
2107 silly placeDep node_modules/vite @esbuild/aix-ppc64@0.25.12 OK for: esbuild@0.25.12 want: 0.25.12
2108 silly placeDep node_modules/vite @esbuild/android-arm@0.25.12 OK for: esbuild@0.25.12 want: 0.25.12
2109 silly placeDep node_modules/vite @esbuild/android-arm64@0.25.12 OK for: esbuild@0.25.12 want: 0.25.12
2110 silly placeDep node_modules/vite @esbuild/android-x64@0.25.12 OK for: esbuild@0.25.12 want: 0.25.12
2111 silly placeDep node_modules/vite @esbuild/darwin-arm64@0.25.12 OK for: esbuild@0.25.12 want: 0.25.12
2112 silly placeDep node_modules/vite @esbuild/darwin-x64@0.25.12 OK for: esbuild@0.25.12 want: 0.25.12
2113 silly placeDep node_modules/vite @esbuild/freebsd-arm64@0.25.12 OK for: esbuild@0.25.12 want: 0.25.12
2114 silly placeDep node_modules/vite @esbuild/freebsd-x64@0.25.12 OK for: esbuild@0.25.12 want: 0.25.12
2115 silly placeDep node_modules/vite @esbuild/linux-arm@0.25.12 OK for: esbuild@0.25.12 want: 0.25.12
2116 silly placeDep node_modules/vite @esbuild/linux-arm64@0.25.12 OK for: esbuild@0.25.12 want: 0.25.12
2117 silly placeDep node_modules/vite @esbuild/linux-ia32@0.25.12 OK for: esbuild@0.25.12 want: 0.25.12
2118 silly placeDep node_modules/vite @esbuild/linux-loong64@0.25.12 OK for: esbuild@0.25.12 want: 0.25.12
2119 silly placeDep node_modules/vite @esbuild/linux-mips64el@0.25.12 OK for: esbuild@0.25.12 want: 0.25.12
2120 silly placeDep node_modules/vite @esbuild/linux-ppc64@0.25.12 OK for: esbuild@0.25.12 want: 0.25.12
2121 silly placeDep node_modules/vite @esbuild/linux-riscv64@0.25.12 OK for: esbuild@0.25.12 want: 0.25.12
2122 silly placeDep node_modules/vite @esbuild/linux-s390x@0.25.12 OK for: esbuild@0.25.12 want: 0.25.12
2123 silly placeDep node_modules/vite @esbuild/linux-x64@0.25.12 OK for: esbuild@0.25.12 want: 0.25.12
2124 silly placeDep node_modules/vite @esbuild/netbsd-arm64@0.25.12 OK for: esbuild@0.25.12 want: 0.25.12
2125 silly placeDep node_modules/vite @esbuild/netbsd-x64@0.25.12 OK for: esbuild@0.25.12 want: 0.25.12
2126 silly placeDep node_modules/vite @esbuild/openbsd-arm64@0.25.12 OK for: esbuild@0.25.12 want: 0.25.12
2127 silly placeDep node_modules/vite @esbuild/openbsd-x64@0.25.12 OK for: esbuild@0.25.12 want: 0.25.12
2128 silly placeDep node_modules/vite @esbuild/openharmony-arm64@0.25.12 OK for: esbuild@0.25.12 want: 0.25.12
2129 silly placeDep node_modules/vite @esbuild/sunos-x64@0.25.12 OK for: esbuild@0.25.12 want: 0.25.12
2130 silly placeDep node_modules/vite @esbuild/win32-arm64@0.25.12 OK for: esbuild@0.25.12 want: 0.25.12
2131 silly placeDep node_modules/vite @esbuild/win32-ia32@0.25.12 OK for: esbuild@0.25.12 want: 0.25.12
2132 silly placeDep node_modules/vite @esbuild/win32-x64@0.25.12 OK for: esbuild@0.25.12 want: 0.25.12
2133 silly reify moves {}
2134 verbose reify failed optional dependency C:\Users\lenovo\Desktop\可操作文件\asset-rental-platform\node_modules\@rollup\rollup-win32-ia32-msvc
2135 silly reify mark deleted [
2135 silly reify   'C:\\Users\\lenovo\\Desktop\\可操作文件\\asset-rental-platform\\node_modules\\@rollup\\rollup-win32-ia32-msvc'
2135 silly reify ]
2136 verbose reify failed optional dependency C:\Users\lenovo\Desktop\可操作文件\asset-rental-platform\node_modules\@rollup\rollup-win32-arm64-msvc
2137 silly reify mark deleted [
2137 silly reify   'C:\\Users\\lenovo\\Desktop\\可操作文件\\asset-rental-platform\\node_modules\\@rollup\\rollup-win32-arm64-msvc'
2137 silly reify ]
2138 verbose reify failed optional dependency C:\Users\lenovo\Desktop\可操作文件\asset-rental-platform\node_modules\@rollup\rollup-openharmony-arm64
2139 silly reify mark deleted [
2139 silly reify   'C:\\Users\\lenovo\\Desktop\\可操作文件\\asset-rental-platform\\node_modules\\@rollup\\rollup-openharmony-arm64'
2139 silly reify ]
2140 verbose reify failed optional dependency C:\Users\lenovo\Desktop\可操作文件\asset-rental-platform\node_modules\@rollup\rollup-openbsd-x64
2141 silly reify mark deleted [
2141 silly reify   'C:\\Users\\lenovo\\Desktop\\可操作文件\\asset-rental-platform\\node_modules\\@rollup\\rollup-openbsd-x64'
2141 silly reify ]
2142 verbose reify failed optional dependency C:\Users\lenovo\Desktop\可操作文件\asset-rental-platform\node_modules\@rollup\rollup-linux-x64-musl
2143 silly reify mark deleted [
2143 silly reify   'C:\\Users\\lenovo\\Desktop\\可操作文件\\asset-rental-platform\\node_modules\\@rollup\\rollup-linux-x64-musl'
2143 silly reify ]
2144 verbose reify failed optional dependency C:\Users\lenovo\Desktop\可操作文件\asset-rental-platform\node_modules\@rollup\rollup-linux-x64-gnu
2145 silly reify mark deleted [
2145 silly reify   'C:\\Users\\lenovo\\Desktop\\可操作文件\\asset-rental-platform\\node_modules\\@rollup\\rollup-linux-x64-gnu'
2145 silly reify ]
2146 verbose reify failed optional dependency C:\Users\lenovo\Desktop\可操作文件\asset-rental-platform\node_modules\@rollup\rollup-linux-s390x-gnu
2147 silly reify mark deleted [
2147 silly reify   'C:\\Users\\lenovo\\Desktop\\可操作文件\\asset-rental-platform\\node_modules\\@rollup\\rollup-linux-s390x-gnu'
2147 silly reify ]
2148 verbose reify failed optional dependency C:\Users\lenovo\Desktop\可操作文件\asset-rental-platform\node_modules\@rollup\rollup-linux-riscv64-musl
2149 silly reify mark deleted [
2149 silly reify   'C:\\Users\\lenovo\\Desktop\\可操作文件\\asset-rental-platform\\node_modules\\@rollup\\rollup-linux-riscv64-musl'
2149 silly reify ]
2150 verbose reify failed optional dependency C:\Users\lenovo\Desktop\可操作文件\asset-rental-platform\node_modules\@rollup\rollup-linux-riscv64-gnu
2151 silly reify mark deleted [
2151 silly reify   'C:\\Users\\lenovo\\Desktop\\可操作文件\\asset-rental-platform\\node_modules\\@rollup\\rollup-linux-riscv64-gnu'
2151 silly reify ]
2152 verbose reify failed optional dependency C:\Users\lenovo\Desktop\可操作文件\asset-rental-platform\node_modules\@rollup\rollup-linux-ppc64-musl
2153 silly reify mark deleted [
2153 silly reify   'C:\\Users\\lenovo\\Desktop\\可操作文件\\asset-rental-platform\\node_modules\\@rollup\\rollup-linux-ppc64-musl'
2153 silly reify ]
2154 verbose reify failed optional dependency C:\Users\lenovo\Desktop\可操作文件\asset-rental-platform\node_modules\@rollup\rollup-linux-ppc64-gnu
2155 silly reify mark deleted [
2155 silly reify   'C:\\Users\\lenovo\\Desktop\\可操作文件\\asset-rental-platform\\node_modules\\@rollup\\rollup-linux-ppc64-gnu'
2155 silly reify ]
2156 verbose reify failed optional dependency C:\Users\lenovo\Desktop\可操作文件\asset-rental-platform\node_modules\@rollup\rollup-linux-loong64-musl
2157 silly reify mark deleted [
2157 silly reify   'C:\\Users\\lenovo\\Desktop\\可操作文件\\asset-rental-platform\\node_modules\\@rollup\\rollup-linux-loong64-musl'
2157 silly reify ]
2158 verbose reify failed optional dependency C:\Users\lenovo\Desktop\可操作文件\asset-rental-platform\node_modules\@rollup\rollup-linux-loong64-gnu
2159 silly reify mark deleted [
2159 silly reify   'C:\\Users\\lenovo\\Desktop\\可操作文件\\asset-rental-platform\\node_modules\\@rollup\\rollup-linux-loong64-gnu'
2159 silly reify ]
2160 verbose reify failed optional dependency C:\Users\lenovo\Desktop\可操作文件\asset-rental-platform\node_modules\@rollup\rollup-linux-arm64-musl
2161 silly reify mark deleted [
2161 silly reify   'C:\\Users\\lenovo\\Desktop\\可操作文件\\asset-rental-platform\\node_modules\\@rollup\\rollup-linux-arm64-musl'
2161 silly reify ]
2162 verbose reify failed optional dependency C:\Users\lenovo\Desktop\可操作文件\asset-rental-platform\node_modules\@rollup\rollup-linux-arm64-gnu
2163 silly reify mark deleted [
2163 silly reify   'C:\\Users\\lenovo\\Desktop\\可操作文件\\asset-rental-platform\\node_modules\\@rollup\\rollup-linux-arm64-gnu'
2163 silly reify ]
2164 verbose reify failed optional dependency C:\Users\lenovo\Desktop\可操作文件\asset-rental-platform\node_modules\@rollup\rollup-linux-arm-musleabihf
2165 silly reify mark deleted [
2165 silly reify   'C:\\Users\\lenovo\\Desktop\\可操作文件\\asset-rental-platform\\node_modules\\@rollup\\rollup-linux-arm-musleabihf'
2165 silly reify ]
2166 verbose reify failed optional dependency C:\Users\lenovo\Desktop\可操作文件\asset-rental-platform\node_modules\@rollup\rollup-linux-arm-gnueabihf
2167 silly reify mark deleted [
2167 silly reify   'C:\\Users\\lenovo\\Desktop\\可操作文件\\asset-rental-platform\\node_modules\\@rollup\\rollup-linux-arm-gnueabihf'
2167 silly reify ]
2168 verbose reify failed optional dependency C:\Users\lenovo\Desktop\可操作文件\asset-rental-platform\node_modules\@rollup\rollup-freebsd-x64
2169 silly reify mark deleted [
2169 silly reify   'C:\\Users\\lenovo\\Desktop\\可操作文件\\asset-rental-platform\\node_modules\\@rollup\\rollup-freebsd-x64'
2169 silly reify ]
2170 verbose reify failed optional dependency C:\Users\lenovo\Desktop\可操作文件\asset-rental-platform\node_modules\@rollup\rollup-freebsd-arm64
2171 silly reify mark deleted [
2171 silly reify   'C:\\Users\\lenovo\\Desktop\\可操作文件\\asset-rental-platform\\node_modules\\@rollup\\rollup-freebsd-arm64'
2171 silly reify ]
2172 verbose reify failed optional dependency C:\Users\lenovo\Desktop\可操作文件\asset-rental-platform\node_modules\@rollup\rollup-darwin-x64
2173 silly reify mark deleted [
2173 silly reify   'C:\\Users\\lenovo\\Desktop\\可操作文件\\asset-rental-platform\\node_modules\\@rollup\\rollup-darwin-x64'
2173 silly reify ]
2174 verbose reify failed optional dependency C:\Users\lenovo\Desktop\可操作文件\asset-rental-platform\node_modules\@rollup\rollup-darwin-arm64
2175 silly reify mark deleted [
2175 silly reify   'C:\\Users\\lenovo\\Desktop\\可操作文件\\asset-rental-platform\\node_modules\\@rollup\\rollup-darwin-arm64'
2175 silly reify ]
2176 verbose reify failed optional dependency C:\Users\lenovo\Desktop\可操作文件\asset-rental-platform\node_modules\@rollup\rollup-android-arm64
2177 silly reify mark deleted [
2177 silly reify   'C:\\Users\\lenovo\\Desktop\\可操作文件\\asset-rental-platform\\node_modules\\@rollup\\rollup-android-arm64'
2177 silly reify ]
2178 verbose reify failed optional dependency C:\Users\lenovo\Desktop\可操作文件\asset-rental-platform\node_modules\@rollup\rollup-android-arm-eabi
2179 silly reify mark deleted [
2179 silly reify   'C:\\Users\\lenovo\\Desktop\\可操作文件\\asset-rental-platform\\node_modules\\@rollup\\rollup-android-arm-eabi'
2179 silly reify ]
2180 verbose reify failed optional dependency C:\Users\lenovo\Desktop\可操作文件\asset-rental-platform\node_modules\@napi-rs\lzma-linux-x64-gnu
2181 silly reify mark deleted [
2181 silly reify   'C:\\Users\\lenovo\\Desktop\\可操作文件\\asset-rental-platform\\node_modules\\@napi-rs\\lzma-linux-x64-gnu'
2181 silly reify ]
2182 verbose reify failed optional dependency C:\Users\lenovo\Desktop\可操作文件\asset-rental-platform\node_modules\fsevents
2183 silly reify mark deleted [
2183 silly reify   'C:\\Users\\lenovo\\Desktop\\可操作文件\\asset-rental-platform\\node_modules\\fsevents'
2183 silly reify ]
2184 verbose reify failed optional dependency C:\Users\lenovo\Desktop\可操作文件\asset-rental-platform\node_modules\@img\sharp-win32-ia32
2185 silly reify mark deleted [
2185 silly reify   'C:\\Users\\lenovo\\Desktop\\可操作文件\\asset-rental-platform\\node_modules\\@img\\sharp-win32-ia32'
2185 silly reify ]
2186 verbose reify failed optional dependency C:\Users\lenovo\Desktop\可操作文件\asset-rental-platform\node_modules\@img\sharp-win32-arm64
2187 silly reify mark deleted [
2187 silly reify   'C:\\Users\\lenovo\\Desktop\\可操作文件\\asset-rental-platform\\node_modules\\@img\\sharp-win32-arm64'
2187 silly reify ]
2188 verbose reify failed optional dependency C:\Users\lenovo\Desktop\可操作文件\asset-rental-platform\node_modules\@img\sharp-wasm32
2189 silly reify mark deleted [
2189 silly reify   'C:\\Users\\lenovo\\Desktop\\可操作文件\\asset-rental-platform\\node_modules\\@img\\sharp-wasm32'
2189 silly reify ]
2190 verbose reify failed optional dependency C:\Users\lenovo\Desktop\可操作文件\asset-rental-platform\node_modules\@emnapi\runtime
2191 silly reify mark deleted [
2191 silly reify   'C:\\Users\\lenovo\\Desktop\\可操作文件\\asset-rental-platform\\node_modules\\@emnapi\\runtime'
2191 silly reify ]
2192 verbose reify failed optional dependency C:\Users\lenovo\Desktop\可操作文件\asset-rental-platform\node_modules\tslib
2193 silly reify mark deleted [
2193 silly reify   'C:\\Users\\lenovo\\Desktop\\可操作文件\\asset-rental-platform\\node_modules\\tslib'
2193 silly reify ]
2194 verbose reify failed optional dependency C:\Users\lenovo\Desktop\可操作文件\asset-rental-platform\node_modules\@img\sharp-linuxmusl-x64
2195 silly reify mark deleted [
2195 silly reify   'C:\\Users\\lenovo\\Desktop\\可操作文件\\asset-rental-platform\\node_modules\\@img\\sharp-linuxmusl-x64'
2195 silly reify ]
2196 verbose reify failed optional dependency C:\Users\lenovo\Desktop\可操作文件\asset-rental-platform\node_modules\@img\sharp-linuxmusl-arm64
2197 silly reify mark deleted [
2197 silly reify   'C:\\Users\\lenovo\\Desktop\\可操作文件\\asset-rental-platform\\node_modules\\@img\\sharp-linuxmusl-arm64'
2197 silly reify ]
2198 verbose reify failed optional dependency C:\Users\lenovo\Desktop\可操作文件\asset-rental-platform\node_modules\@img\sharp-linux-x64
2199 silly reify mark deleted [
2199 silly reify   'C:\\Users\\lenovo\\Desktop\\可操作文件\\asset-rental-platform\\node_modules\\@img\\sharp-linux-x64'
2199 silly reify ]
2200 verbose reify failed optional dependency C:\Users\lenovo\Desktop\可操作文件\asset-rental-platform\node_modules\@img\sharp-linux-s390x
2201 silly reify mark deleted [
2201 silly reify   'C:\\Users\\lenovo\\Desktop\\可操作文件\\asset-rental-platform\\node_modules\\@img\\sharp-linux-s390x'
2201 silly reify ]
2202 verbose reify failed optional dependency C:\Users\lenovo\Desktop\可操作文件\asset-rental-platform\node_modules\@img\sharp-linux-riscv64
2203 silly reify mark deleted [
2203 silly reify   'C:\\Users\\lenovo\\Desktop\\可操作文件\\asset-rental-platform\\node_modules\\@img\\sharp-linux-riscv64'
2203 silly reify ]
2204 verbose reify failed optional dependency C:\Users\lenovo\Desktop\可操作文件\asset-rental-platform\node_modules\@img\sharp-linux-ppc64
2205 silly reify mark deleted [
2205 silly reify   'C:\\Users\\lenovo\\Desktop\\可操作文件\\asset-rental-platform\\node_modules\\@img\\sharp-linux-ppc64'
2205 silly reify ]
2206 verbose reify failed optional dependency C:\Users\lenovo\Desktop\可操作文件\asset-rental-platform\node_modules\@img\sharp-linux-arm64
2207 silly reify mark deleted [
2207 silly reify   'C:\\Users\\lenovo\\Desktop\\可操作文件\\asset-rental-platform\\node_modules\\@img\\sharp-linux-arm64'
2207 silly reify ]
2208 verbose reify failed optional dependency C:\Users\lenovo\Desktop\可操作文件\asset-rental-platform\node_modules\@img\sharp-linux-arm
2209 silly reify mark deleted [
2209 silly reify   'C:\\Users\\lenovo\\Desktop\\可操作文件\\asset-rental-platform\\node_modules\\@img\\sharp-linux-arm'
2209 silly reify ]
2210 verbose reify failed optional dependency C:\Users\lenovo\Desktop\可操作文件\asset-rental-platform\node_modules\@img\sharp-libvips-linuxmusl-x64
2211 silly reify mark deleted [
2211 silly reify   'C:\\Users\\lenovo\\Desktop\\可操作文件\\asset-rental-platform\\node_modules\\@img\\sharp-libvips-linuxmusl-x64'
2211 silly reify ]
2212 verbose reify failed optional dependency C:\Users\lenovo\Desktop\可操作文件\asset-rental-platform\node_modules\@img\sharp-libvips-linuxmusl-arm64
2213 silly reify mark deleted [
2213 silly reify   'C:\\Users\\lenovo\\Desktop\\可操作文件\\asset-rental-platform\\node_modules\\@img\\sharp-libvips-linuxmusl-arm64'
2213 silly reify ]
2214 verbose reify failed optional dependency C:\Users\lenovo\Desktop\可操作文件\asset-rental-platform\node_modules\@img\sharp-libvips-linux-x64
2215 silly reify mark deleted [
2215 silly reify   'C:\\Users\\lenovo\\Desktop\\可操作文件\\asset-rental-platform\\node_modules\\@img\\sharp-libvips-linux-x64'
2215 silly reify ]
2216 verbose reify failed optional dependency C:\Users\lenovo\Desktop\可操作文件\asset-rental-platform\node_modules\@img\sharp-libvips-linux-s390x
2217 silly reify mark deleted [
2217 silly reify   'C:\\Users\\lenovo\\Desktop\\可操作文件\\asset-rental-platform\\node_modules\\@img\\sharp-libvips-linux-s390x'
2217 silly reify ]
2218 verbose reify failed optional dependency C:\Users\lenovo\Desktop\可操作文件\asset-rental-platform\node_modules\@img\sharp-libvips-linux-riscv64
2219 silly reify mark deleted [
2219 silly reify   'C:\\Users\\lenovo\\Desktop\\可操作文件\\asset-rental-platform\\node_modules\\@img\\sharp-libvips-linux-riscv64'
2219 silly reify ]
2220 verbose reify failed optional dependency C:\Users\lenovo\Desktop\可操作文件\asset-rental-platform\node_modules\@img\sharp-libvips-linux-ppc64
2221 silly reify mark deleted [
2221 silly reify   'C:\\Users\\lenovo\\Desktop\\可操作文件\\asset-rental-platform\\node_modules\\@img\\sharp-libvips-linux-ppc64'
2221 silly reify ]
2222 verbose reify failed optional dependency C:\Users\lenovo\Desktop\可操作文件\asset-rental-platform\node_modules\@img\sharp-libvips-linux-arm64
2223 silly reify mark deleted [
2223 silly reify   'C:\\Users\\lenovo\\Desktop\\可操作文件\\asset-rental-platform\\node_modules\\@img\\sharp-libvips-linux-arm64'
2223 silly reify ]
2224 verbose reify failed optional dependency C:\Users\lenovo\Desktop\可操作文件\asset-rental-platform\node_modules\@img\sharp-libvips-linux-arm
2225 silly reify mark deleted [
2225 silly reify   'C:\\Users\\lenovo\\Desktop\\可操作文件\\asset-rental-platform\\node_modules\\@img\\sharp-libvips-linux-arm'
2225 silly reify ]
2226 verbose reify failed optional dependency C:\Users\lenovo\Desktop\可操作文件\asset-rental-platform\node_modules\@img\sharp-libvips-darwin-x64
2227 silly reify mark deleted [
2227 silly reify   'C:\\Users\\lenovo\\Desktop\\可操作文件\\asset-rental-platform\\node_modules\\@img\\sharp-libvips-darwin-x64'
2227 silly reify ]
2228 verbose reify failed optional dependency C:\Users\lenovo\Desktop\可操作文件\asset-rental-platform\node_modules\@img\sharp-libvips-darwin-arm64
2229 silly reify mark deleted [
2229 silly reify   'C:\\Users\\lenovo\\Desktop\\可操作文件\\asset-rental-platform\\node_modules\\@img\\sharp-libvips-darwin-arm64'
2229 silly reify ]
2230 verbose reify failed optional dependency C:\Users\lenovo\Desktop\可操作文件\asset-rental-platform\node_modules\@img\sharp-darwin-x64
2231 silly reify mark deleted [
2231 silly reify   'C:\\Users\\lenovo\\Desktop\\可操作文件\\asset-rental-platform\\node_modules\\@img\\sharp-darwin-x64'
2231 silly reify ]
2232 verbose reify failed optional dependency C:\Users\lenovo\Desktop\可操作文件\asset-rental-platform\node_modules\@img\sharp-darwin-arm64
2233 silly reify mark deleted [
2233 silly reify   'C:\\Users\\lenovo\\Desktop\\可操作文件\\asset-rental-platform\\node_modules\\@img\\sharp-darwin-arm64'
2233 silly reify ]
2234 verbose reify failed optional dependency C:\Users\lenovo\Desktop\可操作文件\asset-rental-platform\node_modules\@esbuild\win32-ia32
2235 silly reify mark deleted [
2235 silly reify   'C:\\Users\\lenovo\\Desktop\\可操作文件\\asset-rental-platform\\node_modules\\@esbuild\\win32-ia32'
2235 silly reify ]
2236 verbose reify failed optional dependency C:\Users\lenovo\Desktop\可操作文件\asset-rental-platform\node_modules\@esbuild\win32-arm64
2237 silly reify mark deleted [
2237 silly reify   'C:\\Users\\lenovo\\Desktop\\可操作文件\\asset-rental-platform\\node_modules\\@esbuild\\win32-arm64'
2237 silly reify ]
2238 verbose reify failed optional dependency C:\Users\lenovo\Desktop\可操作文件\asset-rental-platform\node_modules\@esbuild\sunos-x64
2239 silly reify mark deleted [
2239 silly reify   'C:\\Users\\lenovo\\Desktop\\可操作文件\\asset-rental-platform\\node_modules\\@esbuild\\sunos-x64'
2239 silly reify ]
2240 verbose reify failed optional dependency C:\Users\lenovo\Desktop\可操作文件\asset-rental-platform\node_modules\@esbuild\openharmony-arm64
2241 silly reify mark deleted [
2241 silly reify   'C:\\Users\\lenovo\\Desktop\\可操作文件\\asset-rental-platform\\node_modules\\@esbuild\\openharmony-arm64'
2241 silly reify ]
2242 verbose reify failed optional dependency C:\Users\lenovo\Desktop\可操作文件\asset-rental-platform\node_modules\@esbuild\openbsd-x64
2243 silly reify mark deleted [
2243 silly reify   'C:\\Users\\lenovo\\Desktop\\可操作文件\\asset-rental-platform\\node_modules\\@esbuild\\openbsd-x64'
2243 silly reify ]
2244 verbose reify failed optional dependency C:\Users\lenovo\Desktop\可操作文件\asset-rental-platform\node_modules\@esbuild\openbsd-arm64
2245 silly reify mark deleted [
2245 silly reify   'C:\\Users\\lenovo\\Desktop\\可操作文件\\asset-rental-platform\\node_modules\\@esbuild\\openbsd-arm64'
2245 silly reify ]
2246 verbose reify failed optional dependency C:\Users\lenovo\Desktop\可操作文件\asset-rental-platform\node_modules\@esbuild\netbsd-x64
2247 silly reify mark deleted [
2247 silly reify   'C:\\Users\\lenovo\\Desktop\\可操作文件\\asset-rental-platform\\node_modules\\@esbuild\\netbsd-x64'
2247 silly reify ]
2248 verbose reify failed optional dependency C:\Users\lenovo\Desktop\可操作文件\asset-rental-platform\node_modules\@esbuild\netbsd-arm64
2249 silly reify mark deleted [
2249 silly reify   'C:\\Users\\lenovo\\Desktop\\可操作文件\\asset-rental-platform\\node_modules\\@esbuild\\netbsd-arm64'
2249 silly reify ]
2250 verbose reify failed optional dependency C:\Users\lenovo\Desktop\可操作文件\asset-rental-platform\node_modules\@esbuild\linux-x64
2251 silly reify mark deleted [
2251 silly reify   'C:\\Users\\lenovo\\Desktop\\可操作文件\\asset-rental-platform\\node_modules\\@esbuild\\linux-x64'
2251 silly reify ]
2252 verbose reify failed optional dependency C:\Users\lenovo\Desktop\可操作文件\asset-rental-platform\node_modules\@esbuild\linux-s390x
2253 silly reify mark deleted [
2253 silly reify   'C:\\Users\\lenovo\\Desktop\\可操作文件\\asset-rental-platform\\node_modules\\@esbuild\\linux-s390x'
2253 silly reify ]
2254 verbose reify failed optional dependency C:\Users\lenovo\Desktop\可操作文件\asset-rental-platform\node_modules\@esbuild\linux-riscv64
2255 silly reify mark deleted [
2255 silly reify   'C:\\Users\\lenovo\\Desktop\\可操作文件\\asset-rental-platform\\node_modules\\@esbuild\\linux-riscv64'
2255 silly reify ]
2256 verbose reify failed optional dependency C:\Users\lenovo\Desktop\可操作文件\asset-rental-platform\node_modules\@esbuild\linux-ppc64
2257 silly reify mark deleted [
2257 silly reify   'C:\\Users\\lenovo\\Desktop\\可操作文件\\asset-rental-platform\\node_modules\\@esbuild\\linux-ppc64'
2257 silly reify ]
2258 verbose reify failed optional dependency C:\Users\lenovo\Desktop\可操作文件\asset-rental-platform\node_modules\@esbuild\linux-mips64el
2259 silly reify mark deleted [
2259 silly reify   'C:\\Users\\lenovo\\Desktop\\可操作文件\\asset-rental-platform\\node_modules\\@esbuild\\linux-mips64el'
2259 silly reify ]
2260 verbose reify failed optional dependency C:\Users\lenovo\Desktop\可操作文件\asset-rental-platform\node_modules\@esbuild\linux-loong64
2261 silly reify mark deleted [
2261 silly reify   'C:\\Users\\lenovo\\Desktop\\可操作文件\\asset-rental-platform\\node_modules\\@esbuild\\linux-loong64'
2261 silly reify ]
2262 verbose reify failed optional dependency C:\Users\lenovo\Desktop\可操作文件\asset-rental-platform\node_modules\@esbuild\linux-ia32
2263 silly reify mark deleted [
2263 silly reify   'C:\\Users\\lenovo\\Desktop\\可操作文件\\asset-rental-platform\\node_modules\\@esbuild\\linux-ia32'
2263 silly reify ]
2264 verbose reify failed optional dependency C:\Users\lenovo\Desktop\可操作文件\asset-rental-platform\node_modules\@esbuild\linux-arm64
2265 silly reify mark deleted [
2265 silly reify   'C:\\Users\\lenovo\\Desktop\\可操作文件\\asset-rental-platform\\node_modules\\@esbuild\\linux-arm64'
2265 silly reify ]
2266 verbose reify failed optional dependency C:\Users\lenovo\Desktop\可操作文件\asset-rental-platform\node_modules\@esbuild\linux-arm
2267 silly reify mark deleted [
2267 silly reify   'C:\\Users\\lenovo\\Desktop\\可操作文件\\asset-rental-platform\\node_modules\\@esbuild\\linux-arm'
2267 silly reify ]
2268 verbose reify failed optional dependency C:\Users\lenovo\Desktop\可操作文件\asset-rental-platform\node_modules\@esbuild\freebsd-x64
2269 silly reify mark deleted [
2269 silly reify   'C:\\Users\\lenovo\\Desktop\\可操作文件\\asset-rental-platform\\node_modules\\@esbuild\\freebsd-x64'
2269 silly reify ]
2270 verbose reify failed optional dependency C:\Users\lenovo\Desktop\可操作文件\asset-rental-platform\node_modules\@esbuild\freebsd-arm64
2271 silly reify mark deleted [
2271 silly reify   'C:\\Users\\lenovo\\Desktop\\可操作文件\\asset-rental-platform\\node_modules\\@esbuild\\freebsd-arm64'
2271 silly reify ]
2272 verbose reify failed optional dependency C:\Users\lenovo\Desktop\可操作文件\asset-rental-platform\node_modules\@esbuild\darwin-x64
2273 silly reify mark deleted [
2273 silly reify   'C:\\Users\\lenovo\\Desktop\\可操作文件\\asset-rental-platform\\node_modules\\@esbuild\\darwin-x64'
2273 silly reify ]
2274 verbose reify failed optional dependency C:\Users\lenovo\Desktop\可操作文件\asset-rental-platform\node_modules\@esbuild\darwin-arm64
2275 silly reify mark deleted [
2275 silly reify   'C:\\Users\\lenovo\\Desktop\\可操作文件\\asset-rental-platform\\node_modules\\@esbuild\\darwin-arm64'
2275 silly reify ]
2276 verbose reify failed optional dependency C:\Users\lenovo\Desktop\可操作文件\asset-rental-platform\node_modules\@esbuild\android-x64
2277 silly reify mark deleted [
2277 silly reify   'C:\\Users\\lenovo\\Desktop\\可操作文件\\asset-rental-platform\\node_modules\\@esbuild\\android-x64'
2277 silly reify ]
2278 verbose reify failed optional dependency C:\Users\lenovo\Desktop\可操作文件\asset-rental-platform\node_modules\@esbuild\android-arm64
2279 silly reify mark deleted [
2279 silly reify   'C:\\Users\\lenovo\\Desktop\\可操作文件\\asset-rental-platform\\node_modules\\@esbuild\\android-arm64'
2279 silly reify ]
2280 verbose reify failed optional dependency C:\Users\lenovo\Desktop\可操作文件\asset-rental-platform\node_modules\@esbuild\android-arm
2281 silly reify mark deleted [
2281 silly reify   'C:\\Users\\lenovo\\Desktop\\可操作文件\\asset-rental-platform\\node_modules\\@esbuild\\android-arm'
2281 silly reify ]
2282 verbose reify failed optional dependency C:\Users\lenovo\Desktop\可操作文件\asset-rental-platform\node_modules\@esbuild\aix-ppc64
2283 silly reify mark deleted [
2283 silly reify   'C:\\Users\\lenovo\\Desktop\\可操作文件\\asset-rental-platform\\node_modules\\@esbuild\\aix-ppc64'
2283 silly reify ]
2284 verbose reify failed optional dependency C:\Users\lenovo\Desktop\可操作文件\asset-rental-platform\node_modules\vite\node_modules\@esbuild\win32-ia32
2285 silly reify mark deleted [
2285 silly reify   'C:\\Users\\lenovo\\Desktop\\可操作文件\\asset-rental-platform\\node_modules\\vite\\node_modules\\@esbuild\\win32-ia32'
2285 silly reify ]
2286 verbose reify failed optional dependency C:\Users\lenovo\Desktop\可操作文件\asset-rental-platform\node_modules\vite\node_modules\@esbuild\win32-arm64
2287 silly reify mark deleted [
2287 silly reify   'C:\\Users\\lenovo\\Desktop\\可操作文件\\asset-rental-platform\\node_modules\\vite\\node_modules\\@esbuild\\win32-arm64'
2287 silly reify ]
2288 verbose reify failed optional dependency C:\Users\lenovo\Desktop\可操作文件\asset-rental-platform\node_modules\vite\node_modules\@esbuild\sunos-x64
2289 silly reify mark deleted [
2289 silly reify   'C:\\Users\\lenovo\\Desktop\\可操作文件\\asset-rental-platform\\node_modules\\vite\\node_modules\\@esbuild\\sunos-x64'
2289 silly reify ]
2290 verbose reify failed optional dependency C:\Users\lenovo\Desktop\可操作文件\asset-rental-platform\node_modules\vite\node_modules\@esbuild\openharmony-arm64
2291 silly reify mark deleted [
2291 silly reify   'C:\\Users\\lenovo\\Desktop\\可操作文件\\asset-rental-platform\\node_modules\\vite\\node_modules\\@esbuild\\openharmony-arm64'
2291 silly reify ]
2292 verbose reify failed optional dependency C:\Users\lenovo\Desktop\可操作文件\asset-rental-platform\node_modules\vite\node_modules\@esbuild\openbsd-x64
2293 silly reify mark deleted [
2293 silly reify   'C:\\Users\\lenovo\\Desktop\\可操作文件\\asset-rental-platform\\node_modules\\vite\\node_modules\\@esbuild\\openbsd-x64'
2293 silly reify ]
2294 verbose reify failed optional dependency C:\Users\lenovo\Desktop\可操作文件\asset-rental-platform\node_modules\vite\node_modules\@esbuild\openbsd-arm64
2295 silly reify mark deleted [
2295 silly reify   'C:\\Users\\lenovo\\Desktop\\可操作文件\\asset-rental-platform\\node_modules\\vite\\node_modules\\@esbuild\\openbsd-arm64'
2295 silly reify ]
2296 verbose reify failed optional dependency C:\Users\lenovo\Desktop\可操作文件\asset-rental-platform\node_modules\vite\node_modules\@esbuild\netbsd-x64
2297 silly reify mark deleted [
2297 silly reify   'C:\\Users\\lenovo\\Desktop\\可操作文件\\asset-rental-platform\\node_modules\\vite\\node_modules\\@esbuild\\netbsd-x64'
2297 silly reify ]
2298 verbose reify failed optional dependency C:\Users\lenovo\Desktop\可操作文件\asset-rental-platform\node_modules\vite\node_modules\@esbuild\netbsd-arm64
2299 silly reify mark deleted [
2299 silly reify   'C:\\Users\\lenovo\\Desktop\\可操作文件\\asset-rental-platform\\node_modules\\vite\\node_modules\\@esbuild\\netbsd-arm64'
2299 silly reify ]
2300 verbose reify failed optional dependency C:\Users\lenovo\Desktop\可操作文件\asset-rental-platform\node_modules\vite\node_modules\@esbuild\linux-x64
2301 silly reify mark deleted [
2301 silly reify   'C:\\Users\\lenovo\\Desktop\\可操作文件\\asset-rental-platform\\node_modules\\vite\\node_modules\\@esbuild\\linux-x64'
2301 silly reify ]
2302 verbose reify failed optional dependency C:\Users\lenovo\Desktop\可操作文件\asset-rental-platform\node_modules\vite\node_modules\@esbuild\linux-s390x
2303 silly reify mark deleted [
2303 silly reify   'C:\\Users\\lenovo\\Desktop\\可操作文件\\asset-rental-platform\\node_modules\\vite\\node_modules\\@esbuild\\linux-s390x'
2303 silly reify ]
2304 verbose reify failed optional dependency C:\Users\lenovo\Desktop\可操作文件\asset-rental-platform\node_modules\vite\node_modules\@esbuild\linux-riscv64
2305 silly reify mark deleted [
2305 silly reify   'C:\\Users\\lenovo\\Desktop\\可操作文件\\asset-rental-platform\\node_modules\\vite\\node_modules\\@esbuild\\linux-riscv64'
2305 silly reify ]
2306 verbose reify failed optional dependency C:\Users\lenovo\Desktop\可操作文件\asset-rental-platform\node_modules\vite\node_modules\@esbuild\linux-ppc64
2307 silly reify mark deleted [
2307 silly reify   'C:\\Users\\lenovo\\Desktop\\可操作文件\\asset-rental-platform\\node_modules\\vite\\node_modules\\@esbuild\\linux-ppc64'
2307 silly reify ]
2308 verbose reify failed optional dependency C:\Users\lenovo\Desktop\可操作文件\asset-rental-platform\node_modules\vite\node_modules\@esbuild\linux-mips64el
2309 silly reify mark deleted [
2309 silly reify   'C:\\Users\\lenovo\\Desktop\\可操作文件\\asset-rental-platform\\node_modules\\vite\\node_modules\\@esbuild\\linux-mips64el'
2309 silly reify ]
2310 verbose reify failed optional dependency C:\Users\lenovo\Desktop\可操作文件\asset-rental-platform\node_modules\vite\node_modules\@esbuild\linux-loong64
2311 silly reify mark deleted [
2311 silly reify   'C:\\Users\\lenovo\\Desktop\\可操作文件\\asset-rental-platform\\node_modules\\vite\\node_modules\\@esbuild\\linux-loong64'
2311 silly reify ]
2312 verbose reify failed optional dependency C:\Users\lenovo\Desktop\可操作文件\asset-rental-platform\node_modules\vite\node_modules\@esbuild\linux-ia32
2313 silly reify mark deleted [
2313 silly reify   'C:\\Users\\lenovo\\Desktop\\可操作文件\\asset-rental-platform\\node_modules\\vite\\node_modules\\@esbuild\\linux-ia32'
2313 silly reify ]
2314 verbose reify failed optional dependency C:\Users\lenovo\Desktop\可操作文件\asset-rental-platform\node_modules\vite\node_modules\@esbuild\linux-arm64
2315 silly reify mark deleted [
2315 silly reify   'C:\\Users\\lenovo\\Desktop\\可操作文件\\asset-rental-platform\\node_modules\\vite\\node_modules\\@esbuild\\linux-arm64'
2315 silly reify ]
2316 verbose reify failed optional dependency C:\Users\lenovo\Desktop\可操作文件\asset-rental-platform\node_modules\vite\node_modules\@esbuild\linux-arm
2317 silly reify mark deleted [
2317 silly reify   'C:\\Users\\lenovo\\Desktop\\可操作文件\\asset-rental-platform\\node_modules\\vite\\node_modules\\@esbuild\\linux-arm'
2317 silly reify ]
2318 verbose reify failed optional dependency C:\Users\lenovo\Desktop\可操作文件\asset-rental-platform\node_modules\vite\node_modules\@esbuild\freebsd-x64
2319 silly reify mark deleted [
2319 silly reify   'C:\\Users\\lenovo\\Desktop\\可操作文件\\asset-rental-platform\\node_modules\\vite\\node_modules\\@esbuild\\freebsd-x64'
2319 silly reify ]
2320 verbose reify failed optional dependency C:\Users\lenovo\Desktop\可操作文件\asset-rental-platform\node_modules\vite\node_modules\@esbuild\freebsd-arm64
2321 silly reify mark deleted [
2321 silly reify   'C:\\Users\\lenovo\\Desktop\\可操作文件\\asset-rental-platform\\node_modules\\vite\\node_modules\\@esbuild\\freebsd-arm64'
2321 silly reify ]
2322 verbose reify failed optional dependency C:\Users\lenovo\Desktop\可操作文件\asset-rental-platform\node_modules\vite\node_modules\@esbuild\darwin-x64
2323 silly reify mark deleted [
2323 silly reify   'C:\\Users\\lenovo\\Desktop\\可操作文件\\asset-rental-platform\\node_modules\\vite\\node_modules\\@esbuild\\darwin-x64'
2323 silly reify ]
2324 verbose reify failed optional dependency C:\Users\lenovo\Desktop\可操作文件\asset-rental-platform\node_modules\vite\node_modules\@esbuild\darwin-arm64
2325 silly reify mark deleted [
2325 silly reify   'C:\\Users\\lenovo\\Desktop\\可操作文件\\asset-rental-platform\\node_modules\\vite\\node_modules\\@esbuild\\darwin-arm64'
2325 silly reify ]
2326 verbose reify failed optional dependency C:\Users\lenovo\Desktop\可操作文件\asset-rental-platform\node_modules\vite\node_modules\@esbuild\android-x64
2327 silly reify mark deleted [
2327 silly reify   'C:\\Users\\lenovo\\Desktop\\可操作文件\\asset-rental-platform\\node_modules\\vite\\node_modules\\@esbuild\\android-x64'
2327 silly reify ]
2328 verbose reify failed optional dependency C:\Users\lenovo\Desktop\可操作文件\asset-rental-platform\node_modules\vite\node_modules\@esbuild\android-arm64
2329 silly reify mark deleted [
2329 silly reify   'C:\\Users\\lenovo\\Desktop\\可操作文件\\asset-rental-platform\\node_modules\\vite\\node_modules\\@esbuild\\android-arm64'
2329 silly reify ]
2330 verbose reify failed optional dependency C:\Users\lenovo\Desktop\可操作文件\asset-rental-platform\node_modules\vite\node_modules\@esbuild\android-arm
2331 silly reify mark deleted [
2331 silly reify   'C:\\Users\\lenovo\\Desktop\\可操作文件\\asset-rental-platform\\node_modules\\vite\\node_modules\\@esbuild\\android-arm'
2331 silly reify ]
2332 verbose reify failed optional dependency C:\Users\lenovo\Desktop\可操作文件\asset-rental-platform\node_modules\vite\node_modules\@esbuild\aix-ppc64
2333 silly reify mark deleted [
2333 silly reify   'C:\\Users\\lenovo\\Desktop\\可操作文件\\asset-rental-platform\\node_modules\\vite\\node_modules\\@esbuild\\aix-ppc64'
2333 silly reify ]
2334 http cache @rollup/rollup-win32-x64-msvc@https://registry.npmjs.org/@rollup/rollup-win32-x64-msvc/-/rollup-win32-x64-msvc-4.63.3.tgz 1ms (cache hit)
2335 http cache @rollup/rollup-win32-x64-gnu@https://registry.npmjs.org/@rollup/rollup-win32-x64-gnu/-/rollup-win32-x64-gnu-4.63.3.tgz 0ms (cache hit)
2336 http cache is-fullwidth-code-point@https://registry.npmjs.org/is-fullwidth-code-point/-/is-fullwidth-code-point-3.0.0.tgz 0ms (cache hit)
2337 http cache yoctocolors@https://registry.npmjs.org/yoctocolors/-/yoctocolors-2.2.0.tgz 0ms (cache hit)
2338 http cache ansi-styles@https://registry.npmjs.org/ansi-styles/-/ansi-styles-6.2.3.tgz 0ms (cache hit)
2339 http cache nanoid@https://registry.npmjs.org/nanoid/-/nanoid-3.3.19.tgz 0ms (cache hit)
2340 http cache postcss@https://registry.npmjs.org/postcss/-/postcss-8.5.28.tgz 0ms (cache hit)
2341 http cache rollup@https://registry.npmjs.org/rollup/-/rollup-4.63.3.tgz 0ms (cache hit)
2342 http cache radix3@https://registry.npmjs.org/radix3/-/radix3-1.1.2.tgz 0ms (cache hit)
2343 http cache base64-arraybuffer@https://registry.npmjs.org/base64-arraybuffer/-/base64-arraybuffer-1.0.2.tgz 0ms (cache hit)
2344 http cache uncrypto@https://registry.npmjs.org/uncrypto/-/uncrypto-0.1.3.tgz 0ms (cache hit)
2345 http cache node-mock-http@https://registry.npmjs.org/node-mock-http/-/node-mock-http-1.0.5.tgz 0ms (cache hit)
2346 http cache iron-webcrypto@https://registry.npmjs.org/iron-webcrypto/-/iron-webcrypto-1.2.1.tgz 0ms (cache hit)
2347 http cache defu@https://registry.npmjs.org/defu/-/defu-6.1.7.tgz 0ms (cache hit)
2348 http cache readdirp@https://registry.npmjs.org/readdirp/-/readdirp-5.1.1.tgz 0ms (cache hit)
2349 http cache cookie-es@https://registry.npmjs.org/cookie-es/-/cookie-es-1.2.3.tgz 0ms (cache hit)
2350 http cache crossws@https://registry.npmjs.org/crossws/-/crossws-0.3.5.tgz 0ms (cache hit)
2351 http cache normalize-path@https://registry.npmjs.org/normalize-path/-/normalize-path-3.0.0.tgz 0ms (cache hit)
2352 http cache ufo@https://registry.npmjs.org/ufo/-/ufo-1.6.4.tgz 0ms (cache hit)
2353 http cache ofetch@https://registry.npmjs.org/ofetch/-/ofetch-1.5.1.tgz 0ms (cache hit)
2354 http cache node-fetch-native@https://registry.npmjs.org/node-fetch-native/-/node-fetch-native-1.6.7.tgz 0ms (cache hit)
2355 http cache lru-cache@https://registry.npmjs.org/lru-cache/-/lru-cache-11.5.2.tgz 0ms (cache hit)
2356 http cache h3@https://registry.npmjs.org/h3/-/h3-1.15.11.tgz 0ms (cache hit)
2357 http cache destr@https://registry.npmjs.org/destr/-/destr-2.0.5.tgz 0ms (cache hit)
2358 http cache array-iterate@https://registry.npmjs.org/array-iterate/-/array-iterate-2.0.1.tgz 0ms (cache hit)
2359 http cache chokidar@https://registry.npmjs.org/chokidar/-/chokidar-5.0.0.tgz 0ms (cache hit)
2360 http cache undici@https://registry.npmjs.org/undici/-/undici-8.10.2.tgz 0ms (cache hit)
2361 http cache anymatch@https://registry.npmjs.org/anymatch/-/anymatch-3.1.3.tgz 0ms (cache hit)
2362 http cache ohash@https://registry.npmjs.org/ohash/-/ohash-2.0.12.tgz 0ms (cache hit)
2363 http cache trough@https://registry.npmjs.org/trough/-/trough-2.2.0.tgz 0ms (cache hit)
2364 http cache is-plain-obj@https://registry.npmjs.org/is-plain-obj/-/is-plain-obj-4.1.0.tgz 0ms (cache hit)
2365 http cache bail@https://registry.npmjs.org/bail/-/bail-2.0.2.tgz 0ms (cache hit)
2366 http cache extend@https://registry.npmjs.org/extend/-/extend-3.0.2.tgz 0ms (cache hit)
2367 http cache fdir@https://registry.npmjs.org/fdir/-/fdir-6.5.0.tgz 0ms (cache hit)
2368 http cache dom-serializer@https://registry.npmjs.org/dom-serializer/-/dom-serializer-2.0.0.tgz 0ms (cache hit)
2369 http cache domelementtype@https://registry.npmjs.org/domelementtype/-/domelementtype-2.3.0.tgz 0ms (cache hit)
2370 http cache mdn-data@https://registry.npmjs.org/mdn-data/-/mdn-data-2.27.1.tgz 0ms (cache hit)
2371 http cache nth-check@https://registry.npmjs.org/nth-check/-/nth-check-2.1.1.tgz 0ms (cache hit)
2372 http cache domutils@https://registry.npmjs.org/domutils/-/domutils-3.2.2.tgz 0ms (cache hit)
2373 http cache boolbase@https://registry.npmjs.org/boolbase/-/boolbase-1.0.0.tgz 1ms (cache hit)
2374 http cache sax@https://registry.npmjs.org/sax/-/sax-1.6.1.tgz 0ms (cache hit)
2375 http cache domhandler@https://registry.npmjs.org/domhandler/-/domhandler-5.0.3.tgz 0ms (cache hit)
2376 http cache picocolors@https://registry.npmjs.org/picocolors/-/picocolors-1.1.1.tgz 0ms (cache hit)
2377 http cache csso@https://registry.npmjs.org/csso/-/csso-5.0.5.tgz 0ms (cache hit)
2378 http cache css-what@https://registry.npmjs.org/css-what/-/css-what-7.0.0.tgz 0ms (cache hit)
2379 http cache css-tree@https://registry.npmjs.org/css-tree/-/css-tree-3.2.1.tgz 0ms (cache hit)
2380 http cache css-select@https://registry.npmjs.org/css-select/-/css-select-6.0.0.tgz 0ms (cache hit)
2381 http cache ansi-regex@https://registry.npmjs.org/ansi-regex/-/ansi-regex-6.3.0.tgz 0ms (cache hit)
2382 http cache commander@https://registry.npmjs.org/commander/-/commander-11.1.0.tgz 0ms (cache hit)
2383 http cache character-entities-legacy@https://registry.npmjs.org/character-entities-legacy/-/character-entities-legacy-3.0.0.tgz 0ms (cache hit)
2384 http cache character-entities-html4@https://registry.npmjs.org/character-entities-html4/-/character-entities-html4-2.1.0.tgz 0ms (cache hit)
2385 http cache strip-ansi@https://registry.npmjs.org/strip-ansi/-/strip-ansi-7.2.0.tgz 0ms (cache hit)
2386 http cache get-east-asian-width@https://registry.npmjs.org/get-east-asian-width/-/get-east-asian-width-1.6.0.tgz 0ms (cache hit)
2387 http cache emoji-regex@https://registry.npmjs.org/emoji-regex/-/emoji-regex-10.6.0.tgz 0ms (cache hit)
2388 http cache regex-recursion@https://registry.npmjs.org/regex-recursion/-/regex-recursion-6.0.2.tgz 0ms (cache hit)
2389 http cache regex-utilities@https://registry.npmjs.org/regex-utilities/-/regex-utilities-2.3.0.tgz 0ms (cache hit)
2390 http cache regex@https://registry.npmjs.org/regex/-/regex-6.1.0.tgz 0ms (cache hit)
2391 http cache oniguruma-parser@https://registry.npmjs.org/oniguruma-parser/-/oniguruma-parser-0.12.2.tgz 0ms (cache hit)
2392 http cache oniguruma-to-es@https://registry.npmjs.org/oniguruma-to-es/-/oniguruma-to-es-4.3.6.tgz 0ms (cache hit)
2393 http cache @shikijs/vscode-textmate@https://registry.npmjs.org/@shikijs/vscode-textmate/-/vscode-textmate-10.0.2.tgz 0ms (cache hit)
2394 http cache @shikijs/langs@https://registry.npmjs.org/@shikijs/langs/-/langs-3.23.0.tgz 0ms (cache hit)
2395 http cache @shikijs/themes@https://registry.npmjs.org/@shikijs/themes/-/themes-3.23.0.tgz 0ms (cache hit)
2396 http cache @shikijs/types@https://registry.npmjs.org/@shikijs/types/-/types-3.23.0.tgz 0ms (cache hit)
2397 http cache tslib@https://registry.npmjs.org/tslib/-/tslib-2.8.1.tgz 0ms (cache hit)
2398 http cache @shikijs/engine-oniguruma@https://registry.npmjs.org/@shikijs/engine-oniguruma/-/engine-oniguruma-3.23.0.tgz 0ms (cache hit)
2399 http cache @shikijs/engine-javascript@https://registry.npmjs.org/@shikijs/engine-javascript/-/engine-javascript-3.23.0.tgz 0ms (cache hit)
2400 http cache @shikijs/core@https://registry.npmjs.org/@shikijs/core/-/core-3.23.0.tgz 0ms (cache hit)
2401 http cache @img/colour@https://registry.npmjs.org/@img/colour/-/colour-1.1.0.tgz 0ms (cache hit)
2402 http cache @emnapi/runtime@https://registry.npmjs.org/@emnapi/runtime/-/runtime-1.11.3.tgz 0ms (cache hit)
2403 http cache detect-libc@https://registry.npmjs.org/detect-libc/-/detect-libc-2.1.2.tgz 0ms (cache hit)
2404 http cache @img/sharp-win32-x64@https://registry.npmjs.org/@img/sharp-win32-x64/-/sharp-win32-x64-0.34.5.tgz 0ms (cache hit)
2405 http cache unist-util-visit-children@https://registry.npmjs.org/unist-util-visit-children/-/unist-util-visit-children-3.0.0.tgz 0ms (cache hit)
2406 http cache unist-util-modify-children@https://registry.npmjs.org/unist-util-modify-children/-/unist-util-modify-children-4.0.0.tgz 0ms (cache hit)
2407 http cache nlcst-to-string@https://registry.npmjs.org/nlcst-to-string/-/nlcst-to-string-4.0.0.tgz 0ms (cache hit)
2408 http cache parse-latin@https://registry.npmjs.org/parse-latin/-/parse-latin-7.0.0.tgz 0ms (cache hit)
2409 http cache retext-stringify@https://registry.npmjs.org/retext-stringify/-/retext-stringify-4.0.0.tgz 0ms (cache hit)
2410 http cache @types/nlcst@https://registry.npmjs.org/@types/nlcst/-/nlcst-2.0.3.tgz 0ms (cache hit)
2411 http cache retext-latin@https://registry.npmjs.org/retext-latin/-/retext-latin-4.0.0.tgz 0ms (cache hit)
2412 http cache retext@https://registry.npmjs.org/retext/-/retext-9.0.0.tgz 0ms (cache hit)
2413 http cache retext-smartypants@https://registry.npmjs.org/retext-smartypants/-/retext-smartypants-6.2.0.tgz 0ms (cache hit)
2414 http cache micromark-extension-gfm-task-list-item@https://registry.npmjs.org/micromark-extension-gfm-task-list-item/-/micromark-extension-gfm-task-list-item-2.1.0.tgz 0ms (cache hit)
2415 http cache micromark-extension-gfm-strikethrough@https://registry.npmjs.org/micromark-extension-gfm-strikethrough/-/micromark-extension-gfm-strikethrough-2.1.0.tgz 0ms (cache hit)
2416 http cache micromark-extension-gfm-tagfilter@https://registry.npmjs.org/micromark-extension-gfm-tagfilter/-/micromark-extension-gfm-tagfilter-2.0.0.tgz 0ms (cache hit)
2417 http cache micromark-extension-gfm-table@https://registry.npmjs.org/micromark-extension-gfm-table/-/micromark-extension-gfm-table-2.1.2.tgz 0ms (cache hit)
2418 http cache micromark-extension-gfm-footnote@https://registry.npmjs.org/micromark-extension-gfm-footnote/-/micromark-extension-gfm-footnote-2.1.0.tgz 0ms (cache hit)
2419 http cache micromark-factory-whitespace@https://registry.npmjs.org/micromark-factory-whitespace/-/micromark-factory-whitespace-2.0.1.tgz 0ms (cache hit)
2420 http cache micromark-util-html-tag-name@https://registry.npmjs.org/micromark-util-html-tag-name/-/micromark-util-html-tag-name-2.0.1.tgz 0ms (cache hit)
2421 http cache micromark-extension-gfm-autolink-literal@https://registry.npmjs.org/micromark-extension-gfm-autolink-literal/-/micromark-extension-gfm-autolink-literal-2.1.0.tgz 0ms (cache hit)
2422 http cache micromark-factory-title@https://registry.npmjs.org/micromark-factory-title/-/micromark-factory-title-2.0.1.tgz 0ms (cache hit)
2423 http cache @types/ms@https://registry.npmjs.org/@types/ms/-/ms-2.1.0.tgz 0ms (cache hit)
2424 http cache micromark-factory-destination@https://registry.npmjs.org/micromark-factory-destination/-/micromark-factory-destination-2.0.1.tgz 0ms (cache hit)
2425 http cache micromark-factory-label@https://registry.npmjs.org/micromark-factory-label/-/micromark-factory-label-2.0.1.tgz 0ms (cache hit)
2426 http cache micromark-util-subtokenize@https://registry.npmjs.org/micromark-util-subtokenize/-/micromark-util-subtokenize-2.1.0.tgz 0ms (cache hit)
2427 http cache micromark-util-resolve-all@https://registry.npmjs.org/micromark-util-resolve-all/-/micromark-util-resolve-all-2.0.1.tgz 0ms (cache hit)
2428 http cache micromark-util-combine-extensions@https://registry.npmjs.org/micromark-util-combine-extensions/-/micromark-util-combine-extensions-2.0.1.tgz 1ms (cache hit)
2429 http cache @types/debug@https://registry.npmjs.org/@types/debug/-/debug-4.1.13.tgz 0ms (cache hit)
2430 http cache micromark-util-chunked@https://registry.npmjs.org/micromark-util-chunked/-/micromark-util-chunked-2.0.1.tgz 0ms (cache hit)
2431 http cache micromark-factory-space@https://registry.npmjs.org/micromark-factory-space/-/micromark-factory-space-2.0.1.tgz 0ms (cache hit)
2432 http cache micromark-util-classify-character@https://registry.npmjs.org/micromark-util-classify-character/-/micromark-util-classify-character-2.0.1.tgz 0ms (cache hit)
2433 http cache micromark-core-commonmark@https://registry.npmjs.org/micromark-core-commonmark/-/micromark-core-commonmark-2.0.3.tgz 0ms (cache hit)
2434 http cache mdast-util-phrasing@https://registry.npmjs.org/mdast-util-phrasing/-/mdast-util-phrasing-4.1.0.tgz 0ms (cache hit)
2435 http cache longest-streak@https://registry.npmjs.org/longest-streak/-/longest-streak-3.1.0.tgz 0ms (cache hit)
2436 http cache markdown-table@https://registry.npmjs.org/markdown-table/-/markdown-table-3.0.4.tgz 0ms (cache hit)
2437 http cache escape-string-regexp@https://registry.npmjs.org/escape-string-regexp/-/escape-string-regexp-5.0.0.tgz 0ms (cache hit)
2438 http cache mdast-util-find-and-replace@https://registry.npmjs.org/mdast-util-find-and-replace/-/mdast-util-find-and-replace-3.0.2.tgz 0ms (cache hit)
2439 http cache unist-util-is@https://registry.npmjs.org/unist-util-is/-/unist-util-is-6.0.1.tgz 0ms (cache hit)
2440 http cache character-entities@https://registry.npmjs.org/character-entities/-/character-entities-2.0.2.tgz 0ms (cache hit)
2441 http cache micromark-util-normalize-identifier@https://registry.npmjs.org/micromark-util-normalize-identifier/-/micromark-util-normalize-identifier-2.0.1.tgz 0ms (cache hit)
2442 http cache unist-util-stringify-position@https://registry.npmjs.org/unist-util-stringify-position/-/unist-util-stringify-position-4.0.0.tgz 0ms (cache hit)
2443 http cache micromark-util-decode-string@https://registry.npmjs.org/micromark-util-decode-string/-/micromark-util-decode-string-2.0.1.tgz 0ms (cache hit)
2444 http cache micromark@https://registry.npmjs.org/micromark/-/micromark-4.0.2.tgz 0ms (cache hit)
2445 http cache mdast-util-to-string@https://registry.npmjs.org/mdast-util-to-string/-/mdast-util-to-string-4.0.0.tgz 0ms (cache hit)
2446 http cache micromark-util-decode-numeric-character-reference@https://registry.npmjs.org/micromark-util-decode-numeric-character-reference/-/micromark-util-decode-numeric-character-reference-2.0.2.tgz 0ms (cache hit)
2447 http cache decode-named-character-reference@https://registry.npmjs.org/decode-named-character-reference/-/decode-named-character-reference-1.3.0.tgz 0ms (cache hit)
2448 http cache mdast-util-to-markdown@https://registry.npmjs.org/mdast-util-to-markdown/-/mdast-util-to-markdown-2.1.2.tgz 0ms (cache hit)
2449 http cache mdast-util-gfm-task-list-item@https://registry.npmjs.org/mdast-util-gfm-task-list-item/-/mdast-util-gfm-task-list-item-2.0.0.tgz 0ms (cache hit)
2450 http cache mdast-util-gfm-table@https://registry.npmjs.org/mdast-util-gfm-table/-/mdast-util-gfm-table-2.0.0.tgz 0ms (cache hit)
2451 http cache mdast-util-gfm-strikethrough@https://registry.npmjs.org/mdast-util-gfm-strikethrough/-/mdast-util-gfm-strikethrough-2.0.0.tgz 0ms (cache hit)
2452 http cache mdast-util-gfm-footnote@https://registry.npmjs.org/mdast-util-gfm-footnote/-/mdast-util-gfm-footnote-2.1.0.tgz 0ms (cache hit)
2453 http cache mdast-util-gfm-autolink-literal@https://registry.npmjs.org/mdast-util-gfm-autolink-literal/-/mdast-util-gfm-autolink-literal-2.0.1.tgz 0ms (cache hit)
2454 http cache mdast-util-from-markdown@https://registry.npmjs.org/mdast-util-from-markdown/-/mdast-util-from-markdown-2.0.3.tgz 0ms (cache hit)
2455 http cache micromark-extension-gfm@https://registry.npmjs.org/micromark-extension-gfm/-/micromark-extension-gfm-3.0.0.tgz 0ms (cache hit)
2456 http cache remark-stringify@https://registry.npmjs.org/remark-stringify/-/remark-stringify-11.0.0.tgz 0ms (cache hit)
2457 http cache mdast-util-gfm@https://registry.npmjs.org/mdast-util-gfm/-/mdast-util-gfm-3.1.0.tgz 0ms (cache hit)
2458 http cache stringify-entities@https://registry.npmjs.org/stringify-entities/-/stringify-entities-4.0.4.tgz 0ms (cache hit)
2459 http cache hast-util-whitespace@https://registry.npmjs.org/hast-util-whitespace/-/hast-util-whitespace-3.0.0.tgz 0ms (cache hit)
2460 http cache ccount@https://registry.npmjs.org/ccount/-/ccount-2.0.1.tgz 0ms (cache hit)
2461 http cache micromark-util-symbol@https://registry.npmjs.org/micromark-util-symbol/-/micromark-util-symbol-2.0.1.tgz 0ms (cache hit)
2462 http cache micromark-util-types@https://registry.npmjs.org/micromark-util-types/-/micromark-util-types-2.0.2.tgz 0ms (cache hit)
2463 http cache hast-util-to-html@https://registry.npmjs.org/hast-util-to-html/-/hast-util-to-html-9.0.5.tgz 0ms (cache hit)
2464 http cache micromark-util-character@https://registry.npmjs.org/micromark-util-character/-/micromark-util-character-2.1.1.tgz 0ms (cache hit)
2465 http cache micromark-util-encode@https://registry.npmjs.org/micromark-util-encode/-/micromark-util-encode-2.0.1.tgz 0ms (cache hit)
2466 http cache trim-lines@https://registry.npmjs.org/trim-lines/-/trim-lines-3.0.1.tgz 0ms (cache hit)
2467 http cache micromark-util-sanitize-uri@https://registry.npmjs.org/micromark-util-sanitize-uri/-/micromark-util-sanitize-uri-2.0.1.tgz 0ms (cache hit)
2468 http cache zwitch@https://registry.npmjs.org/zwitch/-/zwitch-2.0.4.tgz 0ms (cache hit)
2469 http cache unist-util-position@https://registry.npmjs.org/unist-util-position/-/unist-util-position-5.0.0.tgz 0ms (cache hit)
2470 http cache mdast-util-to-hast@https://registry.npmjs.org/mdast-util-to-hast/-/mdast-util-to-hast-13.2.1.tgz 0ms (cache hit)
2471 http cache @ungap/structured-clone@https://registry.npmjs.org/@ungap/structured-clone/-/structured-clone-1.4.0.tgz 0ms (cache hit)
2472 http cache html-void-elements@https://registry.npmjs.org/html-void-elements/-/html-void-elements-3.0.0.tgz 0ms (cache hit)
2473 http cache hast-util-raw@https://registry.npmjs.org/hast-util-raw/-/hast-util-raw-9.1.0.tgz 0ms (cache hit)
2474 http cache rehype-parse@https://registry.npmjs.org/rehype-parse/-/rehype-parse-9.0.1.tgz 0ms (cache hit)
2475 http cache hast-util-to-parse5@https://registry.npmjs.org/hast-util-to-parse5/-/hast-util-to-parse5-8.0.1.tgz 0ms (cache hit)
2476 http cache p-timeout@https://registry.npmjs.org/p-timeout/-/p-timeout-6.1.4.tgz 0ms (cache hit)
2477 http cache sisteransi@https://registry.npmjs.org/sisteransi/-/sisteransi-1.0.5.tgz 0ms (cache hit)
2478 http cache eventemitter3@https://registry.npmjs.org/eventemitter3/-/eventemitter3-5.0.4.tgz 0ms (cache hit)
2479 http cache yocto-queue@https://registry.npmjs.org/yocto-queue/-/yocto-queue-1.2.2.tgz 0ms (cache hit)
2480 http cache @types/mdast@https://registry.npmjs.org/@types/mdast/-/mdast-4.0.4.tgz 0ms (cache hit)
2481 http cache source-map-js@https://registry.npmjs.org/source-map-js/-/source-map-js-1.2.1.tgz 0ms (cache hit)
2482 http cache kleur@https://registry.npmjs.org/kleur/-/kleur-3.0.3.tgz 0ms (cache hit)
2483 http cache @babel/helper-validator-identifier@https://registry.npmjs.org/@babel/helper-validator-identifier/-/helper-validator-identifier-7.29.7.tgz 0ms (cache hit)
2484 http cache entities@https://registry.npmjs.org/entities/-/entities-6.0.1.tgz 0ms (cache hit)
2485 http cache @babel/helper-string-parser@https://registry.npmjs.org/@babel/helper-string-parser/-/helper-string-parser-7.29.7.tgz 0ms (cache hit)
2486 http cache @babel/types@https://registry.npmjs.org/@babel/types/-/types-7.29.8.tgz 0ms (cache hit)
2487 http cache @babel/parser@https://registry.npmjs.org/@babel/parser/-/parser-7.29.8.tgz 0ms (cache hit)
2488 http cache is-inside-container@https://registry.npmjs.org/is-inside-container/-/is-inside-container-1.0.0.tgz 0ms (cache hit)
2489 http cache argparse@https://registry.npmjs.org/argparse/-/argparse-2.0.1.tgz 0ms (cache hit)
2490 http cache @jridgewell/sourcemap-codec@https://registry.npmjs.org/@jridgewell/sourcemap-codec/-/sourcemap-codec-1.6.0.tgz 0ms (cache hit)
2491 http cache utrie@https://registry.npmjs.org/utrie/-/utrie-1.0.2.tgz 0ms (cache hit)
2492 http cache text-segmentation@https://registry.npmjs.org/text-segmentation/-/text-segmentation-1.0.3.tgz 0ms (cache hit)
2493 http cache css-line-break@https://registry.npmjs.org/css-line-break/-/css-line-break-2.1.0.tgz 0ms (cache hit)
2494 http cache space-separated-tokens@https://registry.npmjs.org/space-separated-tokens/-/space-separated-tokens-2.0.2.tgz 0ms (cache hit)
2495 http cache hast-util-parse-selector@https://registry.npmjs.org/hast-util-parse-selector/-/hast-util-parse-selector-4.0.0.tgz 0ms (cache hit)
2496 http cache comma-separated-tokens@https://registry.npmjs.org/comma-separated-tokens/-/comma-separated-tokens-2.0.3.tgz 0ms (cache hit)
2497 http cache unist-util-find-after@https://registry.npmjs.org/unist-util-find-after/-/unist-util-find-after-5.0.0.tgz 0ms (cache hit)
2498 http cache hast-util-is-element@https://registry.npmjs.org/hast-util-is-element/-/hast-util-is-element-3.0.0.tgz 0ms (cache hit)
2499 http cache vfile-location@https://registry.npmjs.org/vfile-location/-/vfile-location-5.0.3.tgz 0ms (cache hit)
2500 http cache web-namespaces@https://registry.npmjs.org/web-namespaces/-/web-namespaces-2.0.1.tgz 0ms (cache hit)
2501 http cache @types/unist@https://registry.npmjs.org/@types/unist/-/unist-3.0.3.tgz 0ms (cache hit)
2502 http cache hastscript@https://registry.npmjs.org/hastscript/-/hastscript-9.0.1.tgz 0ms (cache hit)
2503 http cache dequal@https://registry.npmjs.org/dequal/-/dequal-2.0.3.tgz 0ms (cache hit)
2504 http cache property-information@https://registry.npmjs.org/property-information/-/property-information-7.2.0.tgz 0ms (cache hit)
2505 http cache vfile-message@https://registry.npmjs.org/vfile-message/-/vfile-message-4.0.3.tgz 0ms (cache hit)
2506 http cache parse5@https://registry.npmjs.org/parse5/-/parse5-7.3.0.tgz 0ms (cache hit)
2507 http cache @types/hast@https://registry.npmjs.org/@types/hast/-/hast-3.0.5.tgz 0ms (cache hit)
2508 http cache hast-util-from-parse5@https://registry.npmjs.org/hast-util-from-parse5/-/hast-util-from-parse5-8.0.3.tgz 0ms (cache hit)
2509 http cache devlop@https://registry.npmjs.org/devlop/-/devlop-1.1.0.tgz 0ms (cache hit)
2510 http cache @esbuild/win32-x64@https://registry.npmjs.org/@esbuild/win32-x64/-/win32-x64-0.27.7.tgz 0ms (cache hit)
2511 http cache tiny-inflate@https://registry.npmjs.org/tiny-inflate/-/tiny-inflate-1.0.3.tgz 0ms (cache hit)
2512 http cache base-64@https://registry.npmjs.org/base-64/-/base-64-1.0.0.tgz 0ms (cache hit)
2513 http cache ms@https://registry.npmjs.org/ms/-/ms-2.1.3.tgz 0ms (cache hit)
2514 http cache wrap-ansi@https://registry.npmjs.org/wrap-ansi/-/wrap-ansi-9.0.2.tgz 0ms (cache hit)
2515 http cache widest-line@https://registry.npmjs.org/widest-line/-/widest-line-5.0.0.tgz 0ms (cache hit)
2516 http cache string-width@https://registry.npmjs.org/string-width/-/string-width-7.2.0.tgz 0ms (cache hit)
2517 http cache cli-boxes@https://registry.npmjs.org/cli-boxes/-/cli-boxes-3.0.0.tgz 0ms (cache hit)
2518 http cache type-fest@https://registry.npmjs.org/type-fest/-/type-fest-4.41.0.tgz 0ms (cache hit)
2519 http cache chalk@https://registry.npmjs.org/chalk/-/chalk-5.6.2.tgz 0ms (cache hit)
2520 http cache camelcase@https://registry.npmjs.org/camelcase/-/camelcase-8.0.0.tgz 0ms (cache hit)
2521 http cache @types/estree@https://registry.npmjs.org/@types/estree/-/estree-1.0.9.tgz 1ms (cache hit)
2522 http cache ansi-align@https://registry.npmjs.org/ansi-align/-/ansi-align-3.0.1.tgz 0ms (cache hit)
2523 http cache fontkitten@https://registry.npmjs.org/fontkitten/-/fontkitten-1.0.3.tgz 0ms (cache hit)
2524 http cache which-pm-runs@https://registry.npmjs.org/which-pm-runs/-/which-pm-runs-1.1.0.tgz 0ms (cache hit)
2525 http cache is-wsl@https://registry.npmjs.org/is-wsl/-/is-wsl-3.1.1.tgz 0ms (cache hit)
2526 http cache is-docker@https://registry.npmjs.org/is-docker/-/is-docker-3.0.0.tgz 0ms (cache hit)
2527 http cache prismjs@https://registry.npmjs.org/prismjs/-/prismjs-1.30.0.tgz 0ms (cache hit)
2528 http cache unist-util-visit-parents@https://registry.npmjs.org/unist-util-visit-parents/-/unist-util-visit-parents-6.0.2.tgz 0ms (cache hit)
2529 http cache unist-util-remove-position@https://registry.npmjs.org/unist-util-remove-position/-/unist-util-remove-position-5.0.0.tgz 0ms (cache hit)
2530 http cache unified@https://registry.npmjs.org/unified/-/unified-11.0.5.tgz 0ms (cache hit)
2531 http cache remark-smartypants@https://registry.npmjs.org/remark-smartypants/-/remark-smartypants-3.0.3.tgz 0ms (cache hit)
2532 http cache remark-rehype@https://registry.npmjs.org/remark-rehype/-/remark-rehype-11.1.2.tgz 0ms (cache hit)
2533 http cache remark-parse@https://registry.npmjs.org/remark-parse/-/remark-parse-11.0.0.tgz 0ms (cache hit)
2534 http cache rehype-stringify@https://registry.npmjs.org/rehype-stringify/-/rehype-stringify-10.0.1.tgz 0ms (cache hit)
2535 http cache rehype-raw@https://registry.npmjs.org/rehype-raw/-/rehype-raw-7.0.0.tgz 0ms (cache hit)
2536 http cache hast-util-to-text@https://registry.npmjs.org/hast-util-to-text/-/hast-util-to-text-4.0.2.tgz 0ms (cache hit)
2537 http cache @astrojs/prism@https://registry.npmjs.org/@astrojs/prism/-/prism-3.3.0.tgz 0ms (cache hit)
2538 http cache hast-util-from-html@https://registry.npmjs.org/hast-util-from-html/-/hast-util-from-html-2.0.3.tgz 0ms (cache hit)
2539 http cache zod-to-json-schema@https://registry.npmjs.org/zod-to-json-schema/-/zod-to-json-schema-3.25.2.tgz 0ms (cache hit)
2540 http cache zod-to-ts@https://registry.npmjs.org/zod-to-ts/-/zod-to-ts-1.2.0.tgz 0ms (cache hit)
2541 http cache zod@https://registry.npmjs.org/zod/-/zod-3.25.76.tgz 0ms (cache hit)
2542 http cache yocto-spinner@https://registry.npmjs.org/yocto-spinner/-/yocto-spinner-0.2.3.tgz 0ms (cache hit)
2543 http cache yargs-parser@https://registry.npmjs.org/yargs-parser/-/yargs-parser-21.1.1.tgz 0ms (cache hit)
2544 http cache vitefu@https://registry.npmjs.org/vitefu/-/vitefu-1.1.3.tgz 0ms (cache hit)
2545 http cache xxhash-wasm@https://registry.npmjs.org/xxhash-wasm/-/xxhash-wasm-1.1.0.tgz 0ms (cache hit)
2546 http cache vite@https://registry.npmjs.org/vite/-/vite-6.4.3.tgz 0ms (cache hit)
2547 http cache vfile@https://registry.npmjs.org/vfile/-/vfile-6.0.3.tgz 0ms (cache hit)
2548 http cache unist-util-visit@https://registry.npmjs.org/unist-util-visit/-/unist-util-visit-5.1.0.tgz 0ms (cache hit)
2549 http cache unstorage@https://registry.npmjs.org/unstorage/-/unstorage-1.17.5.tgz 0ms (cache hit)
2550 http cache ultrahtml@https://registry.npmjs.org/ultrahtml/-/ultrahtml-1.7.0.tgz 0ms (cache hit)
2551 http cache unifont@https://registry.npmjs.org/unifont/-/unifont-0.7.5.tgz 0ms (cache hit)
2552 http cache tsconfck@https://registry.npmjs.org/tsconfck/-/tsconfck-3.1.6.tgz 0ms (cache hit)
2553 http cache tinyglobby@https://registry.npmjs.org/tinyglobby/-/tinyglobby-0.2.17.tgz 0ms (cache hit)
2554 http cache tinyexec@https://registry.npmjs.org/tinyexec/-/tinyexec-1.3.1.tgz 0ms (cache hit)
2555 http cache svgo@https://registry.npmjs.org/svgo/-/svgo-4.1.0.tgz 0ms (cache hit)
2556 http cache smol-toml@https://registry.npmjs.org/smol-toml/-/smol-toml-1.8.0.tgz 0ms (cache hit)
2557 http cache shiki@https://registry.npmjs.org/shiki/-/shiki-3.23.0.tgz 0ms (cache hit)
2558 http cache semver@https://registry.npmjs.org/semver/-/semver-7.8.5.tgz 0ms (cache hit)
2559 http cache sharp@https://registry.npmjs.org/sharp/-/sharp-0.34.5.tgz 0ms (cache hit)
2560 http cache remark-gfm@https://registry.npmjs.org/remark-gfm/-/remark-gfm-4.0.1.tgz 0ms (cache hit)
2561 http cache rehype@https://registry.npmjs.org/rehype/-/rehype-13.0.2.tgz 0ms (cache hit)
2562 http cache prompts@https://registry.npmjs.org/prompts/-/prompts-2.4.2.tgz 0ms (cache hit)
2563 http cache piccolore@https://registry.npmjs.org/piccolore/-/piccolore-0.1.3.tgz 0ms (cache hit)
2564 http cache picomatch@https://registry.npmjs.org/picomatch/-/picomatch-4.0.7.tgz 0ms (cache hit)
2565 http cache package-manager-detector@https://registry.npmjs.org/package-manager-detector/-/package-manager-detector-1.8.0.tgz 0ms (cache hit)
2566 http cache p-limit@https://registry.npmjs.org/p-limit/-/p-limit-6.2.0.tgz 0ms (cache hit)
2567 http cache p-queue@https://registry.npmjs.org/p-queue/-/p-queue-8.1.1.tgz 0ms (cache hit)
2568 http cache neotraverse@https://registry.npmjs.org/neotraverse/-/neotraverse-0.6.18.tgz 0ms (cache hit)
2569 http cache mrmime@https://registry.npmjs.org/mrmime/-/mrmime-2.0.1.tgz 0ms (cache hit)
2570 http cache magicast@https://registry.npmjs.org/magicast/-/magicast-0.5.5.tgz 0ms (cache hit)
2571 http cache import-meta-resolve@https://registry.npmjs.org/import-meta-resolve/-/import-meta-resolve-4.2.0.tgz 0ms (cache hit)
2572 http cache magic-string@https://registry.npmjs.org/magic-string/-/magic-string-0.30.21.tgz 0ms (cache hit)
2573 http cache js-yaml@https://registry.npmjs.org/js-yaml/-/js-yaml-4.3.2.tgz 0ms (cache hit)
2574 http cache http-cache-semantics@https://registry.npmjs.org/http-cache-semantics/-/http-cache-semantics-4.2.0.tgz 0ms (cache hit)
2575 http cache mdast-util-definitions@https://registry.npmjs.org/mdast-util-definitions/-/mdast-util-definitions-6.0.0.tgz 0ms (cache hit)
2576 http cache html-escaper@https://registry.npmjs.org/html-escaper/-/html-escaper-3.0.3.tgz 0ms (cache hit)
2577 http cache github-slugger@https://registry.npmjs.org/github-slugger/-/github-slugger-2.0.0.tgz 0ms (cache hit)
2578 http cache flattie@https://registry.npmjs.org/flattie/-/flattie-1.1.1.tgz 0ms (cache hit)
2579 http cache estree-walker@https://registry.npmjs.org/estree-walker/-/estree-walker-3.0.3.tgz 1ms (cache hit)
2580 http cache fontace@https://registry.npmjs.org/fontace/-/fontace-0.4.1.tgz 0ms (cache hit)
2581 http cache esbuild@https://registry.npmjs.org/esbuild/-/esbuild-0.27.7.tgz 0ms (cache hit)
2582 http cache es-module-lexer@https://registry.npmjs.org/es-module-lexer/-/es-module-lexer-1.7.0.tgz 0ms (cache hit)
2583 http cache dlv@https://registry.npmjs.org/dlv/-/dlv-1.1.3.tgz 0ms (cache hit)
2584 http cache dset@https://registry.npmjs.org/dset/-/dset-3.1.4.tgz 0ms (cache hit)
2585 http cache diff@https://registry.npmjs.org/diff/-/diff-8.0.4.tgz 0ms (cache hit)
2586 http cache deterministic-object-hash@https://registry.npmjs.org/deterministic-object-hash/-/deterministic-object-hash-2.0.2.tgz 0ms (cache hit)
2587 http cache devalue@https://registry.npmjs.org/devalue/-/devalue-5.9.2.tgz 0ms (cache hit)
2588 http cache debug@https://registry.npmjs.org/debug/-/debug-4.4.3.tgz 0ms (cache hit)
2589 http cache common-ancestor-path@https://registry.npmjs.org/common-ancestor-path/-/common-ancestor-path-1.0.1.tgz 0ms (cache hit)
2590 http cache cookie@https://registry.npmjs.org/cookie/-/cookie-1.1.1.tgz 0ms (cache hit)
2591 http cache ci-info@https://registry.npmjs.org/ci-info/-/ci-info-4.4.0.tgz 0ms (cache hit)
2592 http cache cssesc@https://registry.npmjs.org/cssesc/-/cssesc-3.0.0.tgz 0ms (cache hit)
2593 http cache clsx@https://registry.npmjs.org/clsx/-/clsx-2.1.1.tgz 0ms (cache hit)
2594 http cache boxen@https://registry.npmjs.org/boxen/-/boxen-8.0.1.tgz 0ms (cache hit)
2595 http cache axobject-query@https://registry.npmjs.org/axobject-query/-/axobject-query-4.1.0.tgz 0ms (cache hit)
2596 http cache @rollup/pluginutils@https://registry.npmjs.org/@rollup/pluginutils/-/pluginutils-5.4.0.tgz 0ms (cache hit)
2597 http cache @oslojs/encoding@https://registry.npmjs.org/@oslojs/encoding/-/encoding-1.1.0.tgz 0ms (cache hit)
2598 http cache aria-query@https://registry.npmjs.org/aria-query/-/aria-query-5.3.2.tgz 0ms (cache hit)
2599 http cache acorn@https://registry.npmjs.org/acorn/-/acorn-8.18.0.tgz 0ms (cache hit)
2600 http cache @astrojs/telemetry@https://registry.npmjs.org/@astrojs/telemetry/-/telemetry-3.3.0.tgz 0ms (cache hit)
2601 http cache @capsizecss/unpack@https://registry.npmjs.org/@capsizecss/unpack/-/unpack-4.0.1.tgz 0ms (cache hit)
2602 http cache typescript@https://registry.npmjs.org/typescript/-/typescript-5.9.3.tgz 0ms (cache hit)
2603 http cache html2canvas@https://registry.npmjs.org/html2canvas/-/html2canvas-1.4.1.tgz 0ms (cache hit)
2604 http cache astro@https://registry.npmjs.org/astro/-/astro-5.18.2.tgz 0ms (cache hit)
2605 http cache @astrojs/internal-helpers@https://registry.npmjs.org/@astrojs/internal-helpers/-/internal-helpers-0.7.6.tgz 0ms (cache hit)
2606 http cache @astrojs/markdown-remark@https://registry.npmjs.org/@astrojs/markdown-remark/-/markdown-remark-6.3.11.tgz 0ms (cache hit)
2607 http cache mdn-data@https://registry.npmjs.org/mdn-data/-/mdn-data-2.0.28.tgz 0ms (cache hit)
2608 http cache @astrojs/compiler@https://registry.npmjs.org/@astrojs/compiler/-/compiler-2.13.1.tgz 0ms (cache hit)
2609 http cache entities@https://registry.npmjs.org/entities/-/entities-4.5.0.tgz 0ms (cache hit)
2610 http cache picomatch@https://registry.npmjs.org/picomatch/-/picomatch-2.3.2.tgz 0ms (cache hit)
2611 http cache css-tree@https://registry.npmjs.org/css-tree/-/css-tree-2.2.1.tgz 0ms (cache hit)
2612 http cache ansi-regex@https://registry.npmjs.org/ansi-regex/-/ansi-regex-5.0.1.tgz 1ms (cache hit)
2613 http cache strip-ansi@https://registry.npmjs.org/strip-ansi/-/strip-ansi-6.0.1.tgz 0ms (cache hit)
2614 http cache string-width@https://registry.npmjs.org/string-width/-/string-width-4.2.3.tgz 0ms (cache hit)
2615 http cache emoji-regex@https://registry.npmjs.org/emoji-regex/-/emoji-regex-8.0.0.tgz 0ms (cache hit)
2616 http cache esbuild@https://registry.npmjs.org/esbuild/-/esbuild-0.25.12.tgz 0ms (cache hit)
2617 http cache @esbuild/win32-x64@https://registry.npmjs.org/@esbuild/win32-x64/-/win32-x64-0.25.12.tgz 0ms (cache hit)
2618 http cache estree-walker@https://registry.npmjs.org/estree-walker/-/estree-walker-2.0.2.tgz 0ms (cache hit)
2619 warn deprecated tsconfck@3.1.6: unmaintained
2620 silly ADD node_modules/is-fullwidth-code-point
2621 silly ADD node_modules/yoctocolors
2622 silly ADD node_modules/ansi-styles
2623 silly ADD node_modules/@rollup/rollup-win32-x64-msvc
2624 silly ADD node_modules/@rollup/rollup-win32-x64-gnu
2625 silly ADD
2626 silly ADD
2627 silly ADD
2628 silly ADD
2629 silly ADD
2630 silly ADD
2631 silly ADD
2632 silly ADD
2633 silly ADD
2634 silly ADD
2635 silly ADD
2636 silly ADD
2637 silly ADD
2638 silly ADD
2639 silly ADD
2640 silly ADD
2641 silly ADD
2642 silly ADD
2643 silly ADD
2644 silly ADD
2645 silly ADD
2646 silly ADD
2647 silly ADD
2648 silly ADD
2649 silly ADD node_modules/nanoid
2650 silly ADD node_modules/rollup
2651 silly ADD node_modules/postcss
2652 silly ADD
2653 silly ADD node_modules/base64-arraybuffer
2654 silly ADD node_modules/uncrypto
2655 silly ADD node_modules/radix3
2656 silly ADD node_modules/node-mock-http
2657 silly ADD node_modules/iron-webcrypto
2658 silly ADD node_modules/defu
2659 silly ADD node_modules/crossws
2660 silly ADD node_modules/cookie-es
2661 silly ADD node_modules/readdirp
2662 silly ADD node_modules/normalize-path
2663 silly ADD node_modules/ufo
2664 silly ADD node_modules/ofetch
2665 silly ADD node_modules/node-fetch-native
2666 silly ADD node_modules/lru-cache
2667 silly ADD node_modules/h3
2668 silly ADD node_modules/destr
2669 silly ADD node_modules/chokidar
2670 silly ADD node_modules/anymatch
2671 silly ADD node_modules/anymatch/node_modules/picomatch
2672 silly ADD node_modules/array-iterate
2673 silly ADD node_modules/undici
2674 silly ADD node_modules/ohash
2675 silly ADD node_modules/trough
2676 silly ADD node_modules/is-plain-obj
2677 silly ADD node_modules/extend
2678 silly ADD node_modules/bail
2679 silly ADD node_modules/fdir
2680 silly ADD node_modules/dom-serializer
2681 silly ADD node_modules/dom-serializer/node_modules/entities
2682 silly ADD node_modules/domelementtype
2683 silly ADD node_modules/mdn-data
2684 silly ADD node_modules/nth-check
2685 silly ADD node_modules/domutils
2686 silly ADD node_modules/domhandler
2687 silly ADD node_modules/boolbase
2688 silly ADD node_modules/sax
2689 silly ADD node_modules/picocolors
2690 silly ADD node_modules/csso
2691 silly ADD node_modules/csso/node_modules/mdn-data
2692 silly ADD node_modules/csso/node_modules/css-tree
2693 silly ADD node_modules/css-what
2694 silly ADD node_modules/css-tree
2695 silly ADD node_modules/css-select
2696 silly ADD node_modules/commander
2697 silly ADD node_modules/ansi-regex
2698 silly ADD node_modules/character-entities-legacy
2699 silly ADD node_modules/character-entities-html4
2700 silly ADD node_modules/strip-ansi
2701 silly ADD node_modules/get-east-asian-width
2702 silly ADD node_modules/emoji-regex
2703 silly ADD node_modules/regex-utilities
2704 silly ADD node_modules/regex-recursion
2705 silly ADD node_modules/regex
2706 silly ADD node_modules/oniguruma-parser
2707 silly ADD node_modules/oniguruma-to-es
2708 silly ADD node_modules/@shikijs/vscode-textmate
2709 silly ADD node_modules/@shikijs/types
2710 silly ADD node_modules/@shikijs/themes
2711 silly ADD node_modules/@shikijs/langs
2712 silly ADD node_modules/@shikijs/engine-oniguruma
2713 silly ADD node_modules/@shikijs/engine-javascript
2714 silly ADD node_modules/@shikijs/core
2715 silly ADD
2716 silly ADD
2717 silly ADD node_modules/detect-libc
2718 silly ADD node_modules/@img/sharp-win32-x64
2719 silly ADD
2720 silly ADD
2721 silly ADD
2722 silly ADD
2723 silly ADD
2724 silly ADD
2725 silly ADD
2726 silly ADD
2727 silly ADD
2728 silly ADD
2729 silly ADD
2730 silly ADD
2731 silly ADD
2732 silly ADD
2733 silly ADD
2734 silly ADD
2735 silly ADD
2736 silly ADD
2737 silly ADD
2738 silly ADD
2739 silly ADD
2740 silly ADD
2741 silly ADD
2742 silly ADD node_modules/@img/colour
2743 silly ADD node_modules/unist-util-visit-children
2744 silly ADD node_modules/unist-util-modify-children
2745 silly ADD node_modules/nlcst-to-string
2746 silly ADD node_modules/parse-latin
2747 silly ADD node_modules/retext-stringify
2748 silly ADD node_modules/retext-latin
2749 silly ADD node_modules/@types/nlcst
2750 silly ADD node_modules/retext-smartypants
2751 silly ADD node_modules/retext
2752 silly ADD node_modules/micromark-extension-gfm-task-list-item
2753 silly ADD node_modules/micromark-extension-gfm-tagfilter
2754 silly ADD node_modules/micromark-extension-gfm-table
2755 silly ADD node_modules/micromark-extension-gfm-strikethrough
2756 silly ADD node_modules/micromark-extension-gfm-footnote
2757 silly ADD node_modules/micromark-extension-gfm-autolink-literal
2758 silly ADD node_modules/micromark-util-html-tag-name
2759 silly ADD node_modules/micromark-factory-whitespace
2760 silly ADD node_modules/micromark-factory-title
2761 silly ADD node_modules/micromark-factory-label
2762 silly ADD node_modules/micromark-factory-destination
2763 silly ADD node_modules/@types/ms
2764 silly ADD node_modules/micromark-util-subtokenize
2765 silly ADD node_modules/micromark-util-resolve-all
2766 silly ADD node_modules/micromark-util-combine-extensions
2767 silly ADD node_modules/micromark-util-chunked
2768 silly ADD node_modules/micromark-factory-space
2769 silly ADD node_modules/micromark-core-commonmark
2770 silly ADD node_modules/@types/debug
2771 silly ADD node_modules/micromark-util-classify-character
2772 silly ADD node_modules/mdast-util-phrasing
2773 silly ADD node_modules/longest-streak
2774 silly ADD node_modules/markdown-table
2775 silly ADD node_modules/unist-util-is
2776 silly ADD node_modules/escape-string-regexp
2777 silly ADD node_modules/mdast-util-find-and-replace
2778 silly ADD node_modules/character-entities
2779 silly ADD node_modules/unist-util-stringify-position
2780 silly ADD node_modules/micromark-util-normalize-identifier
2781 silly ADD node_modules/micromark-util-decode-string
2782 silly ADD node_modules/micromark-util-decode-numeric-character-reference
2783 silly ADD node_modules/micromark
2784 silly ADD node_modules/mdast-util-to-string
2785 silly ADD node_modules/decode-named-character-reference
2786 silly ADD node_modules/mdast-util-to-markdown
2787 silly ADD node_modules/mdast-util-gfm-task-list-item
2788 silly ADD node_modules/mdast-util-gfm-table
2789 silly ADD node_modules/mdast-util-gfm-strikethrough
2790 silly ADD node_modules/mdast-util-gfm-footnote
2791 silly ADD node_modules/mdast-util-gfm-autolink-literal
2792 silly ADD node_modules/mdast-util-from-markdown
2793 silly ADD node_modules/remark-stringify
2794 silly ADD node_modules/micromark-extension-gfm
2795 silly ADD node_modules/mdast-util-gfm
2796 silly ADD node_modules/stringify-entities
2797 silly ADD node_modules/hast-util-whitespace
2798 silly ADD node_modules/ccount
2799 silly ADD node_modules/hast-util-to-html
2800 silly ADD node_modules/micromark-util-types
2801 silly ADD node_modules/micromark-util-symbol
2802 silly ADD node_modules/micromark-util-encode
2803 silly ADD node_modules/micromark-util-character
2804 silly ADD node_modules/trim-lines
2805 silly ADD node_modules/micromark-util-sanitize-uri
2806 silly ADD node_modules/zwitch
2807 silly ADD node_modules/unist-util-position
2808 silly ADD node_modules/mdast-util-to-hast
2809 silly ADD node_modules/html-void-elements
2810 silly ADD node_modules/hast-util-to-parse5
2811 silly ADD node_modules/@ungap/structured-clone
2812 silly ADD node_modules/hast-util-raw
2813 silly ADD node_modules/rehype-parse
2814 silly ADD node_modules/sisteransi
2815 silly ADD node_modules/kleur
2816 silly ADD node_modules/entities
2817 silly ADD node_modules/p-timeout
2818 silly ADD node_modules/eventemitter3
2819 silly ADD node_modules/yocto-queue
2820 silly ADD node_modules/@types/mdast
2821 silly ADD node_modules/@babel/helper-validator-identifier
2822 silly ADD node_modules/@babel/helper-string-parser
2823 silly ADD node_modules/source-map-js
2824 silly ADD node_modules/@babel/types
2825 silly ADD node_modules/@babel/parser
2826 silly ADD node_modules/@jridgewell/sourcemap-codec
2827 silly ADD node_modules/argparse
2828 silly ADD node_modules/is-inside-container
2829 silly ADD node_modules/utrie
2830 silly ADD node_modules/text-segmentation
2831 silly ADD node_modules/css-line-break
2832 silly ADD node_modules/space-separated-tokens
2833 silly ADD node_modules/hast-util-parse-selector
2834 silly ADD node_modules/comma-separated-tokens
2835 silly ADD node_modules/unist-util-find-after
2836 silly ADD node_modules/hast-util-is-element
2837 silly ADD node_modules/web-namespaces
2838 silly ADD node_modules/vfile-location
2839 silly ADD node_modules/property-information
2840 silly ADD node_modules/hastscript
2841 silly ADD node_modules/dequal
2842 silly ADD node_modules/@types/unist
2843 silly ADD node_modules/vfile-message
2844 silly ADD node_modules/parse5
2845 silly ADD node_modules/hast-util-from-parse5
2846 silly ADD node_modules/devlop
2847 silly ADD node_modules/@types/hast
2848 silly ADD node_modules/tiny-inflate
2849 silly ADD node_modules/@esbuild/win32-x64
2850 silly ADD
2851 silly ADD
2852 silly ADD
2853 silly ADD
2854 silly ADD
2855 silly ADD
2856 silly ADD
2857 silly ADD
2858 silly ADD
2859 silly ADD
2860 silly ADD
2861 silly ADD
2862 silly ADD
2863 silly ADD
2864 silly ADD
2865 silly ADD
2866 silly ADD
2867 silly ADD
2868 silly ADD
2869 silly ADD
2870 silly ADD
2871 silly ADD
2872 silly ADD
2873 silly ADD
2874 silly ADD
2875 silly ADD node_modules/base-64
2876 silly ADD node_modules/ms
2877 silly ADD node_modules/wrap-ansi
2878 silly ADD node_modules/widest-line
2879 silly ADD node_modules/type-fest
2880 silly ADD node_modules/string-width
2881 silly ADD node_modules/cli-boxes
2882 silly ADD node_modules/chalk
2883 silly ADD node_modules/camelcase
2884 silly ADD node_modules/ansi-align
2885 silly ADD node_modules/ansi-align/node_modules/ansi-regex
2886 silly ADD node_modules/ansi-align/node_modules/strip-ansi
2887 silly ADD node_modules/ansi-align/node_modules/emoji-regex
2888 silly ADD node_modules/ansi-align/node_modules/string-width
2889 silly ADD node_modules/@types/estree
2890 silly ADD node_modules/fontkitten
2891 silly ADD node_modules/which-pm-runs
2892 silly ADD node_modules/is-wsl
2893 silly ADD node_modules/is-docker
2894 silly ADD node_modules/prismjs
2895 silly ADD node_modules/unist-util-visit-parents
2896 silly ADD node_modules/unist-util-remove-position
2897 silly ADD node_modules/unified
2898 silly ADD node_modules/remark-smartypants
2899 silly ADD node_modules/remark-rehype
2900 silly ADD node_modules/remark-parse
2901 silly ADD node_modules/remark-gfm
2902 silly ADD node_modules/rehype-stringify
2903 silly ADD node_modules/rehype-raw
2904 silly ADD node_modules/mdast-util-definitions
2905 silly ADD node_modules/hast-util-to-text
2906 silly ADD node_modules/hast-util-from-html
2907 silly ADD node_modules/@astrojs/prism
2908 silly ADD node_modules/zod-to-ts
2909 silly ADD node_modules/zod-to-json-schema
2910 silly ADD node_modules/zod
2911 silly ADD node_modules/yocto-spinner
2912 silly ADD node_modules/yargs-parser
2913 silly ADD node_modules/xxhash-wasm
2914 silly ADD node_modules/vitefu
2915 silly ADD node_modules/vite
2916 silly ADD node_modules/vite/node_modules/@esbuild/win32-x64
2917 silly ADD
2918 silly ADD
2919 silly ADD
2920 silly ADD
2921 silly ADD
2922 silly ADD
2923 silly ADD
2924 silly ADD
2925 silly ADD
2926 silly ADD
2927 silly ADD
2928 silly ADD
2929 silly ADD
2930 silly ADD
2931 silly ADD
2932 silly ADD
2933 silly ADD
2934 silly ADD
2935 silly ADD
2936 silly ADD
2937 silly ADD
2938 silly ADD
2939 silly ADD
2940 silly ADD
2941 silly ADD
2942 silly ADD node_modules/vite/node_modules/esbuild
2943 silly ADD node_modules/vfile
2944 silly ADD node_modules/unstorage
2945 silly ADD node_modules/unist-util-visit
2946 silly ADD node_modules/unifont
2947 silly ADD node_modules/ultrahtml
2948 silly ADD node_modules/tsconfck
2949 silly ADD node_modules/tinyglobby
2950 silly ADD node_modules/tinyexec
2951 silly ADD node_modules/svgo
2952 silly ADD node_modules/smol-toml
2953 silly ADD node_modules/shiki
2954 silly ADD node_modules/sharp
2955 silly ADD node_modules/semver
2956 silly ADD node_modules/rehype
2957 silly ADD node_modules/prompts
2958 silly ADD node_modules/picomatch
2959 silly ADD node_modules/piccolore
2960 silly ADD node_modules/package-manager-detector
2961 silly ADD node_modules/p-queue
2962 silly ADD node_modules/p-limit
2963 silly ADD node_modules/neotraverse
2964 silly ADD node_modules/mrmime
2965 silly ADD node_modules/magicast
2966 silly ADD node_modules/magic-string
2967 silly ADD node_modules/js-yaml
2968 silly ADD node_modules/import-meta-resolve
2969 silly ADD node_modules/http-cache-semantics
2970 silly ADD node_modules/html-escaper
2971 silly ADD node_modules/github-slugger
2972 silly ADD node_modules/fontace
2973 silly ADD node_modules/flattie
2974 silly ADD node_modules/estree-walker
2975 silly ADD node_modules/esbuild
2976 silly ADD node_modules/es-module-lexer
2977 silly ADD node_modules/dset
2978 silly ADD node_modules/dlv
2979 silly ADD node_modules/diff
2980 silly ADD node_modules/devalue
2981 silly ADD node_modules/deterministic-object-hash
2982 silly ADD node_modules/debug
2983 silly ADD node_modules/cssesc
2984 silly ADD node_modules/cookie
2985 silly ADD node_modules/common-ancestor-path
2986 silly ADD node_modules/clsx
2987 silly ADD node_modules/ci-info
2988 silly ADD node_modules/boxen
2989 silly ADD node_modules/axobject-query
2990 silly ADD node_modules/aria-query
2991 silly ADD node_modules/acorn
2992 silly ADD node_modules/@rollup/pluginutils
2993 silly ADD node_modules/@rollup/pluginutils/node_modules/estree-walker
2994 silly ADD node_modules/@oslojs/encoding
2995 silly ADD node_modules/@capsizecss/unpack
2996 silly ADD node_modules/@astrojs/telemetry
2997 silly ADD node_modules/@astrojs/markdown-remark
2998 silly ADD node_modules/@astrojs/internal-helpers
2999 silly ADD node_modules/@astrojs/compiler
3000 silly ADD node_modules/typescript
3001 silly ADD node_modules/html2canvas
3002 silly ADD node_modules/astro
3003 verbose cwd C:\Users\lenovo\Desktop\可操作文件\asset-rental-platform
3004 verbose os Windows_NT 10.0.26100
3005 verbose node v22.23.2
3006 verbose npm  v10.9.8
3007 verbose exit 0
3008 info ok
