0 verbose cli D:\TOOL\nodejs\node.exe D:\TOOL\nodejs\node_modules\npm\bin\npm-cli.js
1 info using npm@10.9.8
2 info using node@v22.23.2
3 silly config load:file:D:\TOOL\nodejs\node_modules\npm\npmrc
4 silly config load:file:C:\Users\lenovo\Desktop\可操作文件\asset-rental-platform\.npmrc
5 silly config load:file:C:\Users\lenovo\.npmrc
6 silly config load:file:D:\TOOL\npm-global\etc\npmrc
7 verbose title npm install
8 verbose argv "install" "--no-audit" "--no-fund"
9 verbose logfile logs-max:10 dir:C:\Users\lenovo\Desktop\可操作文件\asset-rental-platform\.npm-cache\_logs\2026-09-17T04_28_42_084Z-
10 verbose logfile C:\Users\lenovo\Desktop\可操作文件\asset-rental-platform\.npm-cache\_logs\2026-09-17T04_28_42_084Z-debug-0.log
11 silly logfile done cleaning log files
12 silly packumentCache heap:4345298944 maxSize:1086324736 maxEntrySize:543162368
13 silly idealTree buildDeps
14 silly fetch manifest astro@^5.7.0
15 silly packumentCache full:https://registry.npmjs.org/astro cache-miss
16 http fetch GET 200 https://registry.npmjs.org/npm 3144ms
17 http fetch GET 200 https://registry.npmjs.org/astro 3344ms (cache miss)
18 silly packumentCache full:https://registry.npmjs.org/astro set size:undefined disposed:false
19 silly fetch manifest html2canvas@^1.4.1
20 silly packumentCache full:https://registry.npmjs.org/html2canvas cache-miss
21 http fetch GET 200 https://registry.npmjs.org/html2canvas 548ms (cache miss)
22 silly packumentCache full:https://registry.npmjs.org/html2canvas set size:undefined disposed:false
23 silly fetch manifest typescript@^5.5.0
24 silly packumentCache full:https://registry.npmjs.org/typescript cache-miss
25 http fetch GET 200 https://registry.npmjs.org/typescript 6157ms (cache miss)
26 silly packumentCache full:https://registry.npmjs.org/typescript set size:undefined disposed:false
27 silly placeDep ROOT astro@5.18.2 OK for: asset-rental-platform@1.0.0 want: ^5.7.0
28 silly placeDep ROOT html2canvas@1.4.1 OK for: asset-rental-platform@1.0.0 want: ^1.4.1
29 silly placeDep ROOT typescript@5.9.3 OK for: asset-rental-platform@1.0.0 want: ^5.5.0
30 silly fetch manifest dlv@^1.1.3
31 silly packumentCache full:https://registry.npmjs.org/dlv cache-miss
32 silly fetch manifest zod@^3.25.76
33 silly packumentCache full:https://registry.npmjs.org/zod cache-miss
34 silly fetch manifest clsx@^2.1.1
35 silly packumentCache full:https://registry.npmjs.org/clsx cache-miss
36 silly fetch manifest diff@^8.0.3
37 silly packumentCache full:https://registry.npmjs.org/diff cache-miss
38 silly fetch manifest dset@^3.1.4
39 silly packumentCache full:https://registry.npmjs.org/dset cache-miss
40 silly fetch manifest svgo@^4.0.0
41 silly packumentCache full:https://registry.npmjs.org/svgo cache-miss
42 silly fetch manifest vite@^6.4.1
43 silly packumentCache full:https://registry.npmjs.org/vite cache-miss
44 silly fetch manifest acorn@^8.15.0
45 silly packumentCache full:https://registry.npmjs.org/acorn cache-miss
46 silly fetch manifest boxen@8.0.1
47 silly packumentCache full:https://registry.npmjs.org/boxen cache-miss
48 silly fetch manifest debug@^4.4.3
49 silly packumentCache full:https://registry.npmjs.org/debug cache-miss
50 silly fetch manifest shiki@^3.21.0
51 silly packumentCache full:https://registry.npmjs.org/shiki cache-miss
52 silly fetch manifest vfile@^6.0.3
53 silly packumentCache full:https://registry.npmjs.org/vfile cache-miss
54 silly fetch manifest cookie@^1.1.1
55 silly packumentCache full:https://registry.npmjs.org/cookie cache-miss
56 silly fetch manifest cssesc@^3.0.0
57 silly packumentCache full:https://registry.npmjs.org/cssesc cache-miss
58 silly fetch manifest mrmime@^2.0.1
59 silly packumentCache full:https://registry.npmjs.org/mrmime cache-miss
60 http fetch GET 200 https://registry.npmjs.org/dlv 234ms (cache miss)
61 silly packumentCache full:https://registry.npmjs.org/dlv set size:undefined disposed:false
62 silly fetch manifest rehype@^13.0.2
63 silly packumentCache full:https://registry.npmjs.org/rehype cache-miss
64 http fetch GET 200 https://registry.npmjs.org/clsx 878ms (cache miss)
65 silly packumentCache full:https://registry.npmjs.org/clsx set size:undefined disposed:false
66 silly fetch manifest semver@^7.7.3
67 silly packumentCache full:https://registry.npmjs.org/semver cache-miss
68 http fetch GET 200 https://registry.npmjs.org/diff 899ms (cache miss)
69 silly packumentCache full:https://registry.npmjs.org/diff set size:undefined disposed:false
70 silly fetch manifest vitefu@^1.1.1
71 silly packumentCache full:https://registry.npmjs.org/vitefu cache-miss
72 http fetch GET 200 https://registry.npmjs.org/svgo 920ms (cache miss)
73 silly packumentCache full:https://registry.npmjs.org/svgo set size:undefined disposed:false
74 silly fetch manifest ci-info@^4.3.1
75 silly packumentCache full:https://registry.npmjs.org/ci-info cache-miss
76 http fetch GET 200 https://registry.npmjs.org/mrmime 927ms (cache miss)
77 silly packumentCache full:https://registry.npmjs.org/mrmime set size:undefined disposed:false
78 silly fetch manifest devalue@^5.6.2
79 silly packumentCache full:https://registry.npmjs.org/devalue cache-miss
80 http fetch GET 200 https://registry.npmjs.org/boxen 935ms (cache miss)
81 silly packumentCache full:https://registry.npmjs.org/boxen set size:undefined disposed:false
82 silly fetch manifest esbuild@^0.27.3
83 silly packumentCache full:https://registry.npmjs.org/esbuild cache-miss
84 http fetch GET 200 https://registry.npmjs.org/rehype 717ms (cache miss)
85 silly packumentCache full:https://registry.npmjs.org/rehype set size:undefined disposed:false
86 silly fetch manifest flattie@^1.1.1
87 silly packumentCache full:https://registry.npmjs.org/flattie cache-miss
88 http fetch GET 200 https://registry.npmjs.org/cookie 1102ms (cache miss)
89 silly packumentCache full:https://registry.npmjs.org/cookie set size:undefined disposed:false
90 silly fetch manifest fontace@~0.4.0
91 silly packumentCache full:https://registry.npmjs.org/fontace cache-miss
92 http fetch GET 200 https://registry.npmjs.org/vitefu 238ms (cache miss)
93 silly packumentCache full:https://registry.npmjs.org/vitefu set size:undefined disposed:false
94 silly fetch manifest js-yaml@^4.1.1
95 silly packumentCache full:https://registry.npmjs.org/js-yaml cache-miss
96 http fetch GET 200 https://registry.npmjs.org/semver 277ms (cache miss)
97 silly packumentCache full:https://registry.npmjs.org/semver set size:undefined disposed:false
98 silly fetch manifest p-limit@^6.2.0
99 silly packumentCache full:https://registry.npmjs.org/p-limit cache-miss
100 http fetch GET 200 https://registry.npmjs.org/flattie 220ms (cache miss)
101 silly packumentCache full:https://registry.npmjs.org/flattie set size:undefined disposed:false
102 silly fetch manifest p-queue@^8.1.1
103 silly packumentCache full:https://registry.npmjs.org/p-queue cache-miss
104 http fetch GET 200 https://registry.npmjs.org/ci-info 260ms (cache miss)
105 silly packumentCache full:https://registry.npmjs.org/ci-info set size:undefined disposed:false
106 silly fetch manifest prompts@^2.4.2
107 silly packumentCache full:https://registry.npmjs.org/prompts cache-miss
108 http fetch GET 200 https://registry.npmjs.org/devalue 263ms (cache miss)
109 silly packumentCache full:https://registry.npmjs.org/devalue set size:undefined disposed:false
110 silly fetch manifest unifont@~0.7.3
111 silly packumentCache full:https://registry.npmjs.org/unifont cache-miss
112 http fetch GET 200 https://registry.npmjs.org/fontace 224ms (cache miss)
113 silly packumentCache full:https://registry.npmjs.org/fontace set size:undefined disposed:false
114 silly fetch manifest magicast@^0.5.1
115 silly packumentCache full:https://registry.npmjs.org/magicast cache-miss
116 http fetch GET 200 https://registry.npmjs.org/p-limit 232ms (cache miss)
117 silly packumentCache full:https://registry.npmjs.org/p-limit set size:undefined disposed:false
118 silly fetch manifest tinyexec@^1.0.2
119 silly packumentCache full:https://registry.npmjs.org/tinyexec cache-miss
120 http fetch GET 200 https://registry.npmjs.org/js-yaml 253ms (cache miss)
121 silly packumentCache full:https://registry.npmjs.org/js-yaml set size:undefined disposed:false
122 silly fetch manifest tsconfck@^3.1.6
123 silly packumentCache full:https://registry.npmjs.org/tsconfck cache-miss
124 http fetch GET 200 https://registry.npmjs.org/unifont 231ms (cache miss)
125 silly packumentCache full:https://registry.npmjs.org/unifont set size:undefined disposed:false
126 silly fetch manifest piccolore@^0.1.3
127 silly packumentCache full:https://registry.npmjs.org/piccolore cache-miss
128 http fetch GET 200 https://registry.npmjs.org/prompts 263ms (cache miss)
129 silly packumentCache full:https://registry.npmjs.org/prompts set size:undefined disposed:false
130 silly fetch manifest picomatch@^4.0.3
131 silly packumentCache full:https://registry.npmjs.org/picomatch cache-miss
132 http fetch GET 200 https://registry.npmjs.org/dset 1487ms (cache miss)
133 silly packumentCache full:https://registry.npmjs.org/dset set size:undefined disposed:false
134 silly fetch manifest smol-toml@^1.6.0
135 silly packumentCache full:https://registry.npmjs.org/smol-toml cache-miss
136 http fetch GET 200 https://registry.npmjs.org/zod 1534ms (cache miss)
137 silly packumentCache full:https://registry.npmjs.org/zod set size:undefined disposed:false
138 silly fetch manifest ultrahtml@^1.6.0
139 silly packumentCache full:https://registry.npmjs.org/ultrahtml cache-miss
140 http fetch GET 200 https://registry.npmjs.org/magicast 458ms (cache miss)
141 silly packumentCache full:https://registry.npmjs.org/magicast set size:undefined disposed:false
142 silly fetch manifest unstorage@^1.17.4
143 silly packumentCache full:https://registry.npmjs.org/unstorage cache-miss
144 http fetch GET 200 https://registry.npmjs.org/cssesc 1869ms (cache miss)
145 silly packumentCache full:https://registry.npmjs.org/cssesc set size:undefined disposed:false
146 silly fetch manifest zod-to-ts@^1.2.0
147 silly packumentCache full:https://registry.npmjs.org/zod-to-ts cache-miss
148 http fetch GET 200 https://registry.npmjs.org/debug 1981ms (cache miss)
149 silly packumentCache full:https://registry.npmjs.org/debug set size:undefined disposed:false
150 silly fetch manifest aria-query@^5.3.2
151 silly packumentCache full:https://registry.npmjs.org/aria-query cache-miss
152 http fetch GET 200 https://registry.npmjs.org/picomatch 546ms (cache miss)
153 silly packumentCache full:https://registry.npmjs.org/picomatch set size:undefined disposed:false
154 silly fetch manifest tinyglobby@^0.2.15
155 silly packumentCache full:https://registry.npmjs.org/tinyglobby cache-miss
156 http fetch GET 200 https://registry.npmjs.org/vfile 2072ms (cache miss)
157 silly packumentCache full:https://registry.npmjs.org/vfile set size:undefined disposed:false
158 silly fetch manifest neotraverse@^0.6.18
159 silly packumentCache full:https://registry.npmjs.org/neotraverse cache-miss
160 http fetch GET 200 https://registry.npmjs.org/unstorage 314ms (cache miss)
161 silly packumentCache full:https://registry.npmjs.org/unstorage set size:undefined disposed:false
162 silly fetch manifest xxhash-wasm@^1.1.0
163 silly packumentCache full:https://registry.npmjs.org/xxhash-wasm cache-miss
164 http fetch GET 200 https://registry.npmjs.org/acorn 2116ms (cache miss)
165 silly packumentCache full:https://registry.npmjs.org/acorn set size:undefined disposed:false
166 silly fetch manifest html-escaper@3.0.3
167 silly packumentCache full:https://registry.npmjs.org/html-escaper cache-miss
168 http fetch GET 200 https://registry.npmjs.org/tsconfck 727ms (cache miss)
169 silly packumentCache full:https://registry.npmjs.org/tsconfck set size:undefined disposed:false
170 silly fetch manifest magic-string@^0.30.21
171 silly packumentCache full:https://registry.npmjs.org/magic-string cache-miss
172 http fetch GET 200 https://registry.npmjs.org/zod-to-ts 266ms (cache miss)
173 silly packumentCache full:https://registry.npmjs.org/zod-to-ts set size:undefined disposed:false
174 silly fetch manifest yargs-parser@^21.1.1
175 silly packumentCache full:https://registry.npmjs.org/yargs-parser cache-miss
176 http fetch GET 200 https://registry.npmjs.org/ultrahtml 570ms (cache miss)
177 silly packumentCache full:https://registry.npmjs.org/ultrahtml set size:undefined disposed:false
178 silly fetch manifest estree-walker@^3.0.3
179 silly packumentCache full:https://registry.npmjs.org/estree-walker cache-miss
180 http fetch GET 200 https://registry.npmjs.org/smol-toml 665ms (cache miss)
181 silly packumentCache full:https://registry.npmjs.org/smol-toml set size:undefined disposed:false
182 silly fetch manifest yocto-spinner@^0.2.3
183 silly packumentCache full:https://registry.npmjs.org/yocto-spinner cache-miss
184 http fetch GET 200 https://registry.npmjs.org/shiki 2155ms (cache miss)
185 silly packumentCache full:https://registry.npmjs.org/shiki set size:undefined disposed:false
186 silly fetch manifest axobject-query@^4.1.0
187 silly packumentCache full:https://registry.npmjs.org/axobject-query cache-miss
188 http fetch GET 200 https://registry.npmjs.org/p-queue 1006ms (cache miss)
189 silly packumentCache full:https://registry.npmjs.org/p-queue set size:undefined disposed:false
190 silly fetch manifest github-slugger@^2.0.0
191 silly packumentCache full:https://registry.npmjs.org/github-slugger cache-miss
192 http fetch GET 200 https://registry.npmjs.org/aria-query 241ms (cache miss)
193 silly packumentCache full:https://registry.npmjs.org/aria-query set size:undefined disposed:false
194 silly fetch manifest es-module-lexer@^1.7.0
195 silly packumentCache full:https://registry.npmjs.org/es-module-lexer cache-miss
196 http fetch GET 200 https://registry.npmjs.org/tinyglobby 234ms (cache miss)
197 silly packumentCache full:https://registry.npmjs.org/tinyglobby set size:undefined disposed:false
198 silly fetch manifest @oslojs/encoding@^1.1.0
199 silly packumentCache full:https://registry.npmjs.org/@oslojs%2fencoding cache-miss
200 http fetch GET 200 https://registry.npmjs.org/esbuild 1337ms (cache miss)
201 silly packumentCache full:https://registry.npmjs.org/esbuild set size:undefined disposed:false
202 silly fetch manifest unist-util-visit@^5.0.0
203 silly packumentCache full:https://registry.npmjs.org/unist-util-visit cache-miss
204 http fetch GET 200 https://registry.npmjs.org/piccolore 882ms (cache miss)
205 silly packumentCache full:https://registry.npmjs.org/piccolore set size:undefined disposed:false
206 silly fetch manifest @astrojs/compiler@^2.13.0
207 silly packumentCache full:https://registry.npmjs.org/@astrojs%2fcompiler cache-miss
208 http fetch GET 200 https://registry.npmjs.org/neotraverse 235ms (cache miss)
209 silly packumentCache full:https://registry.npmjs.org/neotraverse set size:undefined disposed:false
210 silly fetch manifest @astrojs/telemetry@3.3.0
211 silly packumentCache full:https://registry.npmjs.org/@astrojs%2ftelemetry cache-miss
212 http fetch GET 200 https://registry.npmjs.org/xxhash-wasm 223ms (cache miss)
213 silly packumentCache full:https://registry.npmjs.org/xxhash-wasm set size:undefined disposed:false
214 silly fetch manifest @capsizecss/unpack@^4.0.0
215 silly packumentCache full:https://registry.npmjs.org/@capsizecss%2funpack cache-miss
216 http fetch GET 200 https://registry.npmjs.org/html-escaper 227ms (cache miss)
217 silly packumentCache full:https://registry.npmjs.org/html-escaper set size:undefined disposed:false
218 silly fetch manifest zod-to-json-schema@^3.25.1
219 silly packumentCache full:https://registry.npmjs.org/zod-to-json-schema cache-miss
220 http fetch GET 200 https://registry.npmjs.org/yocto-spinner 233ms (cache miss)
221 silly packumentCache full:https://registry.npmjs.org/yocto-spinner set size:undefined disposed:false
222 silly fetch manifest @rollup/pluginutils@^5.3.0
223 silly packumentCache full:https://registry.npmjs.org/@rollup%2fpluginutils cache-miss
224 http fetch GET 200 https://registry.npmjs.org/estree-walker 247ms (cache miss)
225 silly packumentCache full:https://registry.npmjs.org/estree-walker set size:undefined disposed:false
226 silly fetch manifest import-meta-resolve@^4.2.0
227 silly packumentCache full:https://registry.npmjs.org/import-meta-resolve cache-miss
228 http fetch GET 200 https://registry.npmjs.org/magic-string 274ms (cache miss)
229 silly packumentCache full:https://registry.npmjs.org/magic-string set size:undefined disposed:false
230 silly fetch manifest common-ancestor-path@^1.0.1
231 silly packumentCache full:https://registry.npmjs.org/common-ancestor-path cache-miss
232 http fetch GET 200 https://registry.npmjs.org/axobject-query 249ms (cache miss)
233 silly packumentCache full:https://registry.npmjs.org/axobject-query set size:undefined disposed:false
234 silly fetch manifest http-cache-semantics@^4.2.0
235 silly packumentCache full:https://registry.npmjs.org/http-cache-semantics cache-miss
236 http fetch GET 200 https://registry.npmjs.org/yargs-parser 288ms (cache miss)
237 silly packumentCache full:https://registry.npmjs.org/yargs-parser set size:undefined disposed:false
238 silly fetch manifest @astrojs/markdown-remark@6.3.11
239 silly packumentCache full:https://registry.npmjs.org/@astrojs%2fmarkdown-remark cache-miss
240 http fetch GET 200 https://registry.npmjs.org/@oslojs%2fencoding 231ms (cache miss)
241 silly packumentCache full:https://registry.npmjs.org/@oslojs%2fencoding set size:undefined disposed:false
242 silly fetch manifest package-manager-detector@^1.6.0
243 silly packumentCache full:https://registry.npmjs.org/package-manager-detector cache-miss
244 http fetch GET 200 https://registry.npmjs.org/es-module-lexer 277ms (cache miss)
245 silly packumentCache full:https://registry.npmjs.org/es-module-lexer set size:undefined disposed:false
246 silly fetch manifest @astrojs/internal-helpers@0.7.6
247 silly packumentCache full:https://registry.npmjs.org/@astrojs%2finternal-helpers cache-miss
248 http fetch GET 200 https://registry.npmjs.org/unist-util-visit 236ms (cache miss)
249 silly packumentCache full:https://registry.npmjs.org/unist-util-visit set size:undefined disposed:false
250 silly fetch manifest deterministic-object-hash@^2.0.2
251 silly packumentCache full:https://registry.npmjs.org/deterministic-object-hash cache-miss
252 http fetch GET 200 https://registry.npmjs.org/tinyexec 1168ms (cache miss)
253 silly packumentCache full:https://registry.npmjs.org/tinyexec set size:undefined disposed:false
254 silly fetch manifest sharp@^0.34.0
255 silly packumentCache full:https://registry.npmjs.org/sharp cache-miss
256 http fetch GET 200 https://registry.npmjs.org/@astrojs%2ftelemetry 273ms (cache miss)
257 silly packumentCache full:https://registry.npmjs.org/@astrojs%2ftelemetry set size:undefined disposed:false
258 silly fetch manifest css-line-break@^2.1.0
259 silly packumentCache full:https://registry.npmjs.org/css-line-break cache-miss
260 http fetch GET 200 https://registry.npmjs.org/@capsizecss%2funpack 261ms (cache miss)
261 silly packumentCache full:https://registry.npmjs.org/@capsizecss%2funpack set size:undefined disposed:false
262 silly fetch manifest text-segmentation@^1.0.3
263 silly packumentCache full:https://registry.npmjs.org/text-segmentation cache-miss
264 http fetch GET 200 https://registry.npmjs.org/github-slugger 421ms (cache miss)
265 silly packumentCache full:https://registry.npmjs.org/github-slugger set size:undefined disposed:false
266 http fetch GET 200 https://registry.npmjs.org/common-ancestor-path 240ms (cache miss)
267 silly packumentCache full:https://registry.npmjs.org/common-ancestor-path set size:undefined disposed:false
268 http fetch GET 200 https://registry.npmjs.org/zod-to-json-schema 298ms (cache miss)
269 silly packumentCache full:https://registry.npmjs.org/zod-to-json-schema set size:undefined disposed:false
270 http fetch GET 200 https://registry.npmjs.org/@astrojs%2finternal-helpers 273ms (cache miss)
271 silly packumentCache full:https://registry.npmjs.org/@astrojs%2finternal-helpers set size:undefined disposed:false
272 http fetch GET 200 https://registry.npmjs.org/deterministic-object-hash 261ms (cache miss)
273 silly packumentCache full:https://registry.npmjs.org/deterministic-object-hash set size:undefined disposed:false
274 http fetch GET 200 https://registry.npmjs.org/http-cache-semantics 498ms (cache miss)
275 silly packumentCache full:https://registry.npmjs.org/http-cache-semantics set size:undefined disposed:false
276 http fetch GET 200 https://registry.npmjs.org/@rollup%2fpluginutils 536ms (cache miss)
277 silly packumentCache full:https://registry.npmjs.org/@rollup%2fpluginutils set size:undefined disposed:false
278 http fetch GET 200 https://registry.npmjs.org/package-manager-detector 514ms (cache miss)
279 silly packumentCache full:https://registry.npmjs.org/package-manager-detector set size:undefined disposed:false
280 http fetch GET 200 https://registry.npmjs.org/text-segmentation 486ms (cache miss)
281 silly packumentCache full:https://registry.npmjs.org/text-segmentation set size:undefined disposed:false
282 http fetch GET 200 https://registry.npmjs.org/import-meta-resolve 860ms (cache miss)
283 silly packumentCache full:https://registry.npmjs.org/import-meta-resolve set size:undefined disposed:false
284 http fetch GET 200 https://registry.npmjs.org/@astrojs%2fmarkdown-remark 844ms (cache miss)
285 silly packumentCache full:https://registry.npmjs.org/@astrojs%2fmarkdown-remark set size:undefined disposed:false
286 http fetch GET 200 https://registry.npmjs.org/@astrojs%2fcompiler 1195ms (cache miss)
287 silly packumentCache full:https://registry.npmjs.org/@astrojs%2fcompiler set size:undefined disposed:false
288 http fetch GET 200 https://registry.npmjs.org/sharp 1102ms (cache miss)
289 silly packumentCache full:https://registry.npmjs.org/sharp set size:undefined disposed:false
290 http fetch GET 200 https://registry.npmjs.org/css-line-break 1106ms (cache miss)
291 silly packumentCache full:https://registry.npmjs.org/css-line-break set size:undefined disposed:false
292 http fetch GET 200 https://registry.npmjs.org/vite 4702ms (cache miss)
293 silly packumentCache full:https://registry.npmjs.org/vite set size:undefined disposed:false
294 silly fetch manifest @types/node@^18.0.0 || ^20.0.0 || >=22.0.0
295 silly packumentCache full:https://registry.npmjs.org/@types%2fnode cache-miss
296 http fetch GET 200 https://registry.npmjs.org/@types%2fnode 4341ms (cache miss)
297 silly packumentCache full:https://registry.npmjs.org/@types%2fnode set size:undefined disposed:false
298 silly fetch manifest jiti@>=1.21.0
299 silly packumentCache full:https://registry.npmjs.org/jiti cache-miss
300 http fetch GET 200 https://registry.npmjs.org/jiti 306ms (cache miss)
301 silly packumentCache full:https://registry.npmjs.org/jiti set size:undefined disposed:false
302 silly fetch manifest less@*
303 silly packumentCache full:https://registry.npmjs.org/less cache-miss
304 http fetch GET 200 https://registry.npmjs.org/less 574ms (cache miss)
305 silly packumentCache full:https://registry.npmjs.org/less set size:undefined disposed:false
306 silly fetch manifest lightningcss@^1.21.0
307 silly packumentCache full:https://registry.npmjs.org/lightningcss cache-miss
308 http fetch GET 200 https://registry.npmjs.org/lightningcss 246ms (cache miss)
309 silly packumentCache full:https://registry.npmjs.org/lightningcss set size:undefined disposed:false
310 silly fetch manifest sass@*
311 silly packumentCache full:https://registry.npmjs.org/sass cache-miss
312 http fetch GET 200 https://registry.npmjs.org/sass 687ms (cache miss)
313 silly packumentCache full:https://registry.npmjs.org/sass set size:undefined disposed:false
314 silly fetch manifest sass-embedded@*
315 silly packumentCache full:https://registry.npmjs.org/sass-embedded cache-miss
316 http fetch GET 200 https://registry.npmjs.org/sass-embedded 533ms (cache miss)
317 silly packumentCache full:https://registry.npmjs.org/sass-embedded set size:undefined disposed:false
318 silly fetch manifest stylus@*
319 silly packumentCache full:https://registry.npmjs.org/stylus cache-miss
320 http fetch GET 200 https://registry.npmjs.org/stylus 263ms (cache miss)
321 silly packumentCache full:https://registry.npmjs.org/stylus set size:undefined disposed:false
322 silly fetch manifest sugarss@*
323 silly packumentCache full:https://registry.npmjs.org/sugarss cache-miss
324 http fetch GET 200 https://registry.npmjs.org/sugarss 962ms (cache miss)
325 silly packumentCache full:https://registry.npmjs.org/sugarss set size:undefined disposed:false
326 silly fetch manifest postcss@^8.3.3
327 silly packumentCache full:https://registry.npmjs.org/postcss cache-miss
328 http fetch GET 200 https://registry.npmjs.org/postcss 690ms (cache miss)
329 silly packumentCache full:https://registry.npmjs.org/postcss set size:undefined disposed:false
330 silly fetch manifest terser@^5.16.0
331 silly packumentCache full:https://registry.npmjs.org/terser cache-miss
332 http fetch GET 200 https://registry.npmjs.org/terser 508ms (cache miss)
333 silly packumentCache full:https://registry.npmjs.org/terser set size:undefined disposed:false
334 silly fetch manifest tsx@^4.8.1
335 silly packumentCache full:https://registry.npmjs.org/tsx cache-miss
336 http fetch GET 200 https://registry.npmjs.org/tsx 1006ms (cache miss)
337 silly packumentCache full:https://registry.npmjs.org/tsx set size:undefined disposed:false
338 silly fetch manifest yaml@^2.4.2
339 silly packumentCache full:https://registry.npmjs.org/yaml cache-miss
340 http fetch GET 200 https://registry.npmjs.org/yaml 1082ms (cache miss)
341 silly packumentCache full:https://registry.npmjs.org/yaml set size:undefined disposed:false
342 silly fetch manifest typescript@^5.0.0
343 silly packumentCache full:https://registry.npmjs.org/typescript cache-miss
344 http cache https://registry.npmjs.org/typescript 47ms (cache hit)
345 silly packumentCache full:https://registry.npmjs.org/typescript set size:15681400 disposed:false
346 silly fetch manifest @azure/app-configuration@^1.8.0
347 silly packumentCache full:https://registry.npmjs.org/@azure%2fapp-configuration cache-miss
348 http fetch GET 200 https://registry.npmjs.org/@azure%2fapp-configuration 2175ms (cache miss)
349 silly packumentCache full:https://registry.npmjs.org/@azure%2fapp-configuration set size:undefined disposed:false
350 silly fetch manifest @azure/cosmos@^4.2.0
351 silly packumentCache full:https://registry.npmjs.org/@azure%2fcosmos cache-miss
352 http fetch GET 200 https://registry.npmjs.org/@azure%2fcosmos 2260ms (cache miss)
353 silly packumentCache full:https://registry.npmjs.org/@azure%2fcosmos set size:undefined disposed:false
354 silly fetch manifest @azure/data-tables@^13.3.0
355 silly packumentCache full:https://registry.npmjs.org/@azure%2fdata-tables cache-miss
356 http fetch GET 200 https://registry.npmjs.org/@azure%2fdata-tables 361ms (cache miss)
357 silly packumentCache full:https://registry.npmjs.org/@azure%2fdata-tables set size:undefined disposed:false
358 silly fetch manifest @azure/identity@^4.6.0
359 silly packumentCache full:https://registry.npmjs.org/@azure%2fidentity cache-miss
360 http fetch GET 200 https://registry.npmjs.org/@azure%2fidentity 2005ms (cache miss)
361 silly packumentCache full:https://registry.npmjs.org/@azure%2fidentity set size:undefined disposed:false
362 silly fetch manifest @azure/keyvault-secrets@^4.9.0
363 silly packumentCache full:https://registry.npmjs.org/@azure%2fkeyvault-secrets cache-miss
364 http fetch GET 200 https://registry.npmjs.org/@azure%2fkeyvault-secrets 1139ms (cache miss)
365 silly packumentCache full:https://registry.npmjs.org/@azure%2fkeyvault-secrets set size:undefined disposed:false
366 silly fetch manifest @azure/storage-blob@^12.26.0
367 silly packumentCache full:https://registry.npmjs.org/@azure%2fstorage-blob cache-miss
368 http fetch GET 200 https://registry.npmjs.org/@azure%2fstorage-blob 1324ms (cache miss)
369 silly packumentCache full:https://registry.npmjs.org/@azure%2fstorage-blob set size:undefined disposed:false
370 silly fetch manifest @capacitor/preferences@^6 || ^7 || ^8
371 silly packumentCache full:https://registry.npmjs.org/@capacitor%2fpreferences cache-miss
372 http fetch GET 200 https://registry.npmjs.org/@capacitor%2fpreferences 1353ms (cache miss)
373 silly packumentCache full:https://registry.npmjs.org/@capacitor%2fpreferences set size:undefined disposed:false
374 silly fetch manifest @capacitor/core@>=8.0.0
375 silly packumentCache full:https://registry.npmjs.org/@capacitor%2fcore cache-miss
376 http fetch GET 200 https://registry.npmjs.org/@capacitor%2fcore 1948ms (cache miss)
377 silly packumentCache full:https://registry.npmjs.org/@capacitor%2fcore set size:undefined disposed:false
378 silly fetch manifest @deno/kv@>=0.9.0
379 silly packumentCache full:https://registry.npmjs.org/@deno%2fkv cache-miss
380 http fetch GET 200 https://registry.npmjs.org/@deno%2fkv 231ms (cache miss)
381 silly packumentCache full:https://registry.npmjs.org/@deno%2fkv set size:undefined disposed:false
382 silly fetch manifest @netlify/blobs@^6.5.0 || ^7.0.0 || ^8.1.0 || ^9.0.0 || ^10.0.0
383 silly packumentCache full:https://registry.npmjs.org/@netlify%2fblobs cache-miss
384 http fetch GET 200 https://registry.npmjs.org/@netlify%2fblobs 799ms (cache miss)
385 silly packumentCache full:https://registry.npmjs.org/@netlify%2fblobs set size:undefined disposed:false
386 silly fetch manifest @planetscale/database@^1.19.0
387 silly packumentCache full:https://registry.npmjs.org/@planetscale%2fdatabase cache-miss
388 http fetch GET 200 https://registry.npmjs.org/@planetscale%2fdatabase 253ms (cache miss)
389 silly packumentCache full:https://registry.npmjs.org/@planetscale%2fdatabase set size:undefined disposed:false
390 silly fetch manifest @upstash/redis@^1.34.3
391 silly packumentCache full:https://registry.npmjs.org/@upstash%2fredis cache-miss
392 http fetch GET 200 https://registry.npmjs.org/@upstash%2fredis 1227ms (cache miss)
393 silly packumentCache full:https://registry.npmjs.org/@upstash%2fredis set size:undefined disposed:false
394 silly fetch manifest @vercel/blob@>=0.27.1
395 silly packumentCache full:https://registry.npmjs.org/@vercel%2fblob cache-miss
396 http fetch GET 200 https://registry.npmjs.org/@vercel%2fblob 934ms (cache miss)
397 silly packumentCache full:https://registry.npmjs.org/@vercel%2fblob set size:undefined disposed:false
398 silly fetch manifest @vercel/functions@^2.2.12 || ^3.0.0
399 silly packumentCache full:https://registry.npmjs.org/@vercel%2ffunctions cache-miss
400 http fetch GET 200 https://registry.npmjs.org/@vercel%2ffunctions 359ms (cache miss)
401 silly packumentCache full:https://registry.npmjs.org/@vercel%2ffunctions set size:undefined disposed:false
402 silly fetch manifest @aws-sdk/credential-provider-web-identity@*
403 silly packumentCache full:https://registry.npmjs.org/@aws-sdk%2fcredential-provider-web-identity cache-miss
404 http fetch GET 200 https://registry.npmjs.org/@aws-sdk%2fcredential-provider-web-identity 900ms (cache miss)
405 silly packumentCache full:https://registry.npmjs.org/@aws-sdk%2fcredential-provider-web-identity set size:undefined disposed:false
406 silly fetch manifest ws@>=8
407 silly packumentCache full:https://registry.npmjs.org/ws cache-miss
408 http fetch GET 200 https://registry.npmjs.org/ws 1110ms (cache miss)
409 silly packumentCache full:https://registry.npmjs.org/ws set size:undefined disposed:false
410 silly fetch manifest bufferutil@^4.0.1
411 silly packumentCache full:https://registry.npmjs.org/bufferutil cache-miss
412 http fetch GET 200 https://registry.npmjs.org/bufferutil 224ms (cache miss)
413 silly packumentCache full:https://registry.npmjs.org/bufferutil set size:undefined disposed:false
414 silly fetch manifest utf-8-validate@>=5.0.2
415 silly packumentCache full:https://registry.npmjs.org/utf-8-validate cache-miss
416 http fetch GET 200 https://registry.npmjs.org/utf-8-validate 795ms (cache miss)
417 silly packumentCache full:https://registry.npmjs.org/utf-8-validate set size:undefined disposed:false
418 silly fetch manifest @vercel/kv@^1 || ^2 || ^3
419 silly packumentCache full:https://registry.npmjs.org/@vercel%2fkv cache-miss
420 http fetch GET 200 https://registry.npmjs.org/@vercel%2fkv 265ms (cache miss)
421 silly packumentCache full:https://registry.npmjs.org/@vercel%2fkv set size:undefined disposed:false
422 silly fetch manifest aws4fetch@^1.0.20
423 silly packumentCache full:https://registry.npmjs.org/aws4fetch cache-miss
424 http fetch GET 200 https://registry.npmjs.org/aws4fetch 215ms (cache miss)
425 silly packumentCache full:https://registry.npmjs.org/aws4fetch set size:undefined disposed:false
426 silly fetch manifest db0@>=0.2.1
427 silly packumentCache full:https://registry.npmjs.org/db0 cache-miss
428 http fetch GET 200 https://registry.npmjs.org/db0 510ms (cache miss)
429 silly packumentCache full:https://registry.npmjs.org/db0 set size:undefined disposed:false
430 silly fetch manifest idb-keyval@^6.2.1
431 silly packumentCache full:https://registry.npmjs.org/idb-keyval cache-miss
432 http fetch GET 200 https://registry.npmjs.org/idb-keyval 275ms (cache miss)
433 silly packumentCache full:https://registry.npmjs.org/idb-keyval set size:undefined disposed:false
434 silly fetch manifest ioredis@^5.4.2
435 silly packumentCache full:https://registry.npmjs.org/ioredis cache-miss
436 http fetch GET 200 https://registry.npmjs.org/ioredis 516ms (cache miss)
437 silly packumentCache full:https://registry.npmjs.org/ioredis set size:undefined disposed:false
438 silly fetch manifest uploadthing@^7.4.4
439 silly packumentCache full:https://registry.npmjs.org/uploadthing cache-miss
440 http fetch GET 200 https://registry.npmjs.org/uploadthing 2369ms (cache miss)
441 silly packumentCache full:https://registry.npmjs.org/uploadthing set size:undefined disposed:false
442 silly fetch manifest express@*
443 silly packumentCache full:https://registry.npmjs.org/express cache-miss
444 http fetch GET 200 https://registry.npmjs.org/express 679ms (cache miss)
445 silly packumentCache full:https://registry.npmjs.org/express set size:undefined disposed:false
446 silly fetch manifest h3@*
447 silly packumentCache full:https://registry.npmjs.org/h3 cache-miss
448 http fetch GET 200 https://registry.npmjs.org/h3 741ms (cache miss)
449 silly packumentCache full:https://registry.npmjs.org/h3 set size:undefined disposed:false
450 silly fetch manifest crossws@^0.4.12
451 silly packumentCache full:https://registry.npmjs.org/crossws cache-miss
452 http fetch GET 200 https://registry.npmjs.org/crossws 259ms (cache miss)
453 silly packumentCache full:https://registry.npmjs.org/crossws set size:undefined disposed:false
454 silly fetch manifest srvx@>=0.11.5
455 silly packumentCache full:https://registry.npmjs.org/srvx cache-miss
456 http fetch GET 200 https://registry.npmjs.org/srvx 280ms (cache miss)
457 silly packumentCache full:https://registry.npmjs.org/srvx set size:undefined disposed:false
458 silly fetch manifest ocache@>=0.3.0
459 silly packumentCache full:https://registry.npmjs.org/ocache cache-miss
460 http fetch GET 200 https://registry.npmjs.org/ocache 253ms (cache miss)
461 silly packumentCache full:https://registry.npmjs.org/ocache set size:undefined disposed:false
462 silly fetch manifest tailwindcss@^3.0.0 || ^4.0.0-beta.0
463 silly packumentCache full:https://registry.npmjs.org/tailwindcss cache-miss
464 http fetch GET 200 https://registry.npmjs.org/tailwindcss 4725ms (cache miss)
465 silly packumentCache full:https://registry.npmjs.org/tailwindcss set size:undefined disposed:false
466 silly fetch manifest typescript@^4.9.4 || ^5.0.2
467 silly packumentCache full:https://registry.npmjs.org/typescript cache-miss
468 http cache https://registry.npmjs.org/typescript 52ms (cache hit)
469 silly packumentCache full:https://registry.npmjs.org/typescript set size:15681400 disposed:false
470 silly fetch manifest rollup@^1.20.0||^2.0.0||^3.0.0||^4.0.0
471 silly packumentCache full:https://registry.npmjs.org/rollup cache-miss
472 http fetch GET 200 https://registry.npmjs.org/rollup 3041ms (cache miss)
473 silly packumentCache full:https://registry.npmjs.org/rollup set size:undefined disposed:false
474 silly placeDep ROOT @astrojs/compiler@2.13.1 OK for: astro@5.18.2 want: ^2.13.0
475 silly placeDep ROOT @astrojs/internal-helpers@0.7.6 OK for: astro@5.18.2 want: 0.7.6
476 silly placeDep ROOT @astrojs/markdown-remark@6.3.11 OK for: astro@5.18.2 want: 6.3.11
477 silly placeDep ROOT @astrojs/telemetry@3.3.0 OK for: astro@5.18.2 want: 3.3.0
478 silly placeDep ROOT @capsizecss/unpack@4.0.1 OK for: astro@5.18.2 want: ^4.0.0
479 silly placeDep ROOT @oslojs/encoding@1.1.0 OK for: astro@5.18.2 want: ^1.1.0
480 silly placeDep ROOT @rollup/pluginutils@5.4.0 OK for: astro@5.18.2 want: ^5.3.0
481 silly placeDep ROOT acorn@8.18.0 OK for: astro@5.18.2 want: ^8.15.0
482 silly placeDep ROOT aria-query@5.3.2 OK for: astro@5.18.2 want: ^5.3.2
483 silly placeDep ROOT axobject-query@4.1.0 OK for: astro@5.18.2 want: ^4.1.0
484 silly placeDep ROOT boxen@8.0.1 OK for: astro@5.18.2 want: 8.0.1
485 silly placeDep ROOT ci-info@4.4.0 OK for: astro@5.18.2 want: ^4.3.1
486 silly placeDep ROOT clsx@2.1.1 OK for: astro@5.18.2 want: ^2.1.1
487 silly placeDep ROOT common-ancestor-path@1.0.1 OK for: astro@5.18.2 want: ^1.0.1
488 silly placeDep ROOT cookie@1.1.1 OK for: astro@5.18.2 want: ^1.1.1
489 silly placeDep ROOT cssesc@3.0.0 OK for: astro@5.18.2 want: ^3.0.0
490 silly placeDep ROOT debug@4.4.3 OK for: astro@5.18.2 want: ^4.4.3
491 silly placeDep ROOT deterministic-object-hash@2.0.2 OK for: astro@5.18.2 want: ^2.0.2
492 silly placeDep ROOT devalue@5.9.2 OK for: astro@5.18.2 want: ^5.6.2
493 silly placeDep ROOT diff@8.0.4 OK for: astro@5.18.2 want: ^8.0.3
494 silly placeDep ROOT dlv@1.1.3 OK for: astro@5.18.2 want: ^1.1.3
495 silly placeDep ROOT dset@3.1.4 OK for: astro@5.18.2 want: ^3.1.4
496 silly placeDep ROOT es-module-lexer@1.7.0 OK for: astro@5.18.2 want: ^1.7.0
497 silly placeDep ROOT esbuild@0.27.7 OK for: astro@5.18.2 want: ^0.27.3
498 silly placeDep ROOT estree-walker@3.0.3 OK for: astro@5.18.2 want: ^3.0.3
499 silly placeDep ROOT flattie@1.1.1 OK for: astro@5.18.2 want: ^1.1.1
500 silly placeDep ROOT fontace@0.4.1 OK for: astro@5.18.2 want: ~0.4.0
501 silly placeDep ROOT github-slugger@2.0.0 OK for: astro@5.18.2 want: ^2.0.0
502 silly placeDep ROOT html-escaper@3.0.3 OK for: astro@5.18.2 want: 3.0.3
503 silly placeDep ROOT http-cache-semantics@4.2.0 OK for: astro@5.18.2 want: ^4.2.0
504 silly placeDep ROOT import-meta-resolve@4.2.0 OK for: astro@5.18.2 want: ^4.2.0
505 silly placeDep ROOT js-yaml@4.3.2 OK for: astro@5.18.2 want: ^4.1.1
506 silly placeDep ROOT magic-string@0.30.21 OK for: astro@5.18.2 want: ^0.30.21
507 silly placeDep ROOT magicast@0.5.5 OK for: astro@5.18.2 want: ^0.5.1
508 silly placeDep ROOT mrmime@2.0.1 OK for: astro@5.18.2 want: ^2.0.1
509 silly placeDep ROOT neotraverse@0.6.18 OK for: astro@5.18.2 want: ^0.6.18
510 silly placeDep ROOT p-limit@6.2.0 OK for: astro@5.18.2 want: ^6.2.0
511 silly placeDep ROOT p-queue@8.1.1 OK for: astro@5.18.2 want: ^8.1.1
512 silly placeDep ROOT package-manager-detector@1.8.0 OK for: astro@5.18.2 want: ^1.6.0
513 silly placeDep ROOT piccolore@0.1.3 OK for: astro@5.18.2 want: ^0.1.3
514 silly placeDep ROOT picomatch@4.0.7 OK for: astro@5.18.2 want: ^4.0.3
515 silly placeDep ROOT prompts@2.4.2 OK for: astro@5.18.2 want: ^2.4.2
516 silly placeDep ROOT rehype@13.0.2 OK for: astro@5.18.2 want: ^13.0.2
517 silly placeDep ROOT semver@7.8.5 OK for: astro@5.18.2 want: ^7.7.3
518 silly placeDep ROOT sharp@0.34.5 OK for: astro@5.18.2 want: ^0.34.0
519 silly placeDep ROOT shiki@3.23.0 OK for: astro@5.18.2 want: ^3.21.0
520 silly placeDep ROOT smol-toml@1.8.0 OK for: astro@5.18.2 want: ^1.6.0
521 silly placeDep ROOT svgo@4.1.0 OK for: astro@5.18.2 want: ^4.0.0
522 silly placeDep ROOT tinyexec@1.3.1 OK for: astro@5.18.2 want: ^1.0.2
523 silly placeDep ROOT tinyglobby@0.2.17 OK for: astro@5.18.2 want: ^0.2.15
524 silly placeDep ROOT tsconfck@3.1.6 OK for: astro@5.18.2 want: ^3.1.6
525 silly placeDep ROOT ultrahtml@1.7.0 OK for: astro@5.18.2 want: ^1.6.0
526 silly placeDep ROOT unifont@0.7.5 OK for: astro@5.18.2 want: ~0.7.3
527 silly placeDep ROOT unist-util-visit@5.1.0 OK for: astro@5.18.2 want: ^5.0.0
528 silly placeDep ROOT unstorage@1.17.5 OK for: astro@5.18.2 want: ^1.17.4
529 silly placeDep ROOT vfile@6.0.3 OK for: astro@5.18.2 want: ^6.0.3
530 silly placeDep ROOT vite@6.4.3 OK for: astro@5.18.2 want: ^6.4.1
531 silly placeDep ROOT vitefu@1.1.3 OK for: astro@5.18.2 want: ^1.1.1
532 silly placeDep ROOT xxhash-wasm@1.1.0 OK for: astro@5.18.2 want: ^1.1.0
533 silly placeDep ROOT yargs-parser@21.1.1 OK for: astro@5.18.2 want: ^21.1.1
534 silly placeDep ROOT yocto-spinner@0.2.3 OK for: astro@5.18.2 want: ^0.2.3
535 silly placeDep ROOT zod@3.25.76 OK for: astro@5.18.2 want: ^3.25.76
536 silly placeDep ROOT zod-to-json-schema@3.25.2 OK for: astro@5.18.2 want: ^3.25.1
537 silly placeDep ROOT zod-to-ts@1.2.0 OK for: astro@5.18.2 want: ^1.2.0
538 silly fetch manifest unified@^11.0.5
539 silly packumentCache full:https://registry.npmjs.org/unified cache-miss
540 silly fetch manifest rehype-raw@^7.0.0
541 silly packumentCache full:https://registry.npmjs.org/rehype-raw cache-miss
542 silly fetch manifest remark-gfm@^4.0.1
543 silly packumentCache full:https://registry.npmjs.org/remark-gfm cache-miss
544 silly fetch manifest remark-parse@^11.0.0
545 silly packumentCache full:https://registry.npmjs.org/remark-parse cache-miss
546 silly fetch manifest remark-rehype@^11.1.2
547 silly packumentCache full:https://registry.npmjs.org/remark-rehype cache-miss
548 silly fetch manifest @astrojs/prism@3.3.0
549 silly packumentCache full:https://registry.npmjs.org/@astrojs%2fprism cache-miss
550 silly fetch manifest rehype-stringify@^10.0.1
551 silly packumentCache full:https://registry.npmjs.org/rehype-stringify cache-miss
552 silly fetch manifest hast-util-to-text@^4.0.2
553 silly packumentCache full:https://registry.npmjs.org/hast-util-to-text cache-miss
554 silly fetch manifest remark-smartypants@^3.0.2
555 silly packumentCache full:https://registry.npmjs.org/remark-smartypants cache-miss
556 silly fetch manifest hast-util-from-html@^2.0.3
557 silly packumentCache full:https://registry.npmjs.org/hast-util-from-html cache-miss
558 silly fetch manifest mdast-util-definitions@^6.0.0
559 silly packumentCache full:https://registry.npmjs.org/mdast-util-definitions cache-miss
560 silly fetch manifest unist-util-visit-parents@^6.0.2
561 silly packumentCache full:https://registry.npmjs.org/unist-util-visit-parents cache-miss
562 silly fetch manifest unist-util-remove-position@^5.0.0
563 silly packumentCache full:https://registry.npmjs.org/unist-util-remove-position cache-miss
564 silly fetch manifest debug@^4.4.0
565 silly packumentCache full:https://registry.npmjs.org/debug cache-miss
566 silly fetch manifest is-wsl@^3.1.0
567 silly packumentCache full:https://registry.npmjs.org/is-wsl cache-miss
568 http cache https://registry.npmjs.org/debug 18ms (cache hit)
569 silly packumentCache full:https://registry.npmjs.org/debug set size:195840 disposed:false
570 silly fetch manifest ci-info@^4.2.0
571 silly packumentCache full:https://registry.npmjs.org/ci-info cache-miss
572 http cache https://registry.npmjs.org/ci-info 6ms (cache hit)
573 silly packumentCache full:https://registry.npmjs.org/ci-info set size:91363 disposed:false
574 silly fetch manifest is-docker@^3.0.0
575 silly packumentCache full:https://registry.npmjs.org/is-docker cache-miss
576 http fetch GET 200 https://registry.npmjs.org/remark-parse 240ms (cache miss)
577 silly packumentCache full:https://registry.npmjs.org/remark-parse set size:undefined disposed:false
578 silly fetch manifest which-pm-runs@^1.1.0
579 silly packumentCache full:https://registry.npmjs.org/which-pm-runs cache-miss
580 http fetch GET 200 https://registry.npmjs.org/rehype-raw 251ms (cache miss)
581 silly packumentCache full:https://registry.npmjs.org/rehype-raw set size:undefined disposed:false
582 silly fetch manifest fontkitten@^1.0.3
583 silly packumentCache full:https://registry.npmjs.org/fontkitten cache-miss
584 http fetch GET 200 https://registry.npmjs.org/remark-gfm 257ms (cache miss)
585 silly packumentCache full:https://registry.npmjs.org/remark-gfm set size:undefined disposed:false
586 silly fetch manifest @types/estree@^1.0.0
587 silly packumentCache full:https://registry.npmjs.org/@types%2festree cache-miss
588 http fetch GET 200 https://registry.npmjs.org/is-wsl 257ms (cache miss)
589 silly packumentCache full:https://registry.npmjs.org/is-wsl set size:undefined disposed:false
590 silly fetch manifest estree-walker@^2.0.2
591 silly packumentCache full:https://registry.npmjs.org/estree-walker cache-miss
592 http fetch GET 200 https://registry.npmjs.org/hast-util-to-text 265ms (cache miss)
593 silly packumentCache full:https://registry.npmjs.org/hast-util-to-text set size:undefined disposed:false
594 silly fetch manifest picomatch@^4.0.2
595 silly packumentCache full:https://registry.npmjs.org/picomatch cache-miss
596 http fetch GET 200 https://registry.npmjs.org/remark-smartypants 274ms (cache miss)
597 silly packumentCache full:https://registry.npmjs.org/remark-smartypants set size:undefined disposed:false
598 silly fetch manifest ansi-align@^3.0.1
599 silly packumentCache full:https://registry.npmjs.org/ansi-align cache-miss
600 http fetch GET 200 https://registry.npmjs.org/mdast-util-definitions 274ms (cache miss)
601 silly packumentCache full:https://registry.npmjs.org/mdast-util-definitions set size:undefined disposed:false
602 silly fetch manifest camelcase@^8.0.0
603 silly packumentCache full:https://registry.npmjs.org/camelcase cache-miss
604 http fetch GET 200 https://registry.npmjs.org/hast-util-from-html 281ms (cache miss)
605 silly packumentCache full:https://registry.npmjs.org/hast-util-from-html set size:undefined disposed:false
606 silly fetch manifest chalk@^5.3.0
607 silly packumentCache full:https://registry.npmjs.org/chalk cache-miss
608 http cache https://registry.npmjs.org/estree-walker 26ms (cache hit)
609 silly packumentCache full:https://registry.npmjs.org/estree-walker set size:60887 disposed:false
610 silly fetch manifest cli-boxes@^3.0.0
611 silly packumentCache full:https://registry.npmjs.org/cli-boxes cache-miss
612 http fetch GET 200 https://registry.npmjs.org/remark-rehype 293ms (cache miss)
613 silly packumentCache full:https://registry.npmjs.org/remark-rehype set size:undefined disposed:false
614 silly fetch manifest string-width@^7.2.0
615 silly packumentCache full:https://registry.npmjs.org/string-width cache-miss
616 http cache https://registry.npmjs.org/picomatch 28ms (cache hit)
617 silly packumentCache full:https://registry.npmjs.org/picomatch set size:134451 disposed:false
618 silly fetch manifest type-fest@^4.21.0
619 silly packumentCache full:https://registry.npmjs.org/type-fest cache-miss
620 http fetch GET 200 https://registry.npmjs.org/rehype-stringify 305ms (cache miss)
621 silly packumentCache full:https://registry.npmjs.org/rehype-stringify set size:undefined disposed:false
622 silly fetch manifest widest-line@^5.0.0
623 silly packumentCache full:https://registry.npmjs.org/widest-line cache-miss
624 http fetch GET 200 https://registry.npmjs.org/is-docker 274ms (cache miss)
625 silly packumentCache full:https://registry.npmjs.org/is-docker set size:undefined disposed:false
626 silly fetch manifest wrap-ansi@^9.0.0
627 silly packumentCache full:https://registry.npmjs.org/wrap-ansi cache-miss
628 http fetch GET 200 https://registry.npmjs.org/@astrojs%2fprism 312ms (cache miss)
629 silly packumentCache full:https://registry.npmjs.org/@astrojs%2fprism set size:undefined disposed:false
630 silly fetch manifest ms@^2.1.3
631 silly packumentCache full:https://registry.npmjs.org/ms cache-miss
632 http fetch GET 200 https://registry.npmjs.org/unist-util-remove-position 311ms (cache miss)
633 silly packumentCache full:https://registry.npmjs.org/unist-util-remove-position set size:undefined disposed:false
634 silly fetch manifest base-64@^1.0.0
635 silly packumentCache full:https://registry.npmjs.org/base-64 cache-miss
636 http fetch GET 200 https://registry.npmjs.org/cli-boxes 243ms (cache miss)
637 silly packumentCache full:https://registry.npmjs.org/cli-boxes set size:undefined disposed:false
638 silly fetch manifest @esbuild/aix-ppc64@0.27.7
639 silly packumentCache full:https://registry.npmjs.org/@esbuild%2faix-ppc64 cache-miss
640 http fetch GET 200 https://registry.npmjs.org/unified 579ms (cache miss)
641 silly packumentCache full:https://registry.npmjs.org/unified set size:undefined disposed:false
642 silly fetch manifest @esbuild/linux-arm@0.27.7
643 silly packumentCache full:https://registry.npmjs.org/@esbuild%2flinux-arm cache-miss
644 http fetch GET 200 https://registry.npmjs.org/which-pm-runs 507ms (cache miss)
645 silly packumentCache full:https://registry.npmjs.org/which-pm-runs set size:undefined disposed:false
646 silly fetch manifest @esbuild/linux-x64@0.27.7
647 silly packumentCache full:https://registry.npmjs.org/@esbuild%2flinux-x64 cache-miss
648 http fetch GET 200 https://registry.npmjs.org/fontkitten 517ms (cache miss)
649 silly packumentCache full:https://registry.npmjs.org/fontkitten set size:undefined disposed:false
650 silly fetch manifest @esbuild/sunos-x64@0.27.7
651 silly packumentCache full:https://registry.npmjs.org/@esbuild%2fsunos-x64 cache-miss
652 http fetch GET 200 https://registry.npmjs.org/@esbuild%2faix-ppc64 266ms (cache miss)
653 silly packumentCache full:https://registry.npmjs.org/@esbuild%2faix-ppc64 set size:undefined disposed:false
654 silly fetch manifest @esbuild/win32-x64@0.27.7
655 silly packumentCache full:https://registry.npmjs.org/@esbuild%2fwin32-x64 cache-miss
656 http fetch GET 200 https://registry.npmjs.org/camelcase 535ms (cache miss)
657 silly packumentCache full:https://registry.npmjs.org/camelcase set size:undefined disposed:false
658 silly fetch manifest @esbuild/darwin-x64@0.27.7
659 silly packumentCache full:https://registry.npmjs.org/@esbuild%2fdarwin-x64 cache-miss
660 http fetch GET 200 https://registry.npmjs.org/@types%2festree 563ms (cache miss)
661 silly packumentCache full:https://registry.npmjs.org/@types%2festree set size:undefined disposed:false
662 silly fetch manifest @esbuild/linux-ia32@0.27.7
663 silly packumentCache full:https://registry.npmjs.org/@esbuild%2flinux-ia32 cache-miss
664 http fetch GET 200 https://registry.npmjs.org/ms 512ms (cache miss)
665 silly packumentCache full:https://registry.npmjs.org/ms set size:undefined disposed:false
666 silly fetch manifest @esbuild/netbsd-x64@0.27.7
667 silly packumentCache full:https://registry.npmjs.org/@esbuild%2fnetbsd-x64 cache-miss
668 http fetch GET 200 https://registry.npmjs.org/wrap-ansi 547ms (cache miss)
669 silly packumentCache full:https://registry.npmjs.org/wrap-ansi set size:undefined disposed:false
670 silly fetch manifest @esbuild/win32-ia32@0.27.7
671 silly packumentCache full:https://registry.npmjs.org/@esbuild%2fwin32-ia32 cache-miss
672 http fetch GET 200 https://registry.npmjs.org/@esbuild%2flinux-arm 294ms (cache miss)
673 silly packumentCache full:https://registry.npmjs.org/@esbuild%2flinux-arm set size:undefined disposed:false
674 silly fetch manifest @esbuild/android-arm@0.27.7
675 silly packumentCache full:https://registry.npmjs.org/@esbuild%2fandroid-arm cache-miss
676 http fetch GET 200 https://registry.npmjs.org/unist-util-visit-parents 887ms (cache miss)
677 silly packumentCache full:https://registry.npmjs.org/unist-util-visit-parents set size:undefined disposed:false
678 silly fetch manifest @esbuild/android-x64@0.27.7
679 silly packumentCache full:https://registry.npmjs.org/@esbuild%2fandroid-x64 cache-miss
680 http fetch GET 200 https://registry.npmjs.org/ansi-align 691ms (cache miss)
681 silly packumentCache full:https://registry.npmjs.org/ansi-align set size:undefined disposed:false
682 silly fetch manifest @esbuild/freebsd-x64@0.27.7
683 silly packumentCache full:https://registry.npmjs.org/@esbuild%2ffreebsd-x64 cache-miss
684 http fetch GET 200 https://registry.npmjs.org/type-fest 698ms (cache miss)
685 silly packumentCache full:https://registry.npmjs.org/type-fest set size:undefined disposed:false
686 silly fetch manifest @esbuild/linux-arm64@0.27.7
687 silly packumentCache full:https://registry.npmjs.org/@esbuild%2flinux-arm64 cache-miss
688 http fetch GET 200 https://registry.npmjs.org/@esbuild%2flinux-x64 259ms (cache miss)
689 silly packumentCache full:https://registry.npmjs.org/@esbuild%2flinux-x64 set size:undefined disposed:false
690 silly fetch manifest @esbuild/linux-ppc64@0.27.7
691 silly packumentCache full:https://registry.npmjs.org/@esbuild%2flinux-ppc64 cache-miss
692 http fetch GET 200 https://registry.npmjs.org/string-width 733ms (cache miss)
693 silly packumentCache full:https://registry.npmjs.org/string-width set size:undefined disposed:false
694 silly fetch manifest @esbuild/linux-s390x@0.27.7
695 silly packumentCache full:https://registry.npmjs.org/@esbuild%2flinux-s390x cache-miss
696 http fetch GET 200 https://registry.npmjs.org/@esbuild%2fsunos-x64 266ms (cache miss)
697 silly packumentCache full:https://registry.npmjs.org/@esbuild%2fsunos-x64 set size:undefined disposed:false
698 silly fetch manifest @esbuild/openbsd-x64@0.27.7
699 silly packumentCache full:https://registry.npmjs.org/@esbuild%2fopenbsd-x64 cache-miss
700 http fetch GET 200 https://registry.npmjs.org/base-64 728ms (cache miss)
701 silly packumentCache full:https://registry.npmjs.org/base-64 set size:undefined disposed:false
702 silly fetch manifest @esbuild/win32-arm64@0.27.7
703 silly packumentCache full:https://registry.npmjs.org/@esbuild%2fwin32-arm64 cache-miss
704 http fetch GET 200 https://registry.npmjs.org/chalk 764ms (cache miss)
705 silly packumentCache full:https://registry.npmjs.org/chalk set size:undefined disposed:false
706 silly fetch manifest @esbuild/darwin-arm64@0.27.7
707 silly packumentCache full:https://registry.npmjs.org/@esbuild%2fdarwin-arm64 cache-miss
708 http fetch GET 200 https://registry.npmjs.org/@esbuild%2fwin32-x64 287ms (cache miss)
709 silly packumentCache full:https://registry.npmjs.org/@esbuild%2fwin32-x64 set size:undefined disposed:false
710 silly fetch manifest @esbuild/netbsd-arm64@0.27.7
711 silly packumentCache full:https://registry.npmjs.org/@esbuild%2fnetbsd-arm64 cache-miss
712 http fetch GET 200 https://registry.npmjs.org/@esbuild%2flinux-ia32 298ms (cache miss)
713 silly packumentCache full:https://registry.npmjs.org/@esbuild%2flinux-ia32 set size:undefined disposed:false
714 silly fetch manifest @esbuild/android-arm64@0.27.7
715 silly packumentCache full:https://registry.npmjs.org/@esbuild%2fandroid-arm64 cache-miss
716 http fetch GET 200 https://registry.npmjs.org/@esbuild%2fdarwin-x64 313ms (cache miss)
717 silly packumentCache full:https://registry.npmjs.org/@esbuild%2fdarwin-x64 set size:undefined disposed:false
718 silly fetch manifest @esbuild/freebsd-arm64@0.27.7
719 silly packumentCache full:https://registry.npmjs.org/@esbuild%2ffreebsd-arm64 cache-miss
720 http fetch GET 200 https://registry.npmjs.org/@esbuild%2fnetbsd-x64 327ms (cache miss)
721 silly packumentCache full:https://registry.npmjs.org/@esbuild%2fnetbsd-x64 set size:undefined disposed:false
722 silly fetch manifest @esbuild/linux-loong64@0.27.7
723 silly packumentCache full:https://registry.npmjs.org/@esbuild%2flinux-loong64 cache-miss
724 http fetch GET 200 https://registry.npmjs.org/@esbuild%2fandroid-arm 280ms (cache miss)
725 silly packumentCache full:https://registry.npmjs.org/@esbuild%2fandroid-arm set size:undefined disposed:false
726 silly fetch manifest @esbuild/linux-riscv64@0.27.7
727 silly packumentCache full:https://registry.npmjs.org/@esbuild%2flinux-riscv64 cache-miss
728 http fetch GET 200 https://registry.npmjs.org/@esbuild%2fandroid-x64 316ms (cache miss)
729 silly packumentCache full:https://registry.npmjs.org/@esbuild%2fandroid-x64 set size:undefined disposed:false
730 silly fetch manifest @esbuild/openbsd-arm64@0.27.7
731 silly packumentCache full:https://registry.npmjs.org/@esbuild%2fopenbsd-arm64 cache-miss
732 http fetch GET 200 https://registry.npmjs.org/@esbuild%2ffreebsd-x64 276ms (cache miss)
733 silly packumentCache full:https://registry.npmjs.org/@esbuild%2ffreebsd-x64 set size:undefined disposed:false
734 silly fetch manifest @esbuild/linux-mips64el@0.27.7
735 silly packumentCache full:https://registry.npmjs.org/@esbuild%2flinux-mips64el cache-miss
736 http fetch GET 200 https://registry.npmjs.org/@esbuild%2flinux-ppc64 251ms (cache miss)
737 silly packumentCache full:https://registry.npmjs.org/@esbuild%2flinux-ppc64 set size:undefined disposed:false
738 silly fetch manifest @esbuild/openharmony-arm64@0.27.7
739 silly packumentCache full:https://registry.npmjs.org/@esbuild%2fopenharmony-arm64 cache-miss
740 http fetch GET 200 https://registry.npmjs.org/@esbuild%2fwin32-ia32 423ms (cache miss)
741 silly packumentCache full:https://registry.npmjs.org/@esbuild%2fwin32-ia32 set size:undefined disposed:false
742 silly fetch manifest fontkitten@^1.0.2
743 silly packumentCache full:https://registry.npmjs.org/fontkitten cache-miss
744 http fetch GET 200 https://registry.npmjs.org/@esbuild%2fopenbsd-x64 249ms (cache miss)
745 silly packumentCache full:https://registry.npmjs.org/@esbuild%2fopenbsd-x64 set size:undefined disposed:false
746 silly fetch manifest argparse@^2.0.1
747 silly packumentCache full:https://registry.npmjs.org/argparse cache-miss
748 http cache https://registry.npmjs.org/fontkitten 9ms (cache hit)
749 silly packumentCache full:https://registry.npmjs.org/fontkitten set size:43549 disposed:false
750 silly fetch manifest @jridgewell/sourcemap-codec@^1.5.5
751 silly packumentCache full:https://registry.npmjs.org/@jridgewell%2fsourcemap-codec cache-miss
752 http fetch GET 200 https://registry.npmjs.org/@esbuild%2flinux-arm64 310ms (cache miss)
753 silly packumentCache full:https://registry.npmjs.org/@esbuild%2flinux-arm64 set size:undefined disposed:false
754 silly fetch manifest @babel/types@^7.29.7
755 silly packumentCache full:https://registry.npmjs.org/@babel%2ftypes cache-miss
756 http fetch GET 200 https://registry.npmjs.org/@esbuild%2fwin32-arm64 282ms (cache miss)
757 silly packumentCache full:https://registry.npmjs.org/@esbuild%2fwin32-arm64 set size:undefined disposed:false
758 silly fetch manifest @babel/parser@^7.29.7
759 silly packumentCache full:https://registry.npmjs.org/@babel%2fparser cache-miss
760 http fetch GET 200 https://registry.npmjs.org/@esbuild%2fnetbsd-arm64 240ms (cache miss)
761 silly packumentCache full:https://registry.npmjs.org/@esbuild%2fnetbsd-arm64 set size:undefined disposed:false
762 silly fetch manifest source-map-js@^1.2.1
763 silly packumentCache full:https://registry.npmjs.org/source-map-js cache-miss
764 http fetch GET 200 https://registry.npmjs.org/@esbuild%2fandroid-arm64 303ms (cache miss)
765 silly packumentCache full:https://registry.npmjs.org/@esbuild%2fandroid-arm64 set size:undefined disposed:false
766 silly fetch manifest yocto-queue@^1.1.1
767 silly packumentCache full:https://registry.npmjs.org/yocto-queue cache-miss
768 http fetch GET 200 https://registry.npmjs.org/widest-line 1139ms (cache miss)
769 silly packumentCache full:https://registry.npmjs.org/widest-line set size:undefined disposed:false
770 silly fetch manifest p-timeout@^6.1.2
771 silly packumentCache full:https://registry.npmjs.org/p-timeout cache-miss
772 http fetch GET 200 https://registry.npmjs.org/@esbuild%2flinux-riscv64 294ms (cache miss)
773 silly packumentCache full:https://registry.npmjs.org/@esbuild%2flinux-riscv64 set size:undefined disposed:false
774 silly fetch manifest eventemitter3@^5.0.1
775 silly packumentCache full:https://registry.npmjs.org/eventemitter3 cache-miss
776 http fetch GET 200 https://registry.npmjs.org/@esbuild%2fopenbsd-arm64 250ms (cache miss)
777 silly packumentCache full:https://registry.npmjs.org/@esbuild%2fopenbsd-arm64 set size:undefined disposed:false
778 silly fetch manifest kleur@^3.0.3
779 silly packumentCache full:https://registry.npmjs.org/kleur cache-miss
780 http fetch GET 200 https://registry.npmjs.org/@esbuild%2ffreebsd-arm64 334ms (cache miss)
781 silly packumentCache full:https://registry.npmjs.org/@esbuild%2ffreebsd-arm64 set size:undefined disposed:false
782 silly fetch manifest sisteransi@^1.0.5
783 silly packumentCache full:https://registry.npmjs.org/sisteransi cache-miss
784 http fetch GET 200 https://registry.npmjs.org/@esbuild%2flinux-s390x 476ms (cache miss)
785 silly packumentCache full:https://registry.npmjs.org/@esbuild%2flinux-s390x set size:undefined disposed:false
786 silly fetch manifest @types/hast@^3.0.0
787 silly packumentCache full:https://registry.npmjs.org/@types%2fhast cache-miss
788 http fetch GET 200 https://registry.npmjs.org/source-map-js 246ms (cache miss)
789 silly packumentCache full:https://registry.npmjs.org/source-map-js set size:undefined disposed:false
790 silly fetch manifest rehype-parse@^9.0.0
791 silly packumentCache full:https://registry.npmjs.org/rehype-parse cache-miss
792 http fetch GET 200 https://registry.npmjs.org/@types%2fhast 271ms (cache miss)
793 silly packumentCache full:https://registry.npmjs.org/@types%2fhast set size:undefined disposed:false
794 silly fetch manifest rehype-stringify@^10.0.0
795 silly packumentCache full:https://registry.npmjs.org/rehype-stringify cache-miss
796 http cache https://registry.npmjs.org/rehype-stringify 10ms (cache hit)
797 silly packumentCache full:https://registry.npmjs.org/rehype-stringify set size:58160 disposed:false
798 silly fetch manifest unified@^11.0.0
799 silly packumentCache full:https://registry.npmjs.org/unified cache-miss
800 http cache https://registry.npmjs.org/unified 7ms (cache hit)
801 silly packumentCache full:https://registry.npmjs.org/unified set size:321787 disposed:false
802 silly fetch manifest @img/colour@^1.0.0
803 silly packumentCache full:https://registry.npmjs.org/@img%2fcolour cache-miss
804 http fetch GET 200 https://registry.npmjs.org/@esbuild%2flinux-mips64el 559ms (cache miss)
805 silly packumentCache full:https://registry.npmjs.org/@esbuild%2flinux-mips64el set size:undefined disposed:false
806 silly fetch manifest detect-libc@^2.1.2
807 silly packumentCache full:https://registry.npmjs.org/detect-libc cache-miss
808 http fetch GET 200 https://registry.npmjs.org/@jridgewell%2fsourcemap-codec 516ms (cache miss)
809 silly packumentCache full:https://registry.npmjs.org/@jridgewell%2fsourcemap-codec set size:undefined disposed:false
810 silly fetch manifest @img/sharp-wasm32@0.34.5
811 silly packumentCache full:https://registry.npmjs.org/@img%2fsharp-wasm32 cache-miss
812 http fetch GET 200 https://registry.npmjs.org/argparse 533ms (cache miss)
813 silly packumentCache full:https://registry.npmjs.org/argparse set size:undefined disposed:false
814 silly fetch manifest @img/sharp-linux-arm@0.34.5
815 silly packumentCache full:https://registry.npmjs.org/@img%2fsharp-linux-arm cache-miss
816 http fetch GET 200 https://registry.npmjs.org/p-timeout 519ms (cache miss)
817 silly packumentCache full:https://registry.npmjs.org/p-timeout set size:undefined disposed:false
818 silly fetch manifest @img/sharp-linux-x64@0.34.5
819 silly packumentCache full:https://registry.npmjs.org/@img%2fsharp-linux-x64 cache-miss
820 http fetch GET 200 https://registry.npmjs.org/eventemitter3 530ms (cache miss)
821 silly packumentCache full:https://registry.npmjs.org/eventemitter3 set size:undefined disposed:false
822 silly fetch manifest @img/sharp-win32-x64@0.34.5
823 silly packumentCache full:https://registry.npmjs.org/@img%2fsharp-win32-x64 cache-miss
824 http fetch GET 200 https://registry.npmjs.org/kleur 530ms (cache miss)
825 silly packumentCache full:https://registry.npmjs.org/kleur set size:undefined disposed:false
826 silly fetch manifest @img/sharp-darwin-x64@0.34.5
827 silly packumentCache full:https://registry.npmjs.org/@img%2fsharp-darwin-x64 cache-miss
828 http fetch GET 200 https://registry.npmjs.org/@esbuild%2flinux-loong64 864ms (cache miss)
829 silly packumentCache full:https://registry.npmjs.org/@esbuild%2flinux-loong64 set size:undefined disposed:false
830 silly fetch manifest @img/sharp-win32-ia32@0.34.5
831 silly packumentCache full:https://registry.npmjs.org/@img%2fsharp-win32-ia32 cache-miss
832 http fetch GET 200 https://registry.npmjs.org/@esbuild%2fopenharmony-arm64 764ms (cache miss)
833 silly packumentCache full:https://registry.npmjs.org/@esbuild%2fopenharmony-arm64 set size:undefined disposed:false
834 silly fetch manifest @img/sharp-linux-arm64@0.34.5
835 silly packumentCache full:https://registry.npmjs.org/@img%2fsharp-linux-arm64 cache-miss
836 http fetch GET 200 https://registry.npmjs.org/@img%2fcolour 246ms (cache miss)
837 silly packumentCache full:https://registry.npmjs.org/@img%2fcolour set size:undefined disposed:false
838 silly fetch manifest @img/sharp-linux-ppc64@0.34.5
839 silly packumentCache full:https://registry.npmjs.org/@img%2fsharp-linux-ppc64 cache-miss
840 http fetch GET 200 https://registry.npmjs.org/detect-libc 279ms (cache miss)
841 silly packumentCache full:https://registry.npmjs.org/detect-libc set size:undefined disposed:false
842 silly fetch manifest @img/sharp-linux-s390x@0.34.5
843 silly packumentCache full:https://registry.npmjs.org/@img%2fsharp-linux-s390x cache-miss
844 http fetch GET 200 https://registry.npmjs.org/rehype-parse 507ms (cache miss)
845 silly packumentCache full:https://registry.npmjs.org/rehype-parse set size:undefined disposed:false
846 silly fetch manifest @img/sharp-win32-arm64@0.34.5
847 silly packumentCache full:https://registry.npmjs.org/@img%2fsharp-win32-arm64 cache-miss
848 http fetch GET 200 https://registry.npmjs.org/@img%2fsharp-linux-arm 303ms (cache miss)
849 silly packumentCache full:https://registry.npmjs.org/@img%2fsharp-linux-arm set size:undefined disposed:false
850 silly fetch manifest @img/sharp-darwin-arm64@0.34.5
851 silly packumentCache full:https://registry.npmjs.org/@img%2fsharp-darwin-arm64 cache-miss
852 http fetch GET 200 https://registry.npmjs.org/@babel%2ftypes 844ms (cache miss)
853 silly packumentCache full:https://registry.npmjs.org/@babel%2ftypes set size:undefined disposed:false
854 silly fetch manifest @img/sharp-linux-riscv64@0.34.5
855 silly packumentCache full:https://registry.npmjs.org/@img%2fsharp-linux-riscv64 cache-miss
856 http fetch GET 200 https://registry.npmjs.org/@img%2fsharp-linux-x64 277ms (cache miss)
857 silly packumentCache full:https://registry.npmjs.org/@img%2fsharp-linux-x64 set size:undefined disposed:false
858 silly fetch manifest @img/sharp-linuxmusl-x64@0.34.5
859 silly packumentCache full:https://registry.npmjs.org/@img%2fsharp-linuxmusl-x64 cache-miss
860 http fetch GET 200 https://registry.npmjs.org/@img%2fsharp-win32-x64 277ms (cache miss)
861 silly packumentCache full:https://registry.npmjs.org/@img%2fsharp-win32-x64 set size:undefined disposed:false
862 silly fetch manifest @img/sharp-linuxmusl-arm64@0.34.5
863 silly packumentCache full:https://registry.npmjs.org/@img%2fsharp-linuxmusl-arm64 cache-miss
864 http fetch GET 200 https://registry.npmjs.org/@img%2fsharp-darwin-x64 276ms (cache miss)
865 silly packumentCache full:https://registry.npmjs.org/@img%2fsharp-darwin-x64 set size:undefined disposed:false
866 silly fetch manifest @img/sharp-libvips-linux-arm@1.2.4
867 silly packumentCache full:https://registry.npmjs.org/@img%2fsharp-libvips-linux-arm cache-miss
868 http fetch GET 200 https://registry.npmjs.org/@img%2fsharp-win32-ia32 258ms (cache miss)
869 silly packumentCache full:https://registry.npmjs.org/@img%2fsharp-win32-ia32 set size:undefined disposed:false
870 silly fetch manifest @img/sharp-libvips-linux-x64@1.2.4
871 silly packumentCache full:https://registry.npmjs.org/@img%2fsharp-libvips-linux-x64 cache-miss
872 http fetch GET 200 https://registry.npmjs.org/@babel%2fparser 983ms (cache miss)
873 silly packumentCache full:https://registry.npmjs.org/@babel%2fparser set size:undefined disposed:false
874 silly fetch manifest @img/sharp-libvips-darwin-x64@1.2.4
875 silly packumentCache full:https://registry.npmjs.org/@img%2fsharp-libvips-darwin-x64 cache-miss
876 http fetch GET 200 https://registry.npmjs.org/yocto-queue 903ms (cache miss)
877 silly packumentCache full:https://registry.npmjs.org/yocto-queue set size:undefined disposed:false
878 silly fetch manifest @img/sharp-libvips-linux-arm64@1.2.4
879 silly packumentCache full:https://registry.npmjs.org/@img%2fsharp-libvips-linux-arm64 cache-miss
880 http fetch GET 200 https://registry.npmjs.org/@img%2fsharp-linux-s390x 248ms (cache miss)
881 silly packumentCache full:https://registry.npmjs.org/@img%2fsharp-linux-s390x set size:undefined disposed:false
882 silly fetch manifest @img/sharp-libvips-linux-ppc64@1.2.4
883 silly packumentCache full:https://registry.npmjs.org/@img%2fsharp-libvips-linux-ppc64 cache-miss
884 http fetch GET 200 https://registry.npmjs.org/@img%2fsharp-linux-ppc64 290ms (cache miss)
885 silly packumentCache full:https://registry.npmjs.org/@img%2fsharp-linux-ppc64 set size:undefined disposed:false
886 silly fetch manifest @img/sharp-libvips-linux-s390x@1.2.4
887 silly packumentCache full:https://registry.npmjs.org/@img%2fsharp-libvips-linux-s390x cache-miss
888 http fetch GET 200 https://registry.npmjs.org/@img%2fsharp-win32-arm64 269ms (cache miss)
889 silly packumentCache full:https://registry.npmjs.org/@img%2fsharp-win32-arm64 set size:undefined disposed:false
890 silly fetch manifest @img/sharp-libvips-darwin-arm64@1.2.4
891 silly packumentCache full:https://registry.npmjs.org/@img%2fsharp-libvips-darwin-arm64 cache-miss
892 http fetch GET 200 https://registry.npmjs.org/sisteransi 890ms (cache miss)
893 silly packumentCache full:https://registry.npmjs.org/sisteransi set size:undefined disposed:false
894 silly fetch manifest @img/sharp-libvips-linux-riscv64@1.2.4
895 silly packumentCache full:https://registry.npmjs.org/@img%2fsharp-libvips-linux-riscv64 cache-miss
896 http fetch GET 200 https://registry.npmjs.org/@img%2fsharp-linux-riscv64 245ms (cache miss)
897 silly packumentCache full:https://registry.npmjs.org/@img%2fsharp-linux-riscv64 set size:undefined disposed:false
898 silly fetch manifest @img/sharp-libvips-linuxmusl-x64@1.2.4
899 silly packumentCache full:https://registry.npmjs.org/@img%2fsharp-libvips-linuxmusl-x64 cache-miss
900 http fetch GET 200 https://registry.npmjs.org/@img%2fsharp-darwin-arm64 292ms (cache miss)
901 silly packumentCache full:https://registry.npmjs.org/@img%2fsharp-darwin-arm64 set size:undefined disposed:false
902 silly fetch manifest @img/sharp-libvips-linuxmusl-arm64@1.2.4
903 silly packumentCache full:https://registry.npmjs.org/@img%2fsharp-libvips-linuxmusl-arm64 cache-miss
904 http fetch GET 200 https://registry.npmjs.org/@img%2fsharp-linuxmusl-arm64 239ms (cache miss)
905 silly packumentCache full:https://registry.npmjs.org/@img%2fsharp-linuxmusl-arm64 set size:undefined disposed:false
906 silly fetch manifest @types/hast@^3.0.4
907 silly packumentCache full:https://registry.npmjs.org/@types%2fhast cache-miss
908 http cache https://registry.npmjs.org/@types%2fhast 10ms (cache hit)
909 silly packumentCache full:https://registry.npmjs.org/@types%2fhast set size:35254 disposed:false
910 silly fetch manifest @shikijs/core@3.23.0
911 silly packumentCache full:https://registry.npmjs.org/@shikijs%2fcore cache-miss
912 http fetch GET 200 https://registry.npmjs.org/@img%2fsharp-libvips-linux-arm 248ms (cache miss)
913 silly packumentCache full:https://registry.npmjs.org/@img%2fsharp-libvips-linux-arm set size:undefined disposed:false
914 silly fetch manifest @shikijs/langs@3.23.0
915 silly packumentCache full:https://registry.npmjs.org/@shikijs%2flangs cache-miss
916 http fetch GET 200 https://registry.npmjs.org/@img%2fsharp-linuxmusl-x64 280ms (cache miss)
917 silly packumentCache full:https://registry.npmjs.org/@img%2fsharp-linuxmusl-x64 set size:undefined disposed:false
918 silly fetch manifest @shikijs/types@3.23.0
919 silly packumentCache full:https://registry.npmjs.org/@shikijs%2ftypes cache-miss
920 http fetch GET 200 https://registry.npmjs.org/@img%2fsharp-libvips-linux-x64 256ms (cache miss)
921 silly packumentCache full:https://registry.npmjs.org/@img%2fsharp-libvips-linux-x64 set size:undefined disposed:false
922 silly fetch manifest @shikijs/themes@3.23.0
923 silly packumentCache full:https://registry.npmjs.org/@shikijs%2fthemes cache-miss
924 http fetch GET 200 https://registry.npmjs.org/@img%2fsharp-libvips-darwin-x64 245ms (cache miss)
925 silly packumentCache full:https://registry.npmjs.org/@img%2fsharp-libvips-darwin-x64 set size:undefined disposed:false
926 silly fetch manifest @shikijs/vscode-textmate@^10.0.2
927 silly packumentCache full:https://registry.npmjs.org/@shikijs%2fvscode-textmate cache-miss
928 http fetch GET 200 https://registry.npmjs.org/@img%2fsharp-libvips-linux-ppc64 253ms (cache miss)
929 silly packumentCache full:https://registry.npmjs.org/@img%2fsharp-libvips-linux-ppc64 set size:undefined disposed:false
930 silly fetch manifest @shikijs/engine-oniguruma@3.23.0
931 silly packumentCache full:https://registry.npmjs.org/@shikijs%2fengine-oniguruma cache-miss
932 http fetch GET 200 https://registry.npmjs.org/@img%2fsharp-libvips-linux-riscv64 256ms (cache miss)
933 silly packumentCache full:https://registry.npmjs.org/@img%2fsharp-libvips-linux-riscv64 set size:undefined disposed:false
934 silly fetch manifest @shikijs/engine-javascript@3.23.0
935 silly packumentCache full:https://registry.npmjs.org/@shikijs%2fengine-javascript cache-miss
936 http fetch GET 200 https://registry.npmjs.org/@img%2fsharp-libvips-linux-arm64 302ms (cache miss)
937 silly packumentCache full:https://registry.npmjs.org/@img%2fsharp-libvips-linux-arm64 set size:undefined disposed:false
938 silly fetch manifest sax@1.6.1
939 silly packumentCache full:https://registry.npmjs.org/sax cache-miss
940 http fetch GET 200 https://registry.npmjs.org/@img%2fsharp-libvips-linux-s390x 310ms (cache miss)
941 silly packumentCache full:https://registry.npmjs.org/@img%2fsharp-libvips-linux-s390x set size:undefined disposed:false
942 silly fetch manifest csso@^5.0.5
943 silly packumentCache full:https://registry.npmjs.org/csso cache-miss
944 http fetch GET 200 https://registry.npmjs.org/@img%2fsharp-libvips-linuxmusl-x64 508ms (cache miss)
945 silly packumentCache full:https://registry.npmjs.org/@img%2fsharp-libvips-linuxmusl-x64 set size:undefined disposed:false
946 silly fetch manifest css-tree@^3.0.1
947 silly packumentCache full:https://registry.npmjs.org/css-tree cache-miss
948 http fetch GET 200 https://registry.npmjs.org/@img%2fsharp-libvips-darwin-arm64 574ms (cache miss)
949 silly packumentCache full:https://registry.npmjs.org/@img%2fsharp-libvips-darwin-arm64 set size:undefined disposed:false
950 silly fetch manifest css-what@^7.0.0
951 silly packumentCache full:https://registry.npmjs.org/css-what cache-miss
952 http fetch GET 200 https://registry.npmjs.org/@img%2fsharp-libvips-linuxmusl-arm64 548ms (cache miss)
953 silly packumentCache full:https://registry.npmjs.org/@img%2fsharp-libvips-linuxmusl-arm64 set size:undefined disposed:false
954 silly fetch manifest commander@^11.1.0
955 silly packumentCache full:https://registry.npmjs.org/commander cache-miss
956 http fetch GET 200 https://registry.npmjs.org/sax 492ms (cache miss)
957 silly packumentCache full:https://registry.npmjs.org/sax set size:undefined disposed:false
958 silly fetch manifest css-select@^6.0.0
959 silly packumentCache full:https://registry.npmjs.org/css-select cache-miss
960 http fetch GET 200 https://registry.npmjs.org/@shikijs%2fengine-oniguruma 544ms (cache miss)
961 silly packumentCache full:https://registry.npmjs.org/@shikijs%2fengine-oniguruma set size:undefined disposed:false
962 silly fetch manifest picocolors@^1.1.1
963 silly packumentCache full:https://registry.npmjs.org/picocolors cache-miss
964 http fetch GET 200 https://registry.npmjs.org/css-what 321ms (cache miss)
965 silly packumentCache full:https://registry.npmjs.org/css-what set size:undefined disposed:false
966 silly fetch manifest fdir@^6.5.0
967 silly packumentCache full:https://registry.npmjs.org/fdir cache-miss
968 http fetch GET 200 https://registry.npmjs.org/css-tree 341ms (cache miss)
969 silly packumentCache full:https://registry.npmjs.org/css-tree set size:undefined disposed:false
970 silly fetch manifest ohash@^2.0.11
971 silly packumentCache full:https://registry.npmjs.org/ohash cache-miss
972 http fetch GET 200 https://registry.npmjs.org/@shikijs%2ftypes 764ms (cache miss)
973 silly packumentCache full:https://registry.npmjs.org/@shikijs%2ftypes set size:undefined disposed:false
974 silly fetch manifest undici@^8.0.0
975 silly packumentCache full:https://registry.npmjs.org/undici cache-miss
976 http fetch GET 200 https://registry.npmjs.org/csso 641ms (cache miss)
977 silly packumentCache full:https://registry.npmjs.org/csso set size:undefined disposed:false
978 silly fetch manifest css-tree@^3.1.0
979 silly packumentCache full:https://registry.npmjs.org/css-tree cache-miss
980 http cache https://registry.npmjs.org/css-tree 8ms (cache hit)
981 silly packumentCache full:https://registry.npmjs.org/css-tree set size:229638 disposed:false
982 silly fetch manifest @types/unist@^3.0.0
983 silly packumentCache full:https://registry.npmjs.org/@types%2funist cache-miss
984 http fetch GET 200 https://registry.npmjs.org/@shikijs%2fthemes 774ms (cache miss)
985 silly packumentCache full:https://registry.npmjs.org/@shikijs%2fthemes set size:undefined disposed:false
986 silly fetch manifest unist-util-is@^6.0.0
987 silly packumentCache full:https://registry.npmjs.org/unist-util-is cache-miss
988 http fetch GET 200 https://registry.npmjs.org/@img%2fsharp-wasm32 1566ms (cache miss)
989 silly packumentCache full:https://registry.npmjs.org/@img%2fsharp-wasm32 set size:undefined disposed:false
990 silly fetch manifest unist-util-visit-parents@^6.0.0
991 silly packumentCache full:https://registry.npmjs.org/unist-util-visit-parents cache-miss
992 http cache https://registry.npmjs.org/unist-util-visit-parents 7ms (cache hit)
993 silly packumentCache full:https://registry.npmjs.org/unist-util-visit-parents set size:103476 disposed:false
994 silly fetch manifest h3@^1.15.10
995 silly packumentCache full:https://registry.npmjs.org/h3 cache-miss
996 http cache https://registry.npmjs.org/h3 8ms (cache hit)
997 silly packumentCache full:https://registry.npmjs.org/h3 set size:491457 disposed:false
998 silly fetch manifest ufo@^1.6.3
999 silly packumentCache full:https://registry.npmjs.org/ufo cache-miss
1000 http fetch GET 200 https://registry.npmjs.org/@shikijs%2fengine-javascript 795ms (cache miss)
1001 silly packumentCache full:https://registry.npmjs.org/@shikijs%2fengine-javascript set size:undefined disposed:false
1002 silly fetch manifest destr@^2.0.5
1003 silly packumentCache full:https://registry.npmjs.org/destr cache-miss
1004 http fetch GET 200 https://registry.npmjs.org/@shikijs%2fcore 904ms (cache miss)
1005 silly packumentCache full:https://registry.npmjs.org/@shikijs%2fcore set size:undefined disposed:false
1006 silly fetch manifest ofetch@^1.5.1
1007 silly packumentCache full:https://registry.npmjs.org/ofetch cache-miss
1008 http fetch GET 200 https://registry.npmjs.org/@shikijs%2flangs 946ms (cache miss)
1009 silly packumentCache full:https://registry.npmjs.org/@shikijs%2flangs set size:undefined disposed:false
1010 silly fetch manifest anymatch@^3.1.3
1011 silly packumentCache full:https://registry.npmjs.org/anymatch cache-miss
1012 http fetch GET 200 https://registry.npmjs.org/ohash 272ms (cache miss)
1013 silly packumentCache full:https://registry.npmjs.org/ohash set size:undefined disposed:false
1014 silly fetch manifest chokidar@^5.0.0
1015 silly packumentCache full:https://registry.npmjs.org/chokidar cache-miss
1016 http fetch GET 200 https://registry.npmjs.org/@shikijs%2fvscode-textmate 985ms (cache miss)
1017 silly packumentCache full:https://registry.npmjs.org/@shikijs%2fvscode-textmate set size:undefined disposed:false
1018 silly fetch manifest lru-cache@^11.2.7
1019 silly packumentCache full:https://registry.npmjs.org/lru-cache cache-miss
1020 http fetch GET 200 https://registry.npmjs.org/fdir 303ms (cache miss)
1021 silly packumentCache full:https://registry.npmjs.org/fdir set size:undefined disposed:false
1022 silly fetch manifest node-fetch-native@^1.6.7
1023 silly packumentCache full:https://registry.npmjs.org/node-fetch-native cache-miss
1024 http fetch GET 200 https://registry.npmjs.org/picocolors 428ms (cache miss)
1025 silly packumentCache full:https://registry.npmjs.org/picocolors set size:undefined disposed:false
1026 silly fetch manifest @types/unist@^3.0.0
1027 silly packumentCache full:https://registry.npmjs.org/@types%2funist cache-miss
1028 http fetch GET 200 https://registry.npmjs.org/@img%2fsharp-linux-arm64 1631ms (cache miss)
1029 silly packumentCache full:https://registry.npmjs.org/@img%2fsharp-linux-arm64 set size:undefined disposed:false
1030 silly fetch manifest vfile-message@^4.0.0
1031 silly packumentCache full:https://registry.npmjs.org/vfile-message cache-miss
1032 http fetch GET 200 https://registry.npmjs.org/ofetch 246ms (cache miss)
1033 silly packumentCache full:https://registry.npmjs.org/ofetch set size:undefined disposed:false
1034 silly fetch manifest fdir@^6.4.4
1035 silly packumentCache full:https://registry.npmjs.org/fdir cache-miss
1036 http cache https://registry.npmjs.org/fdir 8ms (cache hit)
1037 silly packumentCache full:https://registry.npmjs.org/fdir set size:136182 disposed:false
1038 silly fetch manifest rollup@^4.34.9
1039 silly packumentCache full:https://registry.npmjs.org/rollup cache-miss
1040 http cache https://registry.npmjs.org/rollup 16ms (cache hit)
1041 silly packumentCache full:https://registry.npmjs.org/rollup set size:6340761 disposed:false
1042 silly fetch manifest esbuild@^0.25.0
1043 silly packumentCache full:https://registry.npmjs.org/esbuild cache-miss
1044 http cache https://registry.npmjs.org/esbuild 14ms (cache hit)
1045 silly packumentCache full:https://registry.npmjs.org/esbuild set size:1264676 disposed:false
1046 silly fetch manifest postcss@^8.5.3
1047 silly packumentCache full:https://registry.npmjs.org/postcss cache-miss
1048 http cache https://registry.npmjs.org/postcss 8ms (cache hit)
1049 silly packumentCache full:https://registry.npmjs.org/postcss set size:766699 disposed:false
1050 silly fetch manifest fsevents@~2.3.3
1051 silly packumentCache full:https://registry.npmjs.org/fsevents cache-miss
1052 http fetch GET 200 https://registry.npmjs.org/node-fetch-native 301ms (cache miss)
1053 silly packumentCache full:https://registry.npmjs.org/node-fetch-native set size:undefined disposed:false
1054 silly fetch manifest yoctocolors@^2.1.1
1055 silly packumentCache full:https://registry.npmjs.org/yoctocolors cache-miss
1056 http fetch GET 200 https://registry.npmjs.org/@types%2funist 896ms (cache miss)
1057 silly packumentCache full:https://registry.npmjs.org/@types%2funist set size:undefined disposed:false
1058 http fetch GET 200 https://registry.npmjs.org/chokidar 698ms (cache miss)
1059 silly packumentCache full:https://registry.npmjs.org/chokidar set size:undefined disposed:false
1060 http fetch GET 200 https://registry.npmjs.org/@types%2funist 676ms (cache miss)
1061 silly packumentCache full:https://registry.npmjs.org/@types%2funist set size:undefined disposed:false
1062 http fetch GET 200 https://registry.npmjs.org/yoctocolors 489ms (cache miss)
1063 silly packumentCache full:https://registry.npmjs.org/yoctocolors set size:undefined disposed:false
1064 http fetch GET 200 https://registry.npmjs.org/fsevents 578ms (cache miss)
1065 silly packumentCache full:https://registry.npmjs.org/fsevents set size:undefined disposed:false
1066 http fetch GET 200 https://registry.npmjs.org/@esbuild%2fdarwin-arm64 3395ms (cache miss)
1067 silly packumentCache full:https://registry.npmjs.org/@esbuild%2fdarwin-arm64 set size:undefined disposed:false
1068 http fetch GET 200 https://registry.npmjs.org/anymatch 971ms (cache miss)
1069 silly packumentCache full:https://registry.npmjs.org/anymatch set size:undefined disposed:false
1070 http fetch GET 200 https://registry.npmjs.org/lru-cache 897ms (cache miss)
1071 silly packumentCache full:https://registry.npmjs.org/lru-cache set size:undefined disposed:false
1072 http fetch GET 200 https://registry.npmjs.org/css-select 1345ms (cache miss)
1073 silly packumentCache full:https://registry.npmjs.org/css-select set size:undefined disposed:false
1074 http fetch GET 200 https://registry.npmjs.org/destr 1098ms (cache miss)
1075 silly packumentCache full:https://registry.npmjs.org/destr set size:undefined disposed:false
1076 http fetch GET 200 https://registry.npmjs.org/undici 1256ms (cache miss)
1077 silly packumentCache full:https://registry.npmjs.org/undici set size:undefined disposed:false
1078 http fetch GET 200 https://registry.npmjs.org/unist-util-is 1439ms (cache miss)
1079 silly packumentCache full:https://registry.npmjs.org/unist-util-is set size:undefined disposed:false
1080 http fetch GET 200 https://registry.npmjs.org/vfile-message 1845ms (cache miss)
1081 silly packumentCache full:https://registry.npmjs.org/vfile-message set size:undefined disposed:false
1082 http fetch GET 200 https://registry.npmjs.org/commander 3684ms (cache miss)
1083 silly packumentCache full:https://registry.npmjs.org/commander set size:undefined disposed:false
1084 http fetch GET 200 https://registry.npmjs.org/ufo 4504ms (cache miss)
1085 silly packumentCache full:https://registry.npmjs.org/ufo set size:undefined disposed:false
1086 silly placeDep ROOT @astrojs/prism@3.3.0 OK for: @astrojs/markdown-remark@6.3.11 want: 3.3.0
1087 silly placeDep ROOT hast-util-from-html@2.0.3 OK for: @astrojs/markdown-remark@6.3.11 want: ^2.0.3
1088 silly placeDep ROOT hast-util-to-text@4.0.2 OK for: @astrojs/markdown-remark@6.3.11 want: ^4.0.2
1089 silly placeDep ROOT mdast-util-definitions@6.0.0 OK for: @astrojs/markdown-remark@6.3.11 want: ^6.0.0
1090 silly placeDep ROOT rehype-raw@7.0.0 OK for: @astrojs/markdown-remark@6.3.11 want: ^7.0.0
1091 silly placeDep ROOT rehype-stringify@10.0.1 OK for: @astrojs/markdown-remark@6.3.11 want: ^10.0.1
1092 silly placeDep ROOT remark-gfm@4.0.1 OK for: @astrojs/markdown-remark@6.3.11 want: ^4.0.1
1093 silly placeDep ROOT remark-parse@11.0.0 OK for: @astrojs/markdown-remark@6.3.11 want: ^11.0.0
1094 silly placeDep ROOT remark-rehype@11.1.2 OK for: @astrojs/markdown-remark@6.3.11 want: ^11.1.2
1095 silly placeDep ROOT remark-smartypants@3.0.3 OK for: @astrojs/markdown-remark@6.3.11 want: ^3.0.2
1096 silly placeDep ROOT unified@11.0.5 OK for: @astrojs/markdown-remark@6.3.11 want: ^11.0.5
1097 silly placeDep ROOT unist-util-remove-position@5.0.0 OK for: @astrojs/markdown-remark@6.3.11 want: ^5.0.0
1098 silly placeDep ROOT unist-util-visit-parents@6.0.2 OK for: @astrojs/markdown-remark@6.3.11 want: ^6.0.2
1099 silly fetch manifest prismjs@^1.30.0
1100 silly packumentCache full:https://registry.npmjs.org/prismjs cache-miss
1101 silly fetch manifest devlop@^1.1.0
1102 silly packumentCache full:https://registry.npmjs.org/devlop cache-miss
1103 silly fetch manifest hast-util-from-parse5@^8.0.0
1104 silly packumentCache full:https://registry.npmjs.org/hast-util-from-parse5 cache-miss
1105 silly fetch manifest parse5@^7.0.0
1106 silly packumentCache full:https://registry.npmjs.org/parse5 cache-miss
1107 silly fetch manifest hast-util-is-element@^3.0.0
1108 silly packumentCache full:https://registry.npmjs.org/hast-util-is-element cache-miss
1109 silly fetch manifest unist-util-find-after@^5.0.0
1110 silly packumentCache full:https://registry.npmjs.org/unist-util-find-after cache-miss
1111 silly fetch manifest @types/mdast@^4.0.0
1112 silly packumentCache full:https://registry.npmjs.org/@types%2fmdast cache-miss
1113 silly fetch manifest hast-util-raw@^9.0.0
1114 silly packumentCache full:https://registry.npmjs.org/hast-util-raw cache-miss
1115 silly fetch manifest hast-util-to-html@^9.0.0
1116 silly packumentCache full:https://registry.npmjs.org/hast-util-to-html cache-miss
1117 silly fetch manifest @types/mdast@^4.0.0
1118 silly packumentCache full:https://registry.npmjs.org/@types%2fmdast cache-miss
1119 silly fetch manifest mdast-util-gfm@^3.0.0
1120 silly packumentCache full:https://registry.npmjs.org/mdast-util-gfm cache-miss
1121 silly fetch manifest micromark-extension-gfm@^3.0.0
1122 silly packumentCache full:https://registry.npmjs.org/micromark-extension-gfm cache-miss
1123 silly fetch manifest remark-stringify@^11.0.0
1124 silly packumentCache full:https://registry.npmjs.org/remark-stringify cache-miss
1125 silly fetch manifest @types/mdast@^4.0.0
1126 silly packumentCache full:https://registry.npmjs.org/@types%2fmdast cache-miss
1127 silly fetch manifest mdast-util-from-markdown@^2.0.0
1128 silly packumentCache full:https://registry.npmjs.org/mdast-util-from-markdown cache-miss
1129 http fetch GET 200 https://registry.npmjs.org/devlop 237ms (cache miss)
1130 silly packumentCache full:https://registry.npmjs.org/devlop set size:undefined disposed:false
1131 silly fetch manifest micromark-util-types@^2.0.0
1132 silly packumentCache full:https://registry.npmjs.org/micromark-util-types cache-miss
1133 http fetch GET 200 https://registry.npmjs.org/unist-util-find-after 262ms (cache miss)
1134 silly packumentCache full:https://registry.npmjs.org/unist-util-find-after set size:undefined disposed:false
1135 silly fetch manifest @types/mdast@^4.0.0
1136 silly packumentCache full:https://registry.npmjs.org/@types%2fmdast cache-miss
1137 http fetch GET 200 https://registry.npmjs.org/mdast-util-gfm 280ms (cache miss)
1138 silly packumentCache full:https://registry.npmjs.org/mdast-util-gfm set size:undefined disposed:false
1139 silly fetch manifest mdast-util-to-hast@^13.0.0
1140 silly packumentCache full:https://registry.npmjs.org/mdast-util-to-hast cache-miss
1141 http fetch GET 200 https://registry.npmjs.org/parse5 311ms (cache miss)
1142 silly packumentCache full:https://registry.npmjs.org/parse5 set size:undefined disposed:false
1143 silly fetch manifest retext@^9.0.0
1144 silly packumentCache full:https://registry.npmjs.org/retext cache-miss
1145 http fetch GET 200 https://registry.npmjs.org/micromark-util-types 244ms (cache miss)
1146 silly packumentCache full:https://registry.npmjs.org/micromark-util-types set size:undefined disposed:false
1147 silly fetch manifest retext-smartypants@^6.0.0
1148 silly packumentCache full:https://registry.npmjs.org/retext-smartypants cache-miss
1149 http fetch GET 200 https://registry.npmjs.org/micromark-extension-gfm 530ms (cache miss)
1150 silly packumentCache full:https://registry.npmjs.org/micromark-extension-gfm set size:undefined disposed:false
1151 silly fetch manifest unified@^11.0.4
1152 silly packumentCache full:https://registry.npmjs.org/unified cache-hit
1153 silly fetch manifest bail@^2.0.0
1154 silly packumentCache full:https://registry.npmjs.org/bail cache-miss
1155 http fetch GET 200 https://registry.npmjs.org/@types%2fmdast 280ms (cache miss)
1156 silly packumentCache full:https://registry.npmjs.org/@types%2fmdast set size:undefined disposed:false
1157 silly fetch manifest devlop@^1.0.0
1158 silly packumentCache full:https://registry.npmjs.org/devlop cache-miss
1159 http cache https://registry.npmjs.org/devlop 5ms (cache hit)
1160 silly packumentCache full:https://registry.npmjs.org/devlop set size:16868 disposed:false
1161 silly fetch manifest extend@^3.0.0
1162 silly packumentCache full:https://registry.npmjs.org/extend cache-miss
1163 http fetch GET 200 https://registry.npmjs.org/@types%2fmdast 605ms (cache miss)
1164 silly packumentCache full:https://registry.npmjs.org/@types%2fmdast set size:undefined disposed:false
1165 silly fetch manifest is-plain-obj@^4.0.0
1166 silly packumentCache full:https://registry.npmjs.org/is-plain-obj cache-miss
1167 http fetch GET 200 https://registry.npmjs.org/hast-util-is-element 653ms (cache miss)
1168 silly packumentCache full:https://registry.npmjs.org/hast-util-is-element set size:undefined disposed:false
1169 silly fetch manifest trough@^2.0.0
1170 silly packumentCache full:https://registry.npmjs.org/trough cache-miss
1171 http fetch GET 200 https://registry.npmjs.org/hast-util-to-html 998ms (cache miss)
1172 silly packumentCache full:https://registry.npmjs.org/hast-util-to-html set size:undefined disposed:false
1173 http fetch GET 200 https://registry.npmjs.org/is-plain-obj 413ms (cache miss)
1174 silly packumentCache full:https://registry.npmjs.org/is-plain-obj set size:undefined disposed:false
1175 http fetch GET 200 https://registry.npmjs.org/extend 510ms (cache miss)
1176 silly packumentCache full:https://registry.npmjs.org/extend set size:undefined disposed:false
1177 http fetch GET 200 https://registry.npmjs.org/hast-util-raw 1074ms (cache miss)
1178 silly packumentCache full:https://registry.npmjs.org/hast-util-raw set size:undefined disposed:false
1179 http fetch GET 200 https://registry.npmjs.org/bail 541ms (cache miss)
1180 silly packumentCache full:https://registry.npmjs.org/bail set size:undefined disposed:false
1181 http fetch GET 200 https://registry.npmjs.org/@types%2fmdast 1119ms (cache miss)
1182 silly packumentCache full:https://registry.npmjs.org/@types%2fmdast set size:undefined disposed:false
1183 http fetch GET 200 https://registry.npmjs.org/retext-smartypants 707ms (cache miss)
1184 silly packumentCache full:https://registry.npmjs.org/retext-smartypants set size:undefined disposed:false
1185 http fetch GET 200 https://registry.npmjs.org/hast-util-from-parse5 1221ms (cache miss)
1186 silly packumentCache full:https://registry.npmjs.org/hast-util-from-parse5 set size:undefined disposed:false
1187 http fetch GET 200 https://registry.npmjs.org/mdast-util-to-hast 948ms (cache miss)
1188 silly packumentCache full:https://registry.npmjs.org/mdast-util-to-hast set size:undefined disposed:false
1189 http fetch GET 200 https://registry.npmjs.org/trough 596ms (cache miss)
1190 silly packumentCache full:https://registry.npmjs.org/trough set size:undefined disposed:false
1191 http fetch GET 200 https://registry.npmjs.org/@types%2fmdast 1288ms (cache miss)
1192 silly packumentCache full:https://registry.npmjs.org/@types%2fmdast set size:undefined disposed:false
1193 http fetch GET 200 https://registry.npmjs.org/retext 978ms (cache miss)
1194 silly packumentCache full:https://registry.npmjs.org/retext set size:undefined disposed:false
1195 http fetch GET 200 https://registry.npmjs.org/prismjs 1801ms (cache miss)
1196 silly packumentCache full:https://registry.npmjs.org/prismjs set size:undefined disposed:false
1197 http fetch GET 200 https://registry.npmjs.org/mdast-util-from-markdown 2148ms (cache miss)
1198 silly packumentCache full:https://registry.npmjs.org/mdast-util-from-markdown set size:undefined disposed:false
1199 http fetch GET 200 https://registry.npmjs.org/remark-stringify 2226ms (cache miss)
1200 silly packumentCache full:https://registry.npmjs.org/remark-stringify set size:undefined disposed:false
1201 silly placeDep ROOT prismjs@1.30.0 OK for: @astrojs/prism@3.3.0 want: ^1.30.0
1202 silly placeDep ROOT is-docker@3.0.0 OK for: @astrojs/telemetry@3.3.0 want: ^3.0.0
1203 silly placeDep ROOT is-wsl@3.1.1 OK for: @astrojs/telemetry@3.3.0 want: ^3.1.0
1204 silly placeDep ROOT which-pm-runs@1.1.0 OK for: @astrojs/telemetry@3.3.0 want: ^1.1.0
1205 silly fetch manifest is-inside-container@^1.0.0
1206 silly packumentCache full:https://registry.npmjs.org/is-inside-container cache-miss
1207 http fetch GET 200 https://registry.npmjs.org/is-inside-container 292ms (cache miss)
1208 silly packumentCache full:https://registry.npmjs.org/is-inside-container set size:undefined disposed:false
1209 silly placeDep ROOT fontkitten@1.0.3 OK for: @capsizecss/unpack@4.0.1 want: ^1.0.3
1210 silly fetch manifest tiny-inflate@^1.0.3
1211 silly packumentCache full:https://registry.npmjs.org/tiny-inflate cache-miss
1212 http fetch GET 200 https://registry.npmjs.org/tiny-inflate 278ms (cache miss)
1213 silly packumentCache full:https://registry.npmjs.org/tiny-inflate set size:undefined disposed:false
1214 silly placeDep ROOT @types/estree@1.0.9 OK for: @rollup/pluginutils@5.4.0 want: ^1.0.0
1215 silly placeDep node_modules/@rollup/pluginutils estree-walker@2.0.2 OK for: @rollup/pluginutils@5.4.0 want: ^2.0.2
1216 silly placeDep ROOT ansi-align@3.0.1 OK for: boxen@8.0.1 want: ^3.0.1
1217 silly placeDep ROOT camelcase@8.0.0 OK for: boxen@8.0.1 want: ^8.0.0
1218 silly placeDep ROOT chalk@5.6.2 OK for: boxen@8.0.1 want: ^5.3.0
1219 silly placeDep ROOT cli-boxes@3.0.0 OK for: boxen@8.0.1 want: ^3.0.0
1220 silly placeDep ROOT string-width@7.2.0 OK for: boxen@8.0.1 want: ^7.2.0
1221 silly placeDep ROOT type-fest@4.41.0 OK for: boxen@8.0.1 want: ^4.21.0
1222 silly placeDep ROOT widest-line@5.0.0 OK for: boxen@8.0.1 want: ^5.0.0
1223 silly placeDep ROOT wrap-ansi@9.0.2 OK for: boxen@8.0.1 want: ^9.0.0
1224 silly fetch manifest string-width@^4.1.0
1225 silly packumentCache full:https://registry.npmjs.org/string-width cache-miss
1226 silly fetch manifest strip-ansi@^7.1.0
1227 silly packumentCache full:https://registry.npmjs.org/strip-ansi cache-miss
1228 silly fetch manifest emoji-regex@^10.3.0
1229 silly packumentCache full:https://registry.npmjs.org/emoji-regex cache-miss
1230 silly fetch manifest get-east-asian-width@^1.0.0
1231 silly packumentCache full:https://registry.npmjs.org/get-east-asian-width cache-miss
1232 silly fetch manifest strip-ansi@^7.1.0
1233 silly packumentCache full:https://registry.npmjs.org/strip-ansi cache-miss
1234 silly fetch manifest ansi-styles@^6.2.1
1235 silly packumentCache full:https://registry.npmjs.org/ansi-styles cache-miss
1236 http cache https://registry.npmjs.org/string-width 14ms (cache hit)
1237 silly packumentCache full:https://registry.npmjs.org/string-width set size:72458 disposed:false
1238 http fetch GET 200 https://registry.npmjs.org/get-east-asian-width 337ms (cache miss)
1239 silly packumentCache full:https://registry.npmjs.org/get-east-asian-width set size:undefined disposed:false
1240 http fetch GET 200 https://registry.npmjs.org/ansi-styles 586ms (cache miss)
1241 silly packumentCache full:https://registry.npmjs.org/ansi-styles set size:undefined disposed:false
1242 http fetch GET 200 https://registry.npmjs.org/strip-ansi 807ms (cache miss)
1243 silly packumentCache full:https://registry.npmjs.org/strip-ansi set size:undefined disposed:false
1244 http fetch GET 200 https://registry.npmjs.org/strip-ansi 994ms (cache miss)
1245 silly packumentCache full:https://registry.npmjs.org/strip-ansi set size:undefined disposed:false
1246 http fetch GET 200 https://registry.npmjs.org/emoji-regex 1035ms (cache miss)
1247 silly packumentCache full:https://registry.npmjs.org/emoji-regex set size:undefined disposed:false
1248 silly placeDep node_modules/ansi-align string-width@4.2.3 OK for: ansi-align@3.0.1 want: ^4.1.0
1249 silly fetch manifest strip-ansi@^6.0.1
1250 silly packumentCache full:https://registry.npmjs.org/strip-ansi cache-miss
1251 silly fetch manifest emoji-regex@^8.0.0
1252 silly packumentCache full:https://registry.npmjs.org/emoji-regex cache-miss
1253 silly fetch manifest is-fullwidth-code-point@^3.0.0
1254 silly packumentCache full:https://registry.npmjs.org/is-fullwidth-code-point cache-miss
1255 http cache https://registry.npmjs.org/strip-ansi 10ms (cache hit)
1256 silly packumentCache full:https://registry.npmjs.org/strip-ansi set size:44998 disposed:false
1257 http cache https://registry.npmjs.org/emoji-regex 13ms (cache hit)
1258 silly packumentCache full:https://registry.npmjs.org/emoji-regex set size:91540 disposed:false
1259 http fetch GET 200 https://registry.npmjs.org/is-fullwidth-code-point 1165ms (cache miss)
1260 silly packumentCache full:https://registry.npmjs.org/is-fullwidth-code-point set size:undefined disposed:false
1261 silly placeDep ROOT ms@2.1.3 OK for: debug@4.4.3 want: ^2.1.3
1262 silly placeDep ROOT base-64@1.0.0 OK for: deterministic-object-hash@2.0.2 want: ^1.0.0
1263 silly placeDep ROOT @esbuild/aix-ppc64@0.27.7 OK for: esbuild@0.27.7 want: 0.27.7
1264 silly placeDep ROOT @esbuild/android-arm@0.27.7 OK for: esbuild@0.27.7 want: 0.27.7
1265 silly placeDep ROOT @esbuild/android-arm64@0.27.7 OK for: esbuild@0.27.7 want: 0.27.7
1266 silly placeDep ROOT @esbuild/android-x64@0.27.7 OK for: esbuild@0.27.7 want: 0.27.7
1267 silly placeDep ROOT @esbuild/darwin-arm64@0.27.7 OK for: esbuild@0.27.7 want: 0.27.7
1268 silly placeDep ROOT @esbuild/darwin-x64@0.27.7 OK for: esbuild@0.27.7 want: 0.27.7
1269 silly placeDep ROOT @esbuild/freebsd-arm64@0.27.7 OK for: esbuild@0.27.7 want: 0.27.7
1270 silly placeDep ROOT @esbuild/freebsd-x64@0.27.7 OK for: esbuild@0.27.7 want: 0.27.7
1271 silly placeDep ROOT @esbuild/linux-arm@0.27.7 OK for: esbuild@0.27.7 want: 0.27.7
1272 silly placeDep ROOT @esbuild/linux-arm64@0.27.7 OK for: esbuild@0.27.7 want: 0.27.7
1273 silly placeDep ROOT @esbuild/linux-ia32@0.27.7 OK for: esbuild@0.27.7 want: 0.27.7
1274 silly placeDep ROOT @esbuild/linux-loong64@0.27.7 OK for: esbuild@0.27.7 want: 0.27.7
1275 silly placeDep ROOT @esbuild/linux-mips64el@0.27.7 OK for: esbuild@0.27.7 want: 0.27.7
1276 silly placeDep ROOT @esbuild/linux-ppc64@0.27.7 OK for: esbuild@0.27.7 want: 0.27.7
1277 silly placeDep ROOT @esbuild/linux-riscv64@0.27.7 OK for: esbuild@0.27.7 want: 0.27.7
1278 silly placeDep ROOT @esbuild/linux-s390x@0.27.7 OK for: esbuild@0.27.7 want: 0.27.7
1279 silly placeDep ROOT @esbuild/linux-x64@0.27.7 OK for: esbuild@0.27.7 want: 0.27.7
1280 silly placeDep ROOT @esbuild/netbsd-arm64@0.27.7 OK for: esbuild@0.27.7 want: 0.27.7
1281 silly placeDep ROOT @esbuild/netbsd-x64@0.27.7 OK for: esbuild@0.27.7 want: 0.27.7
1282 silly placeDep ROOT @esbuild/openbsd-arm64@0.27.7 OK for: esbuild@0.27.7 want: 0.27.7
1283 silly placeDep ROOT @esbuild/openbsd-x64@0.27.7 OK for: esbuild@0.27.7 want: 0.27.7
1284 silly placeDep ROOT @esbuild/openharmony-arm64@0.27.7 OK for: esbuild@0.27.7 want: 0.27.7
1285 silly placeDep ROOT @esbuild/sunos-x64@0.27.7 OK for: esbuild@0.27.7 want: 0.27.7
1286 silly placeDep ROOT @esbuild/win32-arm64@0.27.7 OK for: esbuild@0.27.7 want: 0.27.7
1287 silly placeDep ROOT @esbuild/win32-ia32@0.27.7 OK for: esbuild@0.27.7 want: 0.27.7
1288 silly placeDep ROOT @esbuild/win32-x64@0.27.7 OK for: esbuild@0.27.7 want: 0.27.7
1289 silly placeDep ROOT tiny-inflate@1.0.3 OK for: fontkitten@1.0.3 want: ^1.0.3
1290 silly placeDep ROOT @types/hast@3.0.5 OK for: hast-util-from-html@2.0.3 want: ^3.0.0
1291 silly placeDep ROOT devlop@1.1.0 OK for: hast-util-from-html@2.0.3 want: ^1.1.0
1292 silly placeDep ROOT hast-util-from-parse5@8.0.3 OK for: hast-util-from-html@2.0.3 want: ^8.0.0
1293 silly placeDep ROOT parse5@7.3.0 OK for: hast-util-from-html@2.0.3 want: ^7.0.0
1294 silly placeDep ROOT vfile-message@4.0.3 OK for: hast-util-from-html@2.0.3 want: ^4.0.0
1295 silly fetch manifest @types/unist@*
1296 silly packumentCache full:https://registry.npmjs.org/@types%2funist cache-miss
1297 silly fetch manifest dequal@^2.0.0
1298 silly packumentCache full:https://registry.npmjs.org/dequal cache-miss
1299 silly fetch manifest hastscript@^9.0.0
1300 silly packumentCache full:https://registry.npmjs.org/hastscript cache-miss
1301 silly fetch manifest property-information@^7.0.0
1302 silly packumentCache full:https://registry.npmjs.org/property-information cache-miss
1303 silly fetch manifest vfile-location@^5.0.0
1304 silly packumentCache full:https://registry.npmjs.org/vfile-location cache-miss
1305 silly fetch manifest web-namespaces@^2.0.0
1306 silly packumentCache full:https://registry.npmjs.org/web-namespaces cache-miss
1307 silly fetch manifest entities@^6.0.0
1308 silly packumentCache full:https://registry.npmjs.org/entities cache-miss
1309 silly fetch manifest unist-util-stringify-position@^4.0.0
1310 silly packumentCache full:https://registry.npmjs.org/unist-util-stringify-position cache-miss
1311 http cache https://registry.npmjs.org/@types%2funist 12ms (cache hit)
1312 silly packumentCache full:https://registry.npmjs.org/@types%2funist set size:39215 disposed:false
1313 http fetch GET 200 https://registry.npmjs.org/dequal 273ms (cache miss)
1314 silly packumentCache full:https://registry.npmjs.org/dequal set size:undefined disposed:false
1315 http fetch GET 200 https://registry.npmjs.org/vfile-location 840ms (cache miss)
1316 silly packumentCache full:https://registry.npmjs.org/vfile-location set size:undefined disposed:false
1317 http fetch GET 200 https://registry.npmjs.org/hastscript 942ms (cache miss)
1318 silly packumentCache full:https://registry.npmjs.org/hastscript set size:undefined disposed:false
1319 http fetch GET 200 https://registry.npmjs.org/web-namespaces 944ms (cache miss)
1320 silly packumentCache full:https://registry.npmjs.org/web-namespaces set size:undefined disposed:false
1321 http fetch GET 200 https://registry.npmjs.org/unist-util-stringify-position 1105ms (cache miss)
1322 silly packumentCache full:https://registry.npmjs.org/unist-util-stringify-position set size:undefined disposed:false
1323 http fetch GET 200 https://registry.npmjs.org/entities 1522ms (cache miss)
1324 silly packumentCache full:https://registry.npmjs.org/entities set size:undefined disposed:false
1325 http fetch GET 200 https://registry.npmjs.org/property-information 5712ms (cache miss)
1326 silly packumentCache full:https://registry.npmjs.org/property-information set size:undefined disposed:false
1327 silly placeDep ROOT @types/unist@3.0.3 OK for: @types/hast@3.0.5 want: *
1328 silly placeDep ROOT dequal@2.0.3 OK for: devlop@1.1.0 want: ^2.0.0
1329 silly placeDep ROOT hastscript@9.0.1 OK for: hast-util-from-parse5@8.0.3 want: ^9.0.0
1330 silly placeDep ROOT property-information@7.2.0 OK for: hast-util-from-parse5@8.0.3 want: ^7.0.0
1331 silly placeDep ROOT vfile-location@5.0.3 OK for: hast-util-from-parse5@8.0.3 want: ^5.0.0
1332 silly placeDep ROOT web-namespaces@2.0.1 OK for: hast-util-from-parse5@8.0.3 want: ^2.0.0
1333 silly fetch manifest comma-separated-tokens@^2.0.0
1334 silly packumentCache full:https://registry.npmjs.org/comma-separated-tokens cache-miss
1335 silly fetch manifest hast-util-parse-selector@^4.0.0
1336 silly packumentCache full:https://registry.npmjs.org/hast-util-parse-selector cache-miss
1337 silly fetch manifest space-separated-tokens@^2.0.0
1338 silly packumentCache full:https://registry.npmjs.org/space-separated-tokens cache-miss
1339 http fetch GET 200 https://registry.npmjs.org/comma-separated-tokens 798ms (cache miss)
1340 silly packumentCache full:https://registry.npmjs.org/comma-separated-tokens set size:undefined disposed:false
1341 http fetch GET 200 https://registry.npmjs.org/hast-util-parse-selector 1245ms (cache miss)
1342 silly packumentCache full:https://registry.npmjs.org/hast-util-parse-selector set size:undefined disposed:false
1343 http fetch GET 200 https://registry.npmjs.org/space-separated-tokens 1296ms (cache miss)
1344 silly packumentCache full:https://registry.npmjs.org/space-separated-tokens set size:undefined disposed:false
1345 silly placeDep ROOT hast-util-is-element@3.0.0 OK for: hast-util-to-text@4.0.2 want: ^3.0.0
1346 silly placeDep ROOT unist-util-find-after@5.0.0 OK for: hast-util-to-text@4.0.2 want: ^5.0.0
1347 silly placeDep ROOT comma-separated-tokens@2.0.3 OK for: hastscript@9.0.1 want: ^2.0.0
1348 silly placeDep ROOT hast-util-parse-selector@4.0.0 OK for: hastscript@9.0.1 want: ^4.0.0
1349 silly placeDep ROOT space-separated-tokens@2.0.2 OK for: hastscript@9.0.1 want: ^2.0.0
1350 silly placeDep ROOT css-line-break@2.1.0 OK for: html2canvas@1.4.1 want: ^2.1.0
1351 silly placeDep ROOT text-segmentation@1.0.3 OK for: html2canvas@1.4.1 want: ^1.0.3
1352 silly fetch manifest utrie@^1.0.2
1353 silly packumentCache full:https://registry.npmjs.org/utrie cache-miss
1354 silly fetch manifest utrie@^1.0.2
1355 silly packumentCache full:https://registry.npmjs.org/utrie cache-miss
1356 http fetch GET 200 https://registry.npmjs.org/utrie 250ms (cache miss)
1357 silly packumentCache full:https://registry.npmjs.org/utrie set size:undefined disposed:false
1358 http fetch GET 200 https://registry.npmjs.org/utrie 264ms (cache miss)
1359 silly packumentCache full:https://registry.npmjs.org/utrie set size:undefined disposed:false
1360 silly placeDep ROOT utrie@1.0.2 OK for: css-line-break@2.1.0 want: ^1.0.2
1361 silly fetch manifest base64-arraybuffer@^1.0.2
1362 silly packumentCache full:https://registry.npmjs.org/base64-arraybuffer cache-miss
1363 http fetch GET 200 https://registry.npmjs.org/base64-arraybuffer 960ms (cache miss)
1364 silly packumentCache full:https://registry.npmjs.org/base64-arraybuffer set size:undefined disposed:false
1365 silly placeDep ROOT is-inside-container@1.0.0 OK for: is-wsl@3.1.1 want: ^1.0.0
1366 silly placeDep ROOT argparse@2.0.1 OK for: js-yaml@4.3.2 want: ^2.0.1
1367 silly placeDep ROOT @jridgewell/sourcemap-codec@1.6.0 OK for: magic-string@0.30.21 want: ^1.5.5
1368 silly placeDep ROOT @babel/parser@7.29.8 OK for: magicast@0.5.5 want: ^7.29.7
1369 silly placeDep ROOT @babel/types@7.29.8 OK for: magicast@0.5.5 want: ^7.29.7
1370 silly placeDep ROOT source-map-js@1.2.1 OK for: magicast@0.5.5 want: ^1.2.1
1371 silly fetch manifest @babel/types@^7.29.8
1372 silly packumentCache full:https://registry.npmjs.org/@babel%2ftypes cache-miss
1373 silly fetch manifest @babel/helper-string-parser@^7.29.7
1374 silly packumentCache full:https://registry.npmjs.org/@babel%2fhelper-string-parser cache-miss
1375 silly fetch manifest @babel/helper-validator-identifier@^7.29.7
1376 silly packumentCache full:https://registry.npmjs.org/@babel%2fhelper-validator-identifier cache-miss
1377 http cache https://registry.npmjs.org/@babel%2ftypes 11ms (cache hit)
1378 silly packumentCache full:https://registry.npmjs.org/@babel%2ftypes set size:505250 disposed:false
1379 http fetch GET 200 https://registry.npmjs.org/@babel%2fhelper-string-parser 866ms (cache miss)
1380 silly packumentCache full:https://registry.npmjs.org/@babel%2fhelper-string-parser set size:undefined disposed:false
1381 http fetch GET 200 https://registry.npmjs.org/@babel%2fhelper-validator-identifier 1296ms (cache miss)
1382 silly packumentCache full:https://registry.npmjs.org/@babel%2fhelper-validator-identifier set size:undefined disposed:false
1383 silly placeDep ROOT @babel/helper-string-parser@7.29.7 OK for: @babel/types@7.29.8 want: ^7.29.7
1384 silly placeDep ROOT @babel/helper-validator-identifier@7.29.7 OK for: @babel/types@7.29.8 want: ^7.29.7
1385 silly placeDep ROOT @types/mdast@4.0.4 OK for: mdast-util-definitions@6.0.0 want: ^4.0.0
1386 silly placeDep ROOT yocto-queue@1.2.2 OK for: p-limit@6.2.0 want: ^1.1.1
1387 silly placeDep ROOT eventemitter3@5.0.4 OK for: p-queue@8.1.1 want: ^5.0.1
1388 silly placeDep ROOT p-timeout@6.1.4 OK for: p-queue@8.1.1 want: ^6.1.2
1389 silly placeDep ROOT entities@6.0.1 OK for: parse5@7.3.0 want: ^6.0.0
1390 silly placeDep ROOT kleur@3.0.3 OK for: prompts@2.4.2 want: ^3.0.3
1391 silly placeDep ROOT sisteransi@1.0.5 OK for: prompts@2.4.2 want: ^1.0.5
1392 silly placeDep ROOT rehype-parse@9.0.1 OK for: rehype@13.0.2 want: ^9.0.0
1393 silly placeDep ROOT hast-util-raw@9.1.0 OK for: rehype-raw@7.0.0 want: ^9.0.0
1394 silly fetch manifest @ungap/structured-clone@^1.0.0
1395 silly packumentCache full:https://registry.npmjs.org/@ungap%2fstructured-clone cache-miss
1396 silly fetch manifest hast-util-to-parse5@^8.0.0
1397 silly packumentCache full:https://registry.npmjs.org/hast-util-to-parse5 cache-miss
1398 silly fetch manifest html-void-elements@^3.0.0
1399 silly packumentCache full:https://registry.npmjs.org/html-void-elements cache-miss
1400 silly fetch manifest unist-util-position@^5.0.0
1401 silly packumentCache full:https://registry.npmjs.org/unist-util-position cache-miss
1402 silly fetch manifest zwitch@^2.0.0
1403 silly packumentCache full:https://registry.npmjs.org/zwitch cache-miss
1404 http fetch GET 200 https://registry.npmjs.org/@ungap%2fstructured-clone 541ms (cache miss)
1405 silly packumentCache full:https://registry.npmjs.org/@ungap%2fstructured-clone set size:undefined disposed:false
1406 http fetch GET 200 https://registry.npmjs.org/hast-util-to-parse5 751ms (cache miss)
1407 silly packumentCache full:https://registry.npmjs.org/hast-util-to-parse5 set size:undefined disposed:false
1408 http fetch GET 200 https://registry.npmjs.org/unist-util-position 880ms (cache miss)
1409 silly packumentCache full:https://registry.npmjs.org/unist-util-position set size:undefined disposed:false
1410 http fetch GET 200 https://registry.npmjs.org/html-void-elements 908ms (cache miss)
1411 silly packumentCache full:https://registry.npmjs.org/html-void-elements set size:undefined disposed:false
1412 http fetch GET 200 https://registry.npmjs.org/zwitch 1039ms (cache miss)
1413 silly packumentCache full:https://registry.npmjs.org/zwitch set size:undefined disposed:false
1414 silly placeDep ROOT @ungap/structured-clone@1.4.0 OK for: hast-util-raw@9.1.0 want: ^1.0.0
1415 silly placeDep ROOT hast-util-to-parse5@8.0.1 OK for: hast-util-raw@9.1.0 want: ^8.0.0
1416 silly placeDep ROOT html-void-elements@3.0.0 OK for: hast-util-raw@9.1.0 want: ^3.0.0
1417 silly placeDep ROOT mdast-util-to-hast@13.2.1 OK for: hast-util-raw@9.1.0 want: ^13.0.0
1418 silly placeDep ROOT unist-util-position@5.0.0 OK for: hast-util-raw@9.1.0 want: ^5.0.0
1419 silly placeDep ROOT zwitch@2.0.4 OK for: hast-util-raw@9.1.0 want: ^2.0.0
1420 silly fetch manifest micromark-util-sanitize-uri@^2.0.0
1421 silly packumentCache full:https://registry.npmjs.org/micromark-util-sanitize-uri cache-miss
1422 silly fetch manifest trim-lines@^3.0.0
1423 silly packumentCache full:https://registry.npmjs.org/trim-lines cache-miss
1424 http fetch GET 200 https://registry.npmjs.org/micromark-util-sanitize-uri 697ms (cache miss)
1425 silly packumentCache full:https://registry.npmjs.org/micromark-util-sanitize-uri set size:undefined disposed:false
1426 http fetch GET 200 https://registry.npmjs.org/trim-lines 1305ms (cache miss)
1427 silly packumentCache full:https://registry.npmjs.org/trim-lines set size:undefined disposed:false
1428 silly placeDep ROOT micromark-util-sanitize-uri@2.0.1 OK for: mdast-util-to-hast@13.2.1 want: ^2.0.0
1429 silly placeDep ROOT trim-lines@3.0.1 OK for: mdast-util-to-hast@13.2.1 want: ^3.0.0
1430 silly fetch manifest micromark-util-character@^2.0.0
1431 silly packumentCache full:https://registry.npmjs.org/micromark-util-character cache-miss
1432 silly fetch manifest micromark-util-encode@^2.0.0
1433 silly packumentCache full:https://registry.npmjs.org/micromark-util-encode cache-miss
1434 silly fetch manifest micromark-util-symbol@^2.0.0
1435 silly packumentCache full:https://registry.npmjs.org/micromark-util-symbol cache-miss
1436 http fetch GET 200 https://registry.npmjs.org/micromark-util-character 536ms (cache miss)
1437 silly packumentCache full:https://registry.npmjs.org/micromark-util-character set size:undefined disposed:false
1438 http fetch GET 200 https://registry.npmjs.org/micromark-util-symbol 694ms (cache miss)
1439 silly packumentCache full:https://registry.npmjs.org/micromark-util-symbol set size:undefined disposed:false
1440 http fetch GET 200 https://registry.npmjs.org/micromark-util-encode 1145ms (cache miss)
1441 silly packumentCache full:https://registry.npmjs.org/micromark-util-encode set size:undefined disposed:false
1442 silly placeDep ROOT micromark-util-character@2.1.1 OK for: micromark-util-sanitize-uri@2.0.1 want: ^2.0.0
1443 silly placeDep ROOT micromark-util-encode@2.0.1 OK for: micromark-util-sanitize-uri@2.0.1 want: ^2.0.0
1444 silly placeDep ROOT micromark-util-symbol@2.0.1 OK for: micromark-util-sanitize-uri@2.0.1 want: ^2.0.0
1445 silly placeDep ROOT micromark-util-types@2.0.2 OK for: micromark-util-character@2.1.1 want: ^2.0.0
1446 silly placeDep ROOT hast-util-to-html@9.0.5 OK for: rehype-stringify@10.0.1 want: ^9.0.0
1447 silly fetch manifest ccount@^2.0.0
1448 silly packumentCache full:https://registry.npmjs.org/ccount cache-miss
1449 silly fetch manifest hast-util-whitespace@^3.0.0
1450 silly packumentCache full:https://registry.npmjs.org/hast-util-whitespace cache-miss
1451 silly fetch manifest stringify-entities@^4.0.0
1452 silly packumentCache full:https://registry.npmjs.org/stringify-entities cache-miss
1453 http fetch GET 200 https://registry.npmjs.org/ccount 491ms (cache miss)
1454 silly packumentCache full:https://registry.npmjs.org/ccount set size:undefined disposed:false
1455 http fetch GET 200 https://registry.npmjs.org/stringify-entities 1117ms (cache miss)
1456 silly packumentCache full:https://registry.npmjs.org/stringify-entities set size:undefined disposed:false
1457 http fetch GET 200 https://registry.npmjs.org/hast-util-whitespace 1120ms (cache miss)
1458 silly packumentCache full:https://registry.npmjs.org/hast-util-whitespace set size:undefined disposed:false
1459 silly placeDep ROOT ccount@2.0.1 OK for: hast-util-to-html@9.0.5 want: ^2.0.0
1460 silly placeDep ROOT hast-util-whitespace@3.0.0 OK for: hast-util-to-html@9.0.5 want: ^3.0.0
1461 silly placeDep ROOT stringify-entities@4.0.4 OK for: hast-util-to-html@9.0.5 want: ^4.0.0
1462 silly fetch manifest character-entities-html4@^2.0.0
1463 silly packumentCache full:https://registry.npmjs.org/character-entities-html4 cache-miss
1464 silly fetch manifest character-entities-legacy@^3.0.0
1465 silly packumentCache full:https://registry.npmjs.org/character-entities-legacy cache-miss
1466 http fetch GET 200 https://registry.npmjs.org/character-entities-legacy 764ms (cache miss)
1467 silly packumentCache full:https://registry.npmjs.org/character-entities-legacy set size:undefined disposed:false
1468 http fetch GET 200 https://registry.npmjs.org/character-entities-html4 887ms (cache miss)
1469 silly packumentCache full:https://registry.npmjs.org/character-entities-html4 set size:undefined disposed:false
1470 silly placeDep ROOT mdast-util-gfm@3.1.0 OK for: remark-gfm@4.0.1 want: ^3.0.0
1471 silly placeDep ROOT micromark-extension-gfm@3.0.0 OK for: remark-gfm@4.0.1 want: ^3.0.0
1472 silly placeDep ROOT remark-stringify@11.0.0 OK for: remark-gfm@4.0.1 want: ^11.0.0
1473 silly fetch manifest mdast-util-gfm-autolink-literal@^2.0.0
1474 silly packumentCache full:https://registry.npmjs.org/mdast-util-gfm-autolink-literal cache-miss
1475 silly fetch manifest mdast-util-gfm-footnote@^2.0.0
1476 silly packumentCache full:https://registry.npmjs.org/mdast-util-gfm-footnote cache-miss
1477 silly fetch manifest mdast-util-gfm-strikethrough@^2.0.0
1478 silly packumentCache full:https://registry.npmjs.org/mdast-util-gfm-strikethrough cache-miss
1479 silly fetch manifest mdast-util-gfm-table@^2.0.0
1480 silly packumentCache full:https://registry.npmjs.org/mdast-util-gfm-table cache-miss
1481 silly fetch manifest mdast-util-gfm-task-list-item@^2.0.0
1482 silly packumentCache full:https://registry.npmjs.org/mdast-util-gfm-task-list-item cache-miss
1483 silly fetch manifest mdast-util-to-markdown@^2.0.0
1484 silly packumentCache full:https://registry.npmjs.org/mdast-util-to-markdown cache-miss
1485 silly fetch manifest micromark-extension-gfm-autolink-literal@^2.0.0
1486 silly packumentCache full:https://registry.npmjs.org/micromark-extension-gfm-autolink-literal cache-miss
1487 silly fetch manifest micromark-extension-gfm-footnote@^2.0.0
1488 silly packumentCache full:https://registry.npmjs.org/micromark-extension-gfm-footnote cache-miss
1489 silly fetch manifest micromark-extension-gfm-strikethrough@^2.0.0
1490 silly packumentCache full:https://registry.npmjs.org/micromark-extension-gfm-strikethrough cache-miss
1491 silly fetch manifest micromark-extension-gfm-table@^2.0.0
1492 silly packumentCache full:https://registry.npmjs.org/micromark-extension-gfm-table cache-miss
1493 silly fetch manifest micromark-extension-gfm-tagfilter@^2.0.0
1494 silly packumentCache full:https://registry.npmjs.org/micromark-extension-gfm-tagfilter cache-miss
1495 silly fetch manifest micromark-extension-gfm-task-list-item@^2.0.0
1496 silly packumentCache full:https://registry.npmjs.org/micromark-extension-gfm-task-list-item cache-miss
1497 silly fetch manifest micromark-util-combine-extensions@^2.0.0
1498 silly packumentCache full:https://registry.npmjs.org/micromark-util-combine-extensions cache-miss
1499 silly fetch manifest mdast-util-to-markdown@^2.0.0
1500 silly packumentCache full:https://registry.npmjs.org/mdast-util-to-markdown cache-miss
1501 http fetch GET 200 https://registry.npmjs.org/micromark-util-combine-extensions 283ms (cache miss)
1502 silly packumentCache full:https://registry.npmjs.org/micromark-util-combine-extensions set size:undefined disposed:false
1503 http fetch GET 200 https://registry.npmjs.org/mdast-util-gfm-autolink-literal 289ms (cache miss)
1504 silly packumentCache full:https://registry.npmjs.org/mdast-util-gfm-autolink-literal set size:undefined disposed:false
1505 http fetch GET 200 https://registry.npmjs.org/mdast-util-gfm-footnote 461ms (cache miss)
1506 silly packumentCache full:https://registry.npmjs.org/mdast-util-gfm-footnote set size:undefined disposed:false
1507 http fetch GET 200 https://registry.npmjs.org/mdast-util-gfm-task-list-item 944ms (cache miss)
1508 silly packumentCache full:https://registry.npmjs.org/mdast-util-gfm-task-list-item set size:undefined disposed:false
1509 http fetch GET 200 https://registry.npmjs.org/micromark-extension-gfm-task-list-item 951ms (cache miss)
1510 silly packumentCache full:https://registry.npmjs.org/micromark-extension-gfm-task-list-item set size:undefined disposed:false
1511 http fetch GET 200 https://registry.npmjs.org/micromark-extension-gfm-strikethrough 969ms (cache miss)
1512 silly packumentCache full:https://registry.npmjs.org/micromark-extension-gfm-strikethrough set size:undefined disposed:false
1513 http fetch GET 200 https://registry.npmjs.org/mdast-util-gfm-strikethrough 1041ms (cache miss)
1514 silly packumentCache full:https://registry.npmjs.org/mdast-util-gfm-strikethrough set size:undefined disposed:false
1515 http fetch GET 200 https://registry.npmjs.org/mdast-util-gfm-table 1064ms (cache miss)
1516 silly packumentCache full:https://registry.npmjs.org/mdast-util-gfm-table set size:undefined disposed:false
1517 http fetch GET 200 https://registry.npmjs.org/micromark-extension-gfm-tagfilter 1063ms (cache miss)
1518 silly packumentCache full:https://registry.npmjs.org/micromark-extension-gfm-tagfilter set size:undefined disposed:false
1519 http fetch GET 200 https://registry.npmjs.org/micromark-extension-gfm-table 1091ms (cache miss)
1520 silly packumentCache full:https://registry.npmjs.org/micromark-extension-gfm-table set size:undefined disposed:false
1521 http fetch GET 200 https://registry.npmjs.org/micromark-extension-gfm-footnote 1418ms (cache miss)
1522 silly packumentCache full:https://registry.npmjs.org/micromark-extension-gfm-footnote set size:undefined disposed:false
1523 http fetch GET 200 https://registry.npmjs.org/mdast-util-to-markdown 1607ms (cache miss)
1524 silly packumentCache full:https://registry.npmjs.org/mdast-util-to-markdown set size:undefined disposed:false
1525 http fetch GET 200 https://registry.npmjs.org/micromark-extension-gfm-autolink-literal 2308ms (cache miss)
1526 silly packumentCache full:https://registry.npmjs.org/micromark-extension-gfm-autolink-literal set size:undefined disposed:false
1527 http fetch GET 200 https://registry.npmjs.org/mdast-util-to-markdown 2359ms (cache miss)
1528 silly packumentCache full:https://registry.npmjs.org/mdast-util-to-markdown set size:undefined disposed:false
1529 silly placeDep ROOT mdast-util-from-markdown@2.0.3 OK for: mdast-util-gfm@3.1.0 want: ^2.0.0
1530 silly placeDep ROOT mdast-util-gfm-autolink-literal@2.0.1 OK for: mdast-util-gfm@3.1.0 want: ^2.0.0
1531 silly placeDep ROOT mdast-util-gfm-footnote@2.1.0 OK for: mdast-util-gfm@3.1.0 want: ^2.0.0
1532 silly placeDep ROOT mdast-util-gfm-strikethrough@2.0.0 OK for: mdast-util-gfm@3.1.0 want: ^2.0.0
1533 silly placeDep ROOT mdast-util-gfm-table@2.0.0 OK for: mdast-util-gfm@3.1.0 want: ^2.0.0
1534 silly placeDep ROOT mdast-util-gfm-task-list-item@2.0.0 OK for: mdast-util-gfm@3.1.0 want: ^2.0.0
1535 silly placeDep ROOT mdast-util-to-markdown@2.1.2 OK for: mdast-util-gfm@3.1.0 want: ^2.0.0
1536 silly fetch manifest decode-named-character-reference@^1.0.0
1537 silly packumentCache full:https://registry.npmjs.org/decode-named-character-reference cache-miss
1538 silly fetch manifest mdast-util-to-string@^4.0.0
1539 silly packumentCache full:https://registry.npmjs.org/mdast-util-to-string cache-miss
1540 silly fetch manifest micromark@^4.0.0
1541 silly packumentCache full:https://registry.npmjs.org/micromark cache-miss
1542 silly fetch manifest micromark-util-decode-numeric-character-reference@^2.0.0
1543 silly packumentCache full:https://registry.npmjs.org/micromark-util-decode-numeric-character-reference cache-miss
1544 silly fetch manifest micromark-util-decode-string@^2.0.0
1545 silly packumentCache full:https://registry.npmjs.org/micromark-util-decode-string cache-miss
1546 silly fetch manifest micromark-util-normalize-identifier@^2.0.0
1547 silly packumentCache full:https://registry.npmjs.org/micromark-util-normalize-identifier cache-miss
1548 silly fetch manifest mdast-util-find-and-replace@^3.0.0
1549 silly packumentCache full:https://registry.npmjs.org/mdast-util-find-and-replace cache-miss
1550 silly fetch manifest micromark-util-normalize-identifier@^2.0.0
1551 silly packumentCache full:https://registry.npmjs.org/micromark-util-normalize-identifier cache-miss
1552 silly fetch manifest markdown-table@^3.0.0
1553 silly packumentCache full:https://registry.npmjs.org/markdown-table cache-miss
1554 silly fetch manifest longest-streak@^3.0.0
1555 silly packumentCache full:https://registry.npmjs.org/longest-streak cache-miss
1556 silly fetch manifest mdast-util-phrasing@^4.0.0
1557 silly packumentCache full:https://registry.npmjs.org/mdast-util-phrasing cache-miss
1558 silly fetch manifest mdast-util-to-string@^4.0.0
1559 silly packumentCache full:https://registry.npmjs.org/mdast-util-to-string cache-miss
1560 silly fetch manifest micromark-util-classify-character@^2.0.0
1561 silly packumentCache full:https://registry.npmjs.org/micromark-util-classify-character cache-miss
1562 silly fetch manifest micromark-util-decode-string@^2.0.0
1563 silly packumentCache full:https://registry.npmjs.org/micromark-util-decode-string cache-miss
1564 http fetch GET 200 https://registry.npmjs.org/mdast-util-to-string 291ms (cache miss)
1565 silly packumentCache full:https://registry.npmjs.org/mdast-util-to-string set size:undefined disposed:false
1566 http fetch GET 200 https://registry.npmjs.org/micromark-util-decode-numeric-character-reference 381ms (cache miss)
1567 silly packumentCache full:https://registry.npmjs.org/micromark-util-decode-numeric-character-reference set size:undefined disposed:false
1568 http fetch GET 200 https://registry.npmjs.org/decode-named-character-reference 405ms (cache miss)
1569 silly packumentCache full:https://registry.npmjs.org/decode-named-character-reference set size:undefined disposed:false
1570 http fetch GET 200 https://registry.npmjs.org/micromark-util-decode-string 490ms (cache miss)
1571 silly packumentCache full:https://registry.npmjs.org/micromark-util-decode-string set size:undefined disposed:false
1572 http fetch GET 200 https://registry.npmjs.org/micromark-util-classify-character 529ms (cache miss)
1573 silly packumentCache full:https://registry.npmjs.org/micromark-util-classify-character set size:undefined disposed:false
1574 http fetch GET 200 https://registry.npmjs.org/mdast-util-phrasing 617ms (cache miss)
1575 silly packumentCache full:https://registry.npmjs.org/mdast-util-phrasing set size:undefined disposed:false
1576 http fetch GET 200 https://registry.npmjs.org/micromark-util-normalize-identifier 650ms (cache miss)
1577 silly packumentCache full:https://registry.npmjs.org/micromark-util-normalize-identifier set size:undefined disposed:false
1578 http fetch GET 200 https://registry.npmjs.org/micromark 728ms (cache miss)
1579 silly packumentCache full:https://registry.npmjs.org/micromark set size:undefined disposed:false
1580 http fetch GET 200 https://registry.npmjs.org/mdast-util-find-and-replace 750ms (cache miss)
1581 silly packumentCache full:https://registry.npmjs.org/mdast-util-find-and-replace set size:undefined disposed:false
1582 http fetch GET 200 https://registry.npmjs.org/micromark-util-normalize-identifier 806ms (cache miss)
1583 silly packumentCache full:https://registry.npmjs.org/micromark-util-normalize-identifier set size:undefined disposed:false
1584 http fetch GET 200 https://registry.npmjs.org/longest-streak 1149ms (cache miss)
1585 silly packumentCache full:https://registry.npmjs.org/longest-streak set size:undefined disposed:false
1586 http fetch GET 200 https://registry.npmjs.org/micromark-util-decode-string 1245ms (cache miss)
1587 silly packumentCache full:https://registry.npmjs.org/micromark-util-decode-string set size:undefined disposed:false
1588 http fetch GET 200 https://registry.npmjs.org/markdown-table 1349ms (cache miss)
1589 silly packumentCache full:https://registry.npmjs.org/markdown-table set size:undefined disposed:false
1590 http fetch GET 200 https://registry.npmjs.org/mdast-util-to-string 1366ms (cache miss)
1591 silly packumentCache full:https://registry.npmjs.org/mdast-util-to-string set size:undefined disposed:false
1592 silly placeDep ROOT decode-named-character-reference@1.3.0 OK for: mdast-util-from-markdown@2.0.3 want: ^1.0.0
1593 silly placeDep ROOT mdast-util-to-string@4.0.0 OK for: mdast-util-from-markdown@2.0.3 want: ^4.0.0
1594 silly placeDep ROOT micromark@4.0.2 OK for: mdast-util-from-markdown@2.0.3 want: ^4.0.0
1595 silly placeDep ROOT micromark-util-decode-numeric-character-reference@2.0.2 OK for: mdast-util-from-markdown@2.0.3 want: ^2.0.0
1596 silly placeDep ROOT micromark-util-decode-string@2.0.1 OK for: mdast-util-from-markdown@2.0.3 want: ^2.0.0
1597 silly placeDep ROOT micromark-util-normalize-identifier@2.0.1 OK for: mdast-util-from-markdown@2.0.3 want: ^2.0.0
1598 silly placeDep ROOT unist-util-stringify-position@4.0.0 OK for: mdast-util-from-markdown@2.0.3 want: ^4.0.0
1599 silly fetch manifest character-entities@^2.0.0
1600 silly packumentCache full:https://registry.npmjs.org/character-entities cache-miss
1601 silly fetch manifest @types/debug@^4.0.0
1602 silly packumentCache full:https://registry.npmjs.org/@types%2fdebug cache-miss
1603 silly fetch manifest micromark-core-commonmark@^2.0.0
1604 silly packumentCache full:https://registry.npmjs.org/micromark-core-commonmark cache-miss
1605 silly fetch manifest micromark-factory-space@^2.0.0
1606 silly packumentCache full:https://registry.npmjs.org/micromark-factory-space cache-miss
1607 silly fetch manifest micromark-util-chunked@^2.0.0
1608 silly packumentCache full:https://registry.npmjs.org/micromark-util-chunked cache-miss
1609 silly fetch manifest micromark-util-resolve-all@^2.0.0
1610 silly packumentCache full:https://registry.npmjs.org/micromark-util-resolve-all cache-miss
1611 silly fetch manifest micromark-util-subtokenize@^2.0.0
1612 silly packumentCache full:https://registry.npmjs.org/micromark-util-subtokenize cache-miss
1613 http fetch GET 200 https://registry.npmjs.org/@types%2fdebug 307ms (cache miss)
1614 silly packumentCache full:https://registry.npmjs.org/@types%2fdebug set size:undefined disposed:false
1615 http fetch GET 200 https://registry.npmjs.org/micromark-factory-space 466ms (cache miss)
1616 silly packumentCache full:https://registry.npmjs.org/micromark-factory-space set size:undefined disposed:false
1617 http fetch GET 200 https://registry.npmjs.org/micromark-util-subtokenize 744ms (cache miss)
1618 silly packumentCache full:https://registry.npmjs.org/micromark-util-subtokenize set size:undefined disposed:false
1619 http fetch GET 200 https://registry.npmjs.org/micromark-core-commonmark 768ms (cache miss)
1620 silly packumentCache full:https://registry.npmjs.org/micromark-core-commonmark set size:undefined disposed:false
1621 http fetch GET 200 https://registry.npmjs.org/character-entities 788ms (cache miss)
1622 silly packumentCache full:https://registry.npmjs.org/character-entities set size:undefined disposed:false
1623 http fetch GET 200 https://registry.npmjs.org/micromark-util-chunked 878ms (cache miss)
1624 silly packumentCache full:https://registry.npmjs.org/micromark-util-chunked set size:undefined disposed:false
1625 http fetch GET 200 https://registry.npmjs.org/micromark-util-resolve-all 1097ms (cache miss)
1626 silly packumentCache full:https://registry.npmjs.org/micromark-util-resolve-all set size:undefined disposed:false
1627 silly placeDep ROOT character-entities@2.0.2 OK for: decode-named-character-reference@1.3.0 want: ^2.0.0
1628 silly placeDep ROOT mdast-util-find-and-replace@3.0.2 OK for: mdast-util-gfm-autolink-literal@2.0.1 want: ^3.0.0
1629 silly fetch manifest escape-string-regexp@^5.0.0
1630 silly packumentCache full:https://registry.npmjs.org/escape-string-regexp cache-miss
1631 http fetch GET 200 https://registry.npmjs.org/escape-string-regexp 571ms (cache miss)
1632 silly packumentCache full:https://registry.npmjs.org/escape-string-regexp set size:undefined disposed:false
1633 silly placeDep ROOT escape-string-regexp@5.0.0 OK for: mdast-util-find-and-replace@3.0.2 want: ^5.0.0
1634 silly placeDep ROOT unist-util-is@6.0.1 OK for: mdast-util-find-and-replace@3.0.2 want: ^6.0.0
1635 silly placeDep ROOT markdown-table@3.0.4 OK for: mdast-util-gfm-table@2.0.0 want: ^3.0.0
1636 silly placeDep ROOT longest-streak@3.1.0 OK for: mdast-util-to-markdown@2.1.2 want: ^3.0.0
1637 silly placeDep ROOT mdast-util-phrasing@4.1.0 OK for: mdast-util-to-markdown@2.1.2 want: ^4.0.0
1638 silly placeDep ROOT micromark-util-classify-character@2.0.1 OK for: mdast-util-to-markdown@2.1.2 want: ^2.0.0
1639 silly placeDep ROOT @types/debug@4.1.13 OK for: micromark@4.0.2 want: ^4.0.0
1640 silly placeDep ROOT micromark-core-commonmark@2.0.3 OK for: micromark@4.0.2 want: ^2.0.0
1641 silly placeDep ROOT micromark-factory-space@2.0.1 OK for: micromark@4.0.2 want: ^2.0.0
1642 silly placeDep ROOT micromark-util-chunked@2.0.1 OK for: micromark@4.0.2 want: ^2.0.0
1643 silly placeDep ROOT micromark-util-combine-extensions@2.0.1 OK for: micromark@4.0.2 want: ^2.0.0
1644 silly placeDep ROOT micromark-util-resolve-all@2.0.1 OK for: micromark@4.0.2 want: ^2.0.0
1645 silly placeDep ROOT micromark-util-subtokenize@2.1.0 OK for: micromark@4.0.2 want: ^2.0.0
1646 silly fetch manifest @types/ms@*
1647 silly packumentCache full:https://registry.npmjs.org/@types%2fms cache-miss
1648 silly fetch manifest micromark-factory-destination@^2.0.0
1649 silly packumentCache full:https://registry.npmjs.org/micromark-factory-destination cache-miss
1650 silly fetch manifest micromark-factory-label@^2.0.0
1651 silly packumentCache full:https://registry.npmjs.org/micromark-factory-label cache-miss
1652 silly fetch manifest micromark-factory-title@^2.0.0
1653 silly packumentCache full:https://registry.npmjs.org/micromark-factory-title cache-miss
1654 silly fetch manifest micromark-factory-whitespace@^2.0.0
1655 silly packumentCache full:https://registry.npmjs.org/micromark-factory-whitespace cache-miss
1656 silly fetch manifest micromark-util-html-tag-name@^2.0.0
1657 silly packumentCache full:https://registry.npmjs.org/micromark-util-html-tag-name cache-miss
1658 http fetch GET 200 https://registry.npmjs.org/micromark-factory-destination 483ms (cache miss)
1659 silly packumentCache full:https://registry.npmjs.org/micromark-factory-destination set size:undefined disposed:false
1660 http fetch GET 200 https://registry.npmjs.org/@types%2fms 525ms (cache miss)
1661 silly packumentCache full:https://registry.npmjs.org/@types%2fms set size:undefined disposed:false
1662 http fetch GET 200 https://registry.npmjs.org/micromark-util-html-tag-name 594ms (cache miss)
1663 silly packumentCache full:https://registry.npmjs.org/micromark-util-html-tag-name set size:undefined disposed:false
1664 http fetch GET 200 https://registry.npmjs.org/micromark-factory-label 734ms (cache miss)
1665 silly packumentCache full:https://registry.npmjs.org/micromark-factory-label set size:undefined disposed:false
1666 http fetch GET 200 https://registry.npmjs.org/micromark-factory-title 952ms (cache miss)
1667 silly packumentCache full:https://registry.npmjs.org/micromark-factory-title set size:undefined disposed:false
1668 http fetch GET 200 https://registry.npmjs.org/micromark-factory-whitespace 1004ms (cache miss)
1669 silly packumentCache full:https://registry.npmjs.org/micromark-factory-whitespace set size:undefined disposed:false
1670 silly placeDep ROOT @types/ms@2.1.0 OK for: @types/debug@4.1.13 want: *
1671 silly placeDep ROOT micromark-factory-destination@2.0.1 OK for: micromark-core-commonmark@2.0.3 want: ^2.0.0
1672 silly placeDep ROOT micromark-factory-label@2.0.1 OK for: micromark-core-commonmark@2.0.3 want: ^2.0.0
1673 silly placeDep ROOT micromark-factory-title@2.0.1 OK for: micromark-core-commonmark@2.0.3 want: ^2.0.0
1674 silly placeDep ROOT micromark-factory-whitespace@2.0.1 OK for: micromark-core-commonmark@2.0.3 want: ^2.0.0
1675 silly placeDep ROOT micromark-util-html-tag-name@2.0.1 OK for: micromark-core-commonmark@2.0.3 want: ^2.0.0
1676 silly placeDep ROOT micromark-extension-gfm-autolink-literal@2.1.0 OK for: micromark-extension-gfm@3.0.0 want: ^2.0.0
1677 silly placeDep ROOT micromark-extension-gfm-footnote@2.1.0 OK for: micromark-extension-gfm@3.0.0 want: ^2.0.0
1678 silly placeDep ROOT micromark-extension-gfm-strikethrough@2.1.0 OK for: micromark-extension-gfm@3.0.0 want: ^2.0.0
1679 silly placeDep ROOT micromark-extension-gfm-table@2.1.2 OK for: micromark-extension-gfm@3.0.0 want: ^2.0.0
1680 silly placeDep ROOT micromark-extension-gfm-tagfilter@2.0.0 OK for: micromark-extension-gfm@3.0.0 want: ^2.0.0
1681 silly placeDep ROOT micromark-extension-gfm-task-list-item@2.1.0 OK for: micromark-extension-gfm@3.0.0 want: ^2.0.0
1682 silly placeDep ROOT retext@9.0.0 OK for: remark-smartypants@3.0.3 want: ^9.0.0
1683 silly placeDep ROOT retext-smartypants@6.2.0 OK for: remark-smartypants@3.0.3 want: ^6.0.0
1684 silly fetch manifest @types/nlcst@^2.0.0
1685 silly packumentCache full:https://registry.npmjs.org/@types%2fnlcst cache-miss
1686 silly fetch manifest retext-latin@^4.0.0
1687 silly packumentCache full:https://registry.npmjs.org/retext-latin cache-miss
1688 silly fetch manifest retext-stringify@^4.0.0
1689 silly packumentCache full:https://registry.npmjs.org/retext-stringify cache-miss
1690 silly fetch manifest @types/nlcst@^2.0.0
1691 silly packumentCache full:https://registry.npmjs.org/@types%2fnlcst cache-miss
1692 silly fetch manifest nlcst-to-string@^4.0.0
1693 silly packumentCache full:https://registry.npmjs.org/nlcst-to-string cache-miss
1694 http fetch GET 200 https://registry.npmjs.org/@types%2fnlcst 516ms (cache miss)
1695 silly packumentCache full:https://registry.npmjs.org/@types%2fnlcst set size:undefined disposed:false
1696 http fetch GET 200 https://registry.npmjs.org/retext-latin 529ms (cache miss)
1697 silly packumentCache full:https://registry.npmjs.org/retext-latin set size:undefined disposed:false
1698 http fetch GET 200 https://registry.npmjs.org/@types%2fnlcst 585ms (cache miss)
1699 silly packumentCache full:https://registry.npmjs.org/@types%2fnlcst set size:undefined disposed:false
1700 http fetch GET 200 https://registry.npmjs.org/retext-stringify 686ms (cache miss)
1701 silly packumentCache full:https://registry.npmjs.org/retext-stringify set size:undefined disposed:false
1702 http fetch GET 200 https://registry.npmjs.org/nlcst-to-string 807ms (cache miss)
1703 silly packumentCache full:https://registry.npmjs.org/nlcst-to-string set size:undefined disposed:false
1704 silly placeDep ROOT @types/nlcst@2.0.3 OK for: retext@9.0.0 want: ^2.0.0
1705 silly placeDep ROOT retext-latin@4.0.0 OK for: retext@9.0.0 want: ^4.0.0
1706 silly placeDep ROOT retext-stringify@4.0.0 OK for: retext@9.0.0 want: ^4.0.0
1707 silly fetch manifest parse-latin@^7.0.0
1708 silly packumentCache full:https://registry.npmjs.org/parse-latin cache-miss
1709 http fetch GET 200 https://registry.npmjs.org/parse-latin 1072ms (cache miss)
1710 silly packumentCache full:https://registry.npmjs.org/parse-latin set size:undefined disposed:false
1711 silly placeDep ROOT parse-latin@7.0.0 OK for: retext-latin@4.0.0 want: ^7.0.0
1712 silly fetch manifest unist-util-modify-children@^4.0.0
1713 silly packumentCache full:https://registry.npmjs.org/unist-util-modify-children cache-miss
1714 silly fetch manifest unist-util-visit-children@^3.0.0
1715 silly packumentCache full:https://registry.npmjs.org/unist-util-visit-children cache-miss
1716 http fetch GET 200 https://registry.npmjs.org/unist-util-visit-children 554ms (cache miss)
1717 silly packumentCache full:https://registry.npmjs.org/unist-util-visit-children set size:undefined disposed:false
1718 http fetch GET 200 https://registry.npmjs.org/unist-util-modify-children 1505ms (cache miss)
1719 silly packumentCache full:https://registry.npmjs.org/unist-util-modify-children set size:undefined disposed:false
1720 silly placeDep ROOT nlcst-to-string@4.0.0 OK for: parse-latin@7.0.0 want: ^4.0.0
1721 silly placeDep ROOT unist-util-modify-children@4.0.0 OK for: parse-latin@7.0.0 want: ^4.0.0
1722 silly placeDep ROOT unist-util-visit-children@3.0.0 OK for: parse-latin@7.0.0 want: ^3.0.0
1723 silly fetch manifest array-iterate@^2.0.0
1724 silly packumentCache full:https://registry.npmjs.org/array-iterate cache-miss
1725 http fetch GET 200 https://registry.npmjs.org/array-iterate 770ms (cache miss)
1726 silly packumentCache full:https://registry.npmjs.org/array-iterate set size:undefined disposed:false
1727 silly placeDep ROOT @img/colour@1.1.0 OK for: sharp@0.34.5 want: ^1.0.0
1728 silly placeDep ROOT @img/sharp-darwin-arm64@0.34.5 OK for: sharp@0.34.5 want: 0.34.5
1729 silly placeDep ROOT @img/sharp-darwin-x64@0.34.5 OK for: sharp@0.34.5 want: 0.34.5
1730 silly placeDep ROOT @img/sharp-libvips-darwin-arm64@1.2.4 OK for: sharp@0.34.5 want: 1.2.4
1731 silly placeDep ROOT @img/sharp-libvips-darwin-x64@1.2.4 OK for: sharp@0.34.5 want: 1.2.4
1732 silly placeDep ROOT @img/sharp-libvips-linux-arm@1.2.4 OK for: sharp@0.34.5 want: 1.2.4
1733 silly placeDep ROOT @img/sharp-libvips-linux-arm64@1.2.4 OK for: sharp@0.34.5 want: 1.2.4
1734 silly placeDep ROOT @img/sharp-libvips-linux-ppc64@1.2.4 OK for: sharp@0.34.5 want: 1.2.4
1735 silly placeDep ROOT @img/sharp-libvips-linux-riscv64@1.2.4 OK for: sharp@0.34.5 want: 1.2.4
1736 silly placeDep ROOT @img/sharp-libvips-linux-s390x@1.2.4 OK for: sharp@0.34.5 want: 1.2.4
1737 silly placeDep ROOT @img/sharp-libvips-linux-x64@1.2.4 OK for: sharp@0.34.5 want: 1.2.4
1738 silly placeDep ROOT @img/sharp-libvips-linuxmusl-arm64@1.2.4 OK for: sharp@0.34.5 want: 1.2.4
1739 silly placeDep ROOT @img/sharp-libvips-linuxmusl-x64@1.2.4 OK for: sharp@0.34.5 want: 1.2.4
1740 silly placeDep ROOT @img/sharp-linux-arm@0.34.5 OK for: sharp@0.34.5 want: 0.34.5
1741 silly placeDep ROOT @img/sharp-linux-arm64@0.34.5 OK for: sharp@0.34.5 want: 0.34.5
1742 silly placeDep ROOT @img/sharp-linux-ppc64@0.34.5 OK for: sharp@0.34.5 want: 0.34.5
1743 silly placeDep ROOT @img/sharp-linux-riscv64@0.34.5 OK for: sharp@0.34.5 want: 0.34.5
1744 silly placeDep ROOT @img/sharp-linux-s390x@0.34.5 OK for: sharp@0.34.5 want: 0.34.5
1745 silly placeDep ROOT @img/sharp-linux-x64@0.34.5 OK for: sharp@0.34.5 want: 0.34.5
1746 silly placeDep ROOT @img/sharp-linuxmusl-arm64@0.34.5 OK for: sharp@0.34.5 want: 0.34.5
1747 silly placeDep ROOT @img/sharp-linuxmusl-x64@0.34.5 OK for: sharp@0.34.5 want: 0.34.5
1748 silly placeDep ROOT @img/sharp-wasm32@0.34.5 OK for: sharp@0.34.5 want: 0.34.5
1749 silly placeDep ROOT @img/sharp-win32-arm64@0.34.5 OK for: sharp@0.34.5 want: 0.34.5
1750 silly placeDep ROOT @img/sharp-win32-ia32@0.34.5 OK for: sharp@0.34.5 want: 0.34.5
1751 silly placeDep ROOT @img/sharp-win32-x64@0.34.5 OK for: sharp@0.34.5 want: 0.34.5
1752 silly placeDep ROOT detect-libc@2.1.2 OK for: sharp@0.34.5 want: ^2.1.2
1753 silly fetch manifest @emnapi/runtime@^1.7.0
1754 silly packumentCache full:https://registry.npmjs.org/@emnapi%2fruntime cache-miss
1755 http fetch GET 200 https://registry.npmjs.org/@emnapi%2fruntime 988ms (cache miss)
1756 silly packumentCache full:https://registry.npmjs.org/@emnapi%2fruntime set size:undefined disposed:false
1757 silly placeDep ROOT @emnapi/runtime@1.11.3 OK for: @img/sharp-wasm32@0.34.5 want: ^1.7.0
1758 silly fetch manifest tslib@^2.4.0
1759 silly packumentCache full:https://registry.npmjs.org/tslib cache-miss
1760 http fetch GET 200 https://registry.npmjs.org/tslib 433ms (cache miss)
1761 silly packumentCache full:https://registry.npmjs.org/tslib set size:undefined disposed:false
1762 silly placeDep ROOT tslib@2.8.1 OK for: @emnapi/runtime@1.11.3 want: ^2.4.0
1763 silly placeDep ROOT @shikijs/core@3.23.0 OK for: shiki@3.23.0 want: 3.23.0
1764 silly placeDep ROOT @shikijs/engine-javascript@3.23.0 OK for: shiki@3.23.0 want: 3.23.0
1765 silly placeDep ROOT @shikijs/engine-oniguruma@3.23.0 OK for: shiki@3.23.0 want: 3.23.0
1766 silly placeDep ROOT @shikijs/langs@3.23.0 OK for: shiki@3.23.0 want: 3.23.0
1767 silly placeDep ROOT @shikijs/themes@3.23.0 OK for: shiki@3.23.0 want: 3.23.0
1768 silly placeDep ROOT @shikijs/types@3.23.0 OK for: shiki@3.23.0 want: 3.23.0
1769 silly placeDep ROOT @shikijs/vscode-textmate@10.0.2 OK for: shiki@3.23.0 want: ^10.0.2
1770 silly fetch manifest oniguruma-to-es@^4.3.4
1771 silly packumentCache full:https://registry.npmjs.org/oniguruma-to-es cache-miss
1772 http fetch GET 200 https://registry.npmjs.org/oniguruma-to-es 1111ms (cache miss)
1773 silly packumentCache full:https://registry.npmjs.org/oniguruma-to-es set size:undefined disposed:false
1774 silly placeDep ROOT oniguruma-to-es@4.3.6 OK for: @shikijs/engine-javascript@3.23.0 want: ^4.3.4
1775 silly fetch manifest oniguruma-parser@^0.12.2
1776 silly packumentCache full:https://registry.npmjs.org/oniguruma-parser cache-miss
1777 silly fetch manifest regex@^6.1.0
1778 silly packumentCache full:https://registry.npmjs.org/regex cache-miss
1779 silly fetch manifest regex-recursion@^6.0.2
1780 silly packumentCache full:https://registry.npmjs.org/regex-recursion cache-miss
1781 http fetch GET 200 https://registry.npmjs.org/oniguruma-parser 1026ms (cache miss)
1782 silly packumentCache full:https://registry.npmjs.org/oniguruma-parser set size:undefined disposed:false
1783 http fetch GET 200 https://registry.npmjs.org/regex-recursion 1105ms (cache miss)
1784 silly packumentCache full:https://registry.npmjs.org/regex-recursion set size:undefined disposed:false
1785 http fetch GET 200 https://registry.npmjs.org/regex 2595ms (cache miss)
1786 silly packumentCache full:https://registry.npmjs.org/regex set size:undefined disposed:false
1787 silly placeDep ROOT oniguruma-parser@0.12.2 OK for: oniguruma-to-es@4.3.6 want: ^0.12.2
1788 silly placeDep ROOT regex@6.1.0 OK for: oniguruma-to-es@4.3.6 want: ^6.1.0
1789 silly placeDep ROOT regex-recursion@6.0.2 OK for: oniguruma-to-es@4.3.6 want: ^6.0.2
1790 silly fetch manifest regex-utilities@^2.3.0
1791 silly packumentCache full:https://registry.npmjs.org/regex-utilities cache-miss
1792 silly fetch manifest regex-utilities@^2.3.0
1793 silly packumentCache full:https://registry.npmjs.org/regex-utilities cache-miss
1794 http fetch GET 200 https://registry.npmjs.org/regex-utilities 533ms (cache miss)
1795 silly packumentCache full:https://registry.npmjs.org/regex-utilities set size:undefined disposed:false
1796 http fetch GET 200 https://registry.npmjs.org/regex-utilities 791ms (cache miss)
1797 silly packumentCache full:https://registry.npmjs.org/regex-utilities set size:undefined disposed:false
1798 silly placeDep ROOT regex-utilities@2.3.0 OK for: regex@6.1.0 want: ^2.3.0
1799 silly placeDep ROOT emoji-regex@10.6.0 OK for: string-width@7.2.0 want: ^10.3.0
1800 silly placeDep ROOT get-east-asian-width@1.6.0 OK for: string-width@7.2.0 want: ^1.0.0
1801 silly placeDep ROOT strip-ansi@7.2.0 OK for: string-width@7.2.0 want: ^7.1.0
1802 silly fetch manifest ansi-regex@^6.2.2
1803 silly packumentCache full:https://registry.npmjs.org/ansi-regex cache-miss
1804 http fetch GET 200 https://registry.npmjs.org/ansi-regex 625ms (cache miss)
1805 silly packumentCache full:https://registry.npmjs.org/ansi-regex set size:undefined disposed:false
1806 silly placeDep ROOT character-entities-html4@2.1.0 OK for: stringify-entities@4.0.4 want: ^2.0.0
1807 silly placeDep ROOT character-entities-legacy@3.0.0 OK for: stringify-entities@4.0.4 want: ^3.0.0
1808 silly placeDep ROOT ansi-regex@6.3.0 OK for: strip-ansi@7.2.0 want: ^6.2.2
1809 silly placeDep ROOT commander@11.1.0 OK for: svgo@4.1.0 want: ^11.1.0
1810 silly placeDep ROOT css-select@6.0.0 OK for: svgo@4.1.0 want: ^6.0.0
1811 silly placeDep ROOT css-tree@3.2.1 OK for: svgo@4.1.0 want: ^3.0.1
1812 silly placeDep ROOT css-what@7.0.0 OK for: svgo@4.1.0 want: ^7.0.0
1813 silly placeDep ROOT csso@5.0.5 OK for: svgo@4.1.0 want: ^5.0.5
1814 silly placeDep ROOT picocolors@1.1.1 OK for: svgo@4.1.0 want: ^1.1.1
1815 silly placeDep ROOT sax@1.6.1 OK for: svgo@4.1.0 want: 1.6.1
1816 silly fetch manifest boolbase@^1.0.0
1817 silly packumentCache full:https://registry.npmjs.org/boolbase cache-miss
1818 silly fetch manifest domutils@^3.2.2
1819 silly packumentCache full:https://registry.npmjs.org/domutils cache-miss
1820 silly fetch manifest nth-check@^2.1.1
1821 silly packumentCache full:https://registry.npmjs.org/nth-check cache-miss
1822 silly fetch manifest domhandler@^5.0.3
1823 silly packumentCache full:https://registry.npmjs.org/domhandler cache-miss
1824 silly fetch manifest mdn-data@2.27.1
1825 silly packumentCache full:https://registry.npmjs.org/mdn-data cache-miss
1826 silly fetch manifest css-tree@~2.2.0
1827 silly packumentCache full:https://registry.npmjs.org/css-tree cache-hit
1828 http fetch GET 200 https://registry.npmjs.org/domhandler 831ms (cache miss)
1829 silly packumentCache full:https://registry.npmjs.org/domhandler set size:undefined disposed:false
1830 http fetch GET 200 https://registry.npmjs.org/nth-check 861ms (cache miss)
1831 silly packumentCache full:https://registry.npmjs.org/nth-check set size:undefined disposed:false
1832 http fetch GET 200 https://registry.npmjs.org/boolbase 901ms (cache miss)
1833 silly packumentCache full:https://registry.npmjs.org/boolbase set size:undefined disposed:false
1834 http fetch GET 200 https://registry.npmjs.org/domutils 975ms (cache miss)
1835 silly packumentCache full:https://registry.npmjs.org/domutils set size:undefined disposed:false
1836 http fetch GET 200 https://registry.npmjs.org/mdn-data 2131ms (cache miss)
1837 silly packumentCache full:https://registry.npmjs.org/mdn-data set size:undefined disposed:false
1838 silly placeDep ROOT boolbase@1.0.0 OK for: css-select@6.0.0 want: ^1.0.0
1839 silly placeDep ROOT domhandler@5.0.3 OK for: css-select@6.0.0 want: ^5.0.3
1840 silly placeDep ROOT domutils@3.2.2 OK for: css-select@6.0.0 want: ^3.2.2
1841 silly placeDep ROOT nth-check@2.1.1 OK for: css-select@6.0.0 want: ^2.1.1
1842 silly fetch manifest domelementtype@^2.3.0
1843 silly packumentCache full:https://registry.npmjs.org/domelementtype cache-miss
1844 silly fetch manifest dom-serializer@^2.0.0
1845 silly packumentCache full:https://registry.npmjs.org/dom-serializer cache-miss
1846 silly fetch manifest domelementtype@^2.3.0
1847 silly packumentCache full:https://registry.npmjs.org/domelementtype cache-miss
1848 http fetch GET 200 https://registry.npmjs.org/domelementtype 300ms (cache miss)
1849 silly packumentCache full:https://registry.npmjs.org/domelementtype set size:undefined disposed:false
1850 http fetch GET 200 https://registry.npmjs.org/domelementtype 900ms (cache miss)
1851 silly packumentCache full:https://registry.npmjs.org/domelementtype set size:undefined disposed:false
1852 http fetch GET 200 https://registry.npmjs.org/dom-serializer 1029ms (cache miss)
1853 silly packumentCache full:https://registry.npmjs.org/dom-serializer set size:undefined disposed:false
1854 silly placeDep ROOT mdn-data@2.27.1 OK for: css-tree@3.2.1 want: 2.27.1
1855 silly placeDep node_modules/csso css-tree@2.2.1 OK for: csso@5.0.5 want: ~2.2.0
1856 silly fetch manifest mdn-data@2.0.28
1857 silly packumentCache full:https://registry.npmjs.org/mdn-data cache-miss
1858 http cache https://registry.npmjs.org/mdn-data 9ms (cache hit)
1859 silly packumentCache full:https://registry.npmjs.org/mdn-data set size:191647 disposed:false
1860 silly placeDep ROOT domelementtype@2.3.0 OK for: domhandler@5.0.3 want: ^2.3.0
1861 silly placeDep ROOT dom-serializer@2.0.0 OK for: domutils@3.2.2 want: ^2.0.0
1862 silly fetch manifest entities@^4.2.0
1863 silly packumentCache full:https://registry.npmjs.org/entities cache-miss
1864 http cache https://registry.npmjs.org/entities 5ms (cache hit)
1865 silly packumentCache full:https://registry.npmjs.org/entities set size:104868 disposed:false
1866 silly placeDep node_modules/dom-serializer entities@4.5.0 OK for: dom-serializer@2.0.0 want: ^4.2.0
1867 silly fetch manifest picomatch@^4.0.4
1868 silly packumentCache full:https://registry.npmjs.org/picomatch cache-hit
1869 silly placeDep ROOT fdir@6.5.0 OK for: tinyglobby@0.2.17 want: ^6.5.0
1870 silly placeDep ROOT bail@2.0.2 OK for: unified@11.0.5 want: ^2.0.0
1871 silly placeDep ROOT extend@3.0.2 OK for: unified@11.0.5 want: ^3.0.0
1872 silly placeDep ROOT is-plain-obj@4.1.0 OK for: unified@11.0.5 want: ^4.0.0
1873 silly placeDep ROOT trough@2.2.0 OK for: unified@11.0.5 want: ^2.0.0
1874 silly placeDep ROOT ohash@2.0.12 OK for: unifont@0.7.5 want: ^2.0.11
1875 silly placeDep ROOT undici@8.10.2 OK for: unifont@0.7.5 want: ^8.0.0
1876 silly placeDep ROOT array-iterate@2.0.1 OK for: unist-util-modify-children@4.0.0 want: ^2.0.0
1877 silly placeDep ROOT anymatch@3.1.3 OK for: unstorage@1.17.5 want: ^3.1.3
1878 silly placeDep ROOT chokidar@5.0.0 OK for: unstorage@1.17.5 want: ^5.0.0
1879 silly placeDep ROOT destr@2.0.5 OK for: unstorage@1.17.5 want: ^2.0.5
1880 silly placeDep ROOT h3@1.15.11 OK for: unstorage@1.17.5 want: ^1.15.10
1881 silly placeDep ROOT lru-cache@11.5.2 OK for: unstorage@1.17.5 want: ^11.2.7
1882 silly placeDep ROOT node-fetch-native@1.6.7 OK for: unstorage@1.17.5 want: ^1.6.7
1883 silly placeDep ROOT ofetch@1.5.1 OK for: unstorage@1.17.5 want: ^1.5.1
1884 silly placeDep ROOT ufo@1.6.4 OK for: unstorage@1.17.5 want: ^1.6.3
1885 silly fetch manifest picomatch@^2.0.4
1886 silly packumentCache full:https://registry.npmjs.org/picomatch cache-hit
1887 silly fetch manifest normalize-path@^3.0.0
1888 silly packumentCache full:https://registry.npmjs.org/normalize-path cache-miss
1889 silly fetch manifest readdirp@^5.0.0
1890 silly packumentCache full:https://registry.npmjs.org/readdirp cache-miss
1891 silly fetch manifest defu@^6.1.6
1892 silly packumentCache full:https://registry.npmjs.org/defu cache-miss
1893 silly fetch manifest radix3@^1.1.2
1894 silly packumentCache full:https://registry.npmjs.org/radix3 cache-miss
1895 silly fetch manifest crossws@^0.3.5
1896 silly packumentCache full:https://registry.npmjs.org/crossws cache-miss
1897 silly fetch manifest uncrypto@^0.1.3
1898 silly packumentCache full:https://registry.npmjs.org/uncrypto cache-miss
1899 silly fetch manifest cookie-es@^1.2.3
1900 silly packumentCache full:https://registry.npmjs.org/cookie-es cache-miss
1901 silly fetch manifest iron-webcrypto@^1.2.1
1902 silly packumentCache full:https://registry.npmjs.org/iron-webcrypto cache-miss
1903 silly fetch manifest node-mock-http@^1.0.4
1904 silly packumentCache full:https://registry.npmjs.org/node-mock-http cache-miss
1905 silly fetch manifest ufo@^1.6.1
1906 silly packumentCache full:https://registry.npmjs.org/ufo cache-miss
1907 http cache https://registry.npmjs.org/crossws 16ms (cache hit)
1908 silly packumentCache full:https://registry.npmjs.org/crossws set size:120040 disposed:false
1909 http cache https://registry.npmjs.org/ufo 19ms (cache hit)
1910 silly packumentCache full:https://registry.npmjs.org/ufo set size:169119 disposed:false
1911 http fetch GET 200 https://registry.npmjs.org/node-mock-http 353ms (cache miss)
1912 silly packumentCache full:https://registry.npmjs.org/node-mock-http set size:undefined disposed:false
1913 http fetch GET 200 https://registry.npmjs.org/uncrypto 403ms (cache miss)
1914 silly packumentCache full:https://registry.npmjs.org/uncrypto set size:undefined disposed:false
1915 http fetch GET 200 https://registry.npmjs.org/normalize-path 428ms (cache miss)
1916 silly packumentCache full:https://registry.npmjs.org/normalize-path set size:undefined disposed:false
1917 http fetch GET 200 https://registry.npmjs.org/radix3 935ms (cache miss)
1918 silly packumentCache full:https://registry.npmjs.org/radix3 set size:undefined disposed:false
1919 http fetch GET 200 https://registry.npmjs.org/cookie-es 974ms (cache miss)
1920 silly packumentCache full:https://registry.npmjs.org/cookie-es set size:undefined disposed:false
1921 http fetch GET 200 https://registry.npmjs.org/iron-webcrypto 1012ms (cache miss)
1922 silly packumentCache full:https://registry.npmjs.org/iron-webcrypto set size:undefined disposed:false
1923 http fetch GET 200 https://registry.npmjs.org/readdirp 1354ms (cache miss)
1924 silly packumentCache full:https://registry.npmjs.org/readdirp set size:undefined disposed:false
1925 http fetch GET 200 https://registry.npmjs.org/defu 2504ms (cache miss)
1926 silly packumentCache full:https://registry.npmjs.org/defu set size:undefined disposed:false
1927 silly placeDep ROOT normalize-path@3.0.0 OK for: anymatch@3.1.3 want: ^3.0.0
1928 silly placeDep node_modules/anymatch picomatch@2.3.2 OK for: anymatch@3.1.3 want: ^2.0.4
1929 silly placeDep ROOT readdirp@5.1.1 OK for: chokidar@5.0.0 want: ^5.0.0
1930 silly placeDep ROOT cookie-es@1.2.3 OK for: h3@1.15.11 want: ^1.2.3
1931 silly placeDep ROOT crossws@0.3.5 OK for: h3@1.15.11 want: ^0.3.5
1932 silly placeDep ROOT defu@6.1.7 OK for: h3@1.15.11 want: ^6.1.6
1933 silly placeDep ROOT iron-webcrypto@1.2.1 OK for: h3@1.15.11 want: ^1.2.1
1934 silly placeDep ROOT node-mock-http@1.0.5 OK for: h3@1.15.11 want: ^1.0.4
1935 silly placeDep ROOT radix3@1.1.2 OK for: h3@1.15.11 want: ^1.1.2
1936 silly placeDep ROOT uncrypto@0.1.3 OK for: h3@1.15.11 want: ^0.1.3
1937 silly placeDep ROOT base64-arraybuffer@1.0.2 OK for: utrie@1.0.2 want: ^1.0.2
1938 silly placeDep node_modules/vite esbuild@0.25.12 OK for: vite@6.4.3 want: ^0.25.0
1939 silly placeDep ROOT fsevents@2.3.3 OK for: vite@6.4.3 want: ~2.3.3
1940 silly placeDep ROOT postcss@8.5.28 OK for: vite@6.4.3 want: ^8.5.3
1941 silly placeDep ROOT rollup@4.63.3 OK for: vite@6.4.3 want: ^4.34.9
1942 silly fetch manifest @esbuild/aix-ppc64@0.25.12
1943 silly packumentCache full:https://registry.npmjs.org/@esbuild%2faix-ppc64 cache-miss
1944 silly fetch manifest @esbuild/linux-arm@0.25.12
1945 silly packumentCache full:https://registry.npmjs.org/@esbuild%2flinux-arm cache-miss
1946 silly fetch manifest @esbuild/linux-x64@0.25.12
1947 silly packumentCache full:https://registry.npmjs.org/@esbuild%2flinux-x64 cache-miss
1948 silly fetch manifest @esbuild/sunos-x64@0.25.12
1949 silly packumentCache full:https://registry.npmjs.org/@esbuild%2fsunos-x64 cache-miss
1950 silly fetch manifest @esbuild/win32-x64@0.25.12
1951 silly packumentCache full:https://registry.npmjs.org/@esbuild%2fwin32-x64 cache-miss
1952 silly fetch manifest @esbuild/darwin-x64@0.25.12
1953 silly packumentCache full:https://registry.npmjs.org/@esbuild%2fdarwin-x64 cache-miss
1954 silly fetch manifest @esbuild/linux-ia32@0.25.12
1955 silly packumentCache full:https://registry.npmjs.org/@esbuild%2flinux-ia32 cache-miss
1956 silly fetch manifest @esbuild/netbsd-x64@0.25.12
1957 silly packumentCache full:https://registry.npmjs.org/@esbuild%2fnetbsd-x64 cache-miss
1958 silly fetch manifest @esbuild/win32-ia32@0.25.12
1959 silly packumentCache full:https://registry.npmjs.org/@esbuild%2fwin32-ia32 cache-miss
1960 silly fetch manifest @esbuild/android-arm@0.25.12
1961 silly packumentCache full:https://registry.npmjs.org/@esbuild%2fandroid-arm cache-miss
1962 silly fetch manifest @esbuild/android-x64@0.25.12
1963 silly packumentCache full:https://registry.npmjs.org/@esbuild%2fandroid-x64 cache-miss
1964 silly fetch manifest @esbuild/freebsd-x64@0.25.12
1965 silly packumentCache full:https://registry.npmjs.org/@esbuild%2ffreebsd-x64 cache-miss
1966 silly fetch manifest @esbuild/linux-arm64@0.25.12
1967 silly packumentCache full:https://registry.npmjs.org/@esbuild%2flinux-arm64 cache-miss
1968 silly fetch manifest @esbuild/linux-ppc64@0.25.12
1969 silly packumentCache full:https://registry.npmjs.org/@esbuild%2flinux-ppc64 cache-miss
1970 silly fetch manifest @esbuild/linux-s390x@0.25.12
1971 silly packumentCache full:https://registry.npmjs.org/@esbuild%2flinux-s390x cache-miss
1972 http cache https://registry.npmjs.org/@esbuild%2flinux-x64 33ms (cache hit)
1973 silly packumentCache full:https://registry.npmjs.org/@esbuild%2flinux-x64 set size:198942 disposed:false
1974 silly fetch manifest @esbuild/openbsd-x64@0.25.12
1975 silly packumentCache full:https://registry.npmjs.org/@esbuild%2fopenbsd-x64 cache-miss
1976 http cache https://registry.npmjs.org/@esbuild%2fnetbsd-x64 34ms (cache hit)
1977 silly packumentCache full:https://registry.npmjs.org/@esbuild%2fnetbsd-x64 set size:197314 disposed:false
1978 silly fetch manifest @esbuild/win32-arm64@0.25.12
1979 silly packumentCache full:https://registry.npmjs.org/@esbuild%2fwin32-arm64 cache-miss
1980 http cache https://registry.npmjs.org/@esbuild%2flinux-arm 39ms (cache hit)
1981 silly packumentCache full:https://registry.npmjs.org/@esbuild%2flinux-arm set size:198596 disposed:false
1982 silly fetch manifest @esbuild/darwin-arm64@0.25.12
1983 silly packumentCache full:https://registry.npmjs.org/@esbuild%2fdarwin-arm64 cache-miss
1984 http cache https://registry.npmjs.org/@esbuild%2faix-ppc64 40ms (cache hit)
1985 silly packumentCache full:https://registry.npmjs.org/@esbuild%2faix-ppc64 set size:67797 disposed:false
1986 silly fetch manifest @esbuild/netbsd-arm64@0.25.12
1987 silly packumentCache full:https://registry.npmjs.org/@esbuild%2fnetbsd-arm64 cache-miss
1988 http cache https://registry.npmjs.org/@esbuild%2fdarwin-x64 41ms (cache hit)
1989 silly packumentCache full:https://registry.npmjs.org/@esbuild%2fdarwin-x64 set size:199670 disposed:false
1990 silly fetch manifest @esbuild/android-arm64@0.25.12
1991 silly packumentCache full:https://registry.npmjs.org/@esbuild%2fandroid-arm64 cache-miss
1992 http cache https://registry.npmjs.org/@esbuild%2fandroid-x64 41ms (cache hit)
1993 silly packumentCache full:https://registry.npmjs.org/@esbuild%2fandroid-x64 set size:199017 disposed:false
1994 silly fetch manifest @esbuild/freebsd-arm64@0.25.12
1995 silly packumentCache full:https://registry.npmjs.org/@esbuild%2ffreebsd-arm64 cache-miss
1996 http cache https://registry.npmjs.org/@esbuild%2flinux-ia32 45ms (cache hit)
1997 silly packumentCache full:https://registry.npmjs.org/@esbuild%2flinux-ia32 set size:199625 disposed:false
1998 silly fetch manifest @esbuild/linux-loong64@0.25.12
1999 silly packumentCache full:https://registry.npmjs.org/@esbuild%2flinux-loong64 cache-miss
2000 http cache https://registry.npmjs.org/@esbuild%2fsunos-x64 50ms (cache hit)
2001 silly packumentCache full:https://registry.npmjs.org/@esbuild%2fsunos-x64 set size:199187 disposed:false
2002 silly fetch manifest @esbuild/linux-riscv64@0.25.12
2003 silly packumentCache full:https://registry.npmjs.org/@esbuild%2flinux-riscv64 cache-miss
2004 http cache https://registry.npmjs.org/@esbuild%2fwin32-x64 53ms (cache hit)
2005 silly packumentCache full:https://registry.npmjs.org/@esbuild%2fwin32-x64 set size:197540 disposed:false
2006 silly fetch manifest @esbuild/openbsd-arm64@0.25.12
2007 silly packumentCache full:https://registry.npmjs.org/@esbuild%2fopenbsd-arm64 cache-miss
2008 http cache https://registry.npmjs.org/@esbuild%2fandroid-arm 56ms (cache hit)
2009 silly packumentCache full:https://registry.npmjs.org/@esbuild%2fandroid-arm set size:225217 disposed:false
2010 silly fetch manifest @esbuild/linux-mips64el@0.25.12
2011 silly packumentCache full:https://registry.npmjs.org/@esbuild%2flinux-mips64el cache-miss
2012 http cache https://registry.npmjs.org/@esbuild%2fwin32-ia32 58ms (cache hit)
2013 silly packumentCache full:https://registry.npmjs.org/@esbuild%2fwin32-ia32 set size:199854 disposed:false
2014 silly fetch manifest @esbuild/openharmony-arm64@0.25.12
2015 silly packumentCache full:https://registry.npmjs.org/@esbuild%2fopenharmony-arm64 cache-miss
2016 http cache https://registry.npmjs.org/@esbuild%2ffreebsd-x64 59ms (cache hit)
2017 silly packumentCache full:https://registry.npmjs.org/@esbuild%2ffreebsd-x64 set size:200565 disposed:false
2018 silly fetch manifest nanoid@^3.3.18
2019 silly packumentCache full:https://registry.npmjs.org/nanoid cache-miss
2020 http cache https://registry.npmjs.org/@esbuild%2flinux-ppc64 62ms (cache hit)
2021 silly packumentCache full:https://registry.npmjs.org/@esbuild%2flinux-ppc64 set size:202845 disposed:false
2022 silly fetch manifest @rollup/rollup-darwin-x64@4.63.3
2023 silly packumentCache full:https://registry.npmjs.org/@rollup%2frollup-darwin-x64 cache-miss
2024 http cache https://registry.npmjs.org/@esbuild%2flinux-arm64 65ms (cache hit)
2025 silly packumentCache full:https://registry.npmjs.org/@esbuild%2flinux-arm64 set size:200773 disposed:false
2026 silly fetch manifest @rollup/rollup-freebsd-x64@4.63.3
2027 silly packumentCache full:https://registry.npmjs.org/@rollup%2frollup-freebsd-x64 cache-miss
2028 http cache https://registry.npmjs.org/@esbuild%2flinux-s390x 70ms (cache hit)
2029 silly packumentCache full:https://registry.npmjs.org/@esbuild%2flinux-s390x set size:202310 disposed:false
2030 silly fetch manifest @rollup/rollup-openbsd-x64@4.63.3
2031 silly packumentCache full:https://registry.npmjs.org/@rollup%2frollup-openbsd-x64 cache-miss
2032 http cache https://registry.npmjs.org/@esbuild%2fnetbsd-arm64 58ms (cache hit)
2033 silly packumentCache full:https://registry.npmjs.org/@esbuild%2fnetbsd-arm64 set size:44308 disposed:false
2034 silly fetch manifest @napi-rs/lzma-linux-x64-gnu@1.5.1
2035 silly packumentCache full:https://registry.npmjs.org/@napi-rs%2flzma-linux-x64-gnu cache-miss
2036 http cache https://registry.npmjs.org/@esbuild%2fwin32-arm64 64ms (cache hit)
2037 silly packumentCache full:https://registry.npmjs.org/@esbuild%2fwin32-arm64 set size:201005 disposed:false
2038 silly fetch manifest @rollup/rollup-darwin-arm64@4.63.3
2039 silly packumentCache full:https://registry.npmjs.org/@rollup%2frollup-darwin-arm64 cache-miss
2040 http cache https://registry.npmjs.org/@esbuild%2fopenbsd-x64 69ms (cache hit)
2041 silly packumentCache full:https://registry.npmjs.org/@esbuild%2fopenbsd-x64 set size:200576 disposed:false
2042 silly fetch manifest @rollup/rollup-android-arm64@4.63.3
2043 silly packumentCache full:https://registry.npmjs.org/@rollup%2frollup-android-arm64 cache-miss
2044 http cache https://registry.npmjs.org/@esbuild%2fandroid-arm64 63ms (cache hit)
2045 silly packumentCache full:https://registry.npmjs.org/@esbuild%2fandroid-arm64 set size:204216 disposed:false
2046 silly fetch manifest @rollup/rollup-freebsd-arm64@4.63.3
2047 silly packumentCache full:https://registry.npmjs.org/@rollup%2frollup-freebsd-arm64 cache-miss
2048 http cache https://registry.npmjs.org/@esbuild%2fdarwin-arm64 69ms (cache hit)
2049 silly packumentCache full:https://registry.npmjs.org/@esbuild%2fdarwin-arm64 set size:201471 disposed:false
2050 silly fetch manifest @rollup/rollup-linux-x64-gnu@4.63.3
2051 silly packumentCache full:https://registry.npmjs.org/@rollup%2frollup-linux-x64-gnu cache-miss
2052 http cache https://registry.npmjs.org/@esbuild%2flinux-riscv64 59ms (cache hit)
2053 silly packumentCache full:https://registry.npmjs.org/@esbuild%2flinux-riscv64 set size:202512 disposed:false
2054 silly fetch manifest @rollup/rollup-win32-x64-gnu@4.63.3
2055 silly packumentCache full:https://registry.npmjs.org/@rollup%2frollup-win32-x64-gnu cache-miss
2056 http cache https://registry.npmjs.org/@esbuild%2flinux-loong64 64ms (cache hit)
2057 silly packumentCache full:https://registry.npmjs.org/@esbuild%2flinux-loong64 set size:255749 disposed:false
2058 silly fetch manifest @rollup/rollup-linux-x64-musl@4.63.3
2059 silly packumentCache full:https://registry.npmjs.org/@rollup%2frollup-linux-x64-musl cache-miss
2060 http cache https://registry.npmjs.org/@esbuild%2ffreebsd-arm64 72ms (cache hit)
2061 silly packumentCache full:https://registry.npmjs.org/@esbuild%2ffreebsd-arm64 set size:202383 disposed:false
2062 silly fetch manifest @rollup/rollup-win32-x64-msvc@4.63.3
2063 silly packumentCache full:https://registry.npmjs.org/@rollup%2frollup-win32-x64-msvc cache-miss
2064 http cache https://registry.npmjs.org/@esbuild%2flinux-mips64el 63ms (cache hit)
2065 silly packumentCache full:https://registry.npmjs.org/@esbuild%2flinux-mips64el set size:204633 disposed:false
2066 silly fetch manifest @rollup/rollup-linux-arm64-gnu@4.63.3
2067 silly packumentCache full:https://registry.npmjs.org/@rollup%2frollup-linux-arm64-gnu cache-miss
2068 http cache https://registry.npmjs.org/@esbuild%2fopenbsd-arm64 71ms (cache hit)
2069 silly packumentCache full:https://registry.npmjs.org/@esbuild%2fopenbsd-arm64 set size:49642 disposed:false
2070 silly fetch manifest @rollup/rollup-linux-ppc64-gnu@4.63.3
2071 silly packumentCache full:https://registry.npmjs.org/@rollup%2frollup-linux-ppc64-gnu cache-miss
2072 http cache https://registry.npmjs.org/@esbuild%2fopenharmony-arm64 67ms (cache hit)
2073 silly packumentCache full:https://registry.npmjs.org/@esbuild%2fopenharmony-arm64 set size:33054 disposed:false
2074 silly fetch manifest @rollup/rollup-linux-s390x-gnu@4.63.3
2075 silly packumentCache full:https://registry.npmjs.org/@rollup%2frollup-linux-s390x-gnu cache-miss
2076 http fetch GET 200 https://registry.npmjs.org/@rollup%2frollup-openbsd-x64 523ms (cache miss)
2077 silly packumentCache full:https://registry.npmjs.org/@rollup%2frollup-openbsd-x64 set size:undefined disposed:false
2078 silly fetch manifest @rollup/rollup-win32-ia32-msvc@4.63.3
2079 silly packumentCache full:https://registry.npmjs.org/@rollup%2frollup-win32-ia32-msvc cache-miss
2080 http fetch GET 200 https://registry.npmjs.org/@napi-rs%2flzma-linux-x64-gnu 550ms (cache miss)
2081 silly packumentCache full:https://registry.npmjs.org/@napi-rs%2flzma-linux-x64-gnu set size:undefined disposed:false
2082 silly fetch manifest @rollup/rollup-android-arm-eabi@4.63.3
2083 silly packumentCache full:https://registry.npmjs.org/@rollup%2frollup-android-arm-eabi cache-miss
2084 http fetch GET 200 https://registry.npmjs.org/@rollup%2frollup-win32-x64-gnu 747ms (cache miss)
2085 silly packumentCache full:https://registry.npmjs.org/@rollup%2frollup-win32-x64-gnu set size:undefined disposed:false
2086 silly fetch manifest @rollup/rollup-linux-arm64-musl@4.63.3
2087 silly packumentCache full:https://registry.npmjs.org/@rollup%2frollup-linux-arm64-musl cache-miss
2088 http fetch GET 200 https://registry.npmjs.org/@rollup%2frollup-linux-ppc64-gnu 970ms (cache miss)
2089 silly packumentCache full:https://registry.npmjs.org/@rollup%2frollup-linux-ppc64-gnu set size:undefined disposed:false
2090 silly fetch manifest @rollup/rollup-linux-ppc64-musl@4.63.3
2091 silly packumentCache full:https://registry.npmjs.org/@rollup%2frollup-linux-ppc64-musl cache-miss
2092 http fetch GET 200 https://registry.npmjs.org/@rollup%2frollup-freebsd-arm64 1012ms (cache miss)
2093 silly packumentCache full:https://registry.npmjs.org/@rollup%2frollup-freebsd-arm64 set size:undefined disposed:false
2094 silly fetch manifest @rollup/rollup-win32-arm64-msvc@4.63.3
2095 silly packumentCache full:https://registry.npmjs.org/@rollup%2frollup-win32-arm64-msvc cache-miss
2096 http fetch GET 200 https://registry.npmjs.org/@rollup%2frollup-freebsd-x64 1127ms (cache miss)
2097 silly packumentCache full:https://registry.npmjs.org/@rollup%2frollup-freebsd-x64 set size:undefined disposed:false
2098 silly fetch manifest @rollup/rollup-linux-loong64-gnu@4.63.3
2099 silly packumentCache full:https://registry.npmjs.org/@rollup%2frollup-linux-loong64-gnu cache-miss
2100 http fetch GET 200 https://registry.npmjs.org/@rollup%2frollup-android-arm-eabi 618ms (cache miss)
2101 silly packumentCache full:https://registry.npmjs.org/@rollup%2frollup-android-arm-eabi set size:undefined disposed:false
2102 silly fetch manifest @rollup/rollup-linux-riscv64-gnu@4.63.3
2103 silly packumentCache full:https://registry.npmjs.org/@rollup%2frollup-linux-riscv64-gnu cache-miss
2104 http fetch GET 200 https://registry.npmjs.org/@rollup%2frollup-linux-ppc64-musl 690ms (cache miss)
2105 silly packumentCache full:https://registry.npmjs.org/@rollup%2frollup-linux-ppc64-musl set size:undefined disposed:false
2106 silly fetch manifest @rollup/rollup-openharmony-arm64@4.63.3
2107 silly packumentCache full:https://registry.npmjs.org/@rollup%2frollup-openharmony-arm64 cache-miss
2108 http fetch GET 200 https://registry.npmjs.org/@rollup%2frollup-linux-loong64-gnu 769ms (cache miss)
2109 silly packumentCache full:https://registry.npmjs.org/@rollup%2frollup-linux-loong64-gnu set size:undefined disposed:false
2110 silly fetch manifest @rollup/rollup-linux-loong64-musl@4.63.3
2111 silly packumentCache full:https://registry.npmjs.org/@rollup%2frollup-linux-loong64-musl cache-miss
2112 http fetch GET 200 https://registry.npmjs.org/@rollup%2frollup-linux-arm64-gnu 1863ms (cache miss)
2113 silly packumentCache full:https://registry.npmjs.org/@rollup%2frollup-linux-arm64-gnu set size:undefined disposed:false
2114 silly fetch manifest @rollup/rollup-linux-riscv64-musl@4.63.3
2115 silly packumentCache full:https://registry.npmjs.org/@rollup%2frollup-linux-riscv64-musl cache-miss
2116 http fetch GET 200 https://registry.npmjs.org/@rollup%2frollup-android-arm64 1904ms (cache miss)
2117 silly packumentCache full:https://registry.npmjs.org/@rollup%2frollup-android-arm64 set size:undefined disposed:false
2118 silly fetch manifest @rollup/rollup-linux-arm-gnueabihf@4.63.3
2119 silly packumentCache full:https://registry.npmjs.org/@rollup%2frollup-linux-arm-gnueabihf cache-miss
2120 http fetch GET 200 https://registry.npmjs.org/@rollup%2frollup-linux-riscv64-gnu 804ms (cache miss)
2121 silly packumentCache full:https://registry.npmjs.org/@rollup%2frollup-linux-riscv64-gnu set size:undefined disposed:false
2122 silly fetch manifest @rollup/rollup-linux-arm-musleabihf@4.63.3
2123 silly packumentCache full:https://registry.npmjs.org/@rollup%2frollup-linux-arm-musleabihf cache-miss
2124 http fetch GET 200 https://registry.npmjs.org/@rollup%2frollup-linux-x64-gnu 1981ms (cache miss)
2125 silly packumentCache full:https://registry.npmjs.org/@rollup%2frollup-linux-x64-gnu set size:undefined disposed:false
2126 http fetch GET 200 https://registry.npmjs.org/@rollup%2frollup-darwin-x64 2042ms (cache miss)
2127 silly packumentCache full:https://registry.npmjs.org/@rollup%2frollup-darwin-x64 set size:undefined disposed:false
2128 http fetch GET 200 https://registry.npmjs.org/@rollup%2frollup-linux-loong64-musl 438ms (cache miss)
2129 silly packumentCache full:https://registry.npmjs.org/@rollup%2frollup-linux-loong64-musl set size:undefined disposed:false
2130 http fetch GET 200 https://registry.npmjs.org/@rollup%2frollup-linux-arm-musleabihf 493ms (cache miss)
2131 silly packumentCache full:https://registry.npmjs.org/@rollup%2frollup-linux-arm-musleabihf set size:undefined disposed:false
2132 http fetch GET 200 https://registry.npmjs.org/@rollup%2frollup-win32-arm64-msvc 1466ms (cache miss)
2133 silly packumentCache full:https://registry.npmjs.org/@rollup%2frollup-win32-arm64-msvc set size:undefined disposed:false
2134 http fetch GET 200 https://registry.npmjs.org/nanoid 2565ms (cache miss)
2135 silly packumentCache full:https://registry.npmjs.org/nanoid set size:undefined disposed:false
2136 http fetch GET 200 https://registry.npmjs.org/@rollup%2frollup-openharmony-arm64 843ms (cache miss)
2137 silly packumentCache full:https://registry.npmjs.org/@rollup%2frollup-openharmony-arm64 set size:undefined disposed:false
2138 http fetch GET 200 https://registry.npmjs.org/@rollup%2frollup-linux-arm64-musl 1796ms (cache miss)
2139 silly packumentCache full:https://registry.npmjs.org/@rollup%2frollup-linux-arm64-musl set size:undefined disposed:false
2140 http fetch GET 200 https://registry.npmjs.org/@rollup%2frollup-win32-ia32-msvc 2241ms (cache miss)
2141 silly packumentCache full:https://registry.npmjs.org/@rollup%2frollup-win32-ia32-msvc set size:undefined disposed:false
2142 http fetch GET 200 https://registry.npmjs.org/@rollup%2frollup-linux-riscv64-musl 1196ms (cache miss)
2143 silly packumentCache full:https://registry.npmjs.org/@rollup%2frollup-linux-riscv64-musl set size:undefined disposed:false
2144 http fetch GET 200 https://registry.npmjs.org/@rollup%2frollup-darwin-arm64 3105ms (cache miss)
2145 silly packumentCache full:https://registry.npmjs.org/@rollup%2frollup-darwin-arm64 set size:undefined disposed:false
2146 http fetch GET 200 https://registry.npmjs.org/@rollup%2frollup-linux-s390x-gnu 3349ms (cache miss)
2147 silly packumentCache full:https://registry.npmjs.org/@rollup%2frollup-linux-s390x-gnu set size:undefined disposed:false
2148 http fetch GET 200 https://registry.npmjs.org/@rollup%2frollup-linux-x64-musl 3672ms (cache miss)
2149 silly packumentCache full:https://registry.npmjs.org/@rollup%2frollup-linux-x64-musl set size:undefined disposed:false
2150 http fetch GET 200 https://registry.npmjs.org/@rollup%2frollup-linux-arm-gnueabihf 1853ms (cache miss)
2151 silly packumentCache full:https://registry.npmjs.org/@rollup%2frollup-linux-arm-gnueabihf set size:undefined disposed:false
2152 http fetch GET 200 https://registry.npmjs.org/@rollup%2frollup-win32-x64-msvc 4226ms (cache miss)
2153 silly packumentCache full:https://registry.npmjs.org/@rollup%2frollup-win32-x64-msvc set size:undefined disposed:false
2154 silly placeDep ROOT nanoid@3.3.19 OK for: postcss@8.5.28 want: ^3.3.18
2155 silly placeDep ROOT @napi-rs/lzma-linux-x64-gnu@1.5.1 OK for: rollup@4.63.3 want: 1.5.1
2156 silly placeDep ROOT @rollup/rollup-android-arm-eabi@4.63.3 OK for: rollup@4.63.3 want: 4.63.3
2157 silly placeDep ROOT @rollup/rollup-android-arm64@4.63.3 OK for: rollup@4.63.3 want: 4.63.3
2158 silly placeDep ROOT @rollup/rollup-darwin-arm64@4.63.3 OK for: rollup@4.63.3 want: 4.63.3
2159 silly placeDep ROOT @rollup/rollup-darwin-x64@4.63.3 OK for: rollup@4.63.3 want: 4.63.3
2160 silly placeDep ROOT @rollup/rollup-freebsd-arm64@4.63.3 OK for: rollup@4.63.3 want: 4.63.3
2161 silly placeDep ROOT @rollup/rollup-freebsd-x64@4.63.3 OK for: rollup@4.63.3 want: 4.63.3
2162 silly placeDep ROOT @rollup/rollup-linux-arm-gnueabihf@4.63.3 OK for: rollup@4.63.3 want: 4.63.3
2163 silly placeDep ROOT @rollup/rollup-linux-arm-musleabihf@4.63.3 OK for: rollup@4.63.3 want: 4.63.3
2164 silly placeDep ROOT @rollup/rollup-linux-arm64-gnu@4.63.3 OK for: rollup@4.63.3 want: 4.63.3
2165 silly placeDep ROOT @rollup/rollup-linux-arm64-musl@4.63.3 OK for: rollup@4.63.3 want: 4.63.3
2166 silly placeDep ROOT @rollup/rollup-linux-loong64-gnu@4.63.3 OK for: rollup@4.63.3 want: 4.63.3
2167 silly placeDep ROOT @rollup/rollup-linux-loong64-musl@4.63.3 OK for: rollup@4.63.3 want: 4.63.3
2168 silly placeDep ROOT @rollup/rollup-linux-ppc64-gnu@4.63.3 OK for: rollup@4.63.3 want: 4.63.3
2169 silly placeDep ROOT @rollup/rollup-linux-ppc64-musl@4.63.3 OK for: rollup@4.63.3 want: 4.63.3
2170 silly placeDep ROOT @rollup/rollup-linux-riscv64-gnu@4.63.3 OK for: rollup@4.63.3 want: 4.63.3
2171 silly placeDep ROOT @rollup/rollup-linux-riscv64-musl@4.63.3 OK for: rollup@4.63.3 want: 4.63.3
2172 silly placeDep ROOT @rollup/rollup-linux-s390x-gnu@4.63.3 OK for: rollup@4.63.3 want: 4.63.3
2173 silly placeDep ROOT @rollup/rollup-linux-x64-gnu@4.63.3 OK for: rollup@4.63.3 want: 4.63.3
2174 silly placeDep ROOT @rollup/rollup-linux-x64-musl@4.63.3 OK for: rollup@4.63.3 want: 4.63.3
2175 silly placeDep ROOT @rollup/rollup-openbsd-x64@4.63.3 OK for: rollup@4.63.3 want: 4.63.3
2176 silly placeDep ROOT @rollup/rollup-openharmony-arm64@4.63.3 OK for: rollup@4.63.3 want: 4.63.3
2177 silly placeDep ROOT @rollup/rollup-win32-arm64-msvc@4.63.3 OK for: rollup@4.63.3 want: 4.63.3
2178 silly placeDep ROOT @rollup/rollup-win32-ia32-msvc@4.63.3 OK for: rollup@4.63.3 want: 4.63.3
2179 silly placeDep ROOT @rollup/rollup-win32-x64-gnu@4.63.3 OK for: rollup@4.63.3 want: 4.63.3
2180 silly placeDep ROOT @rollup/rollup-win32-x64-msvc@4.63.3 OK for: rollup@4.63.3 want: 4.63.3
2181 silly placeDep ROOT ansi-styles@6.2.3 OK for: wrap-ansi@9.0.2 want: ^6.2.1
2182 silly placeDep ROOT yoctocolors@2.2.0 OK for: yocto-spinner@0.2.3 want: ^2.1.1
2183 silly placeDep node_modules/ansi-align emoji-regex@8.0.0 OK for: string-width@4.2.3 want: ^8.0.0
2184 silly placeDep ROOT is-fullwidth-code-point@3.0.0 OK for: string-width@4.2.3 want: ^3.0.0
2185 silly placeDep node_modules/ansi-align strip-ansi@6.0.1 OK for: string-width@4.2.3 want: ^6.0.1
2186 silly fetch manifest ansi-regex@^5.0.1
2187 silly packumentCache full:https://registry.npmjs.org/ansi-regex cache-miss
2188 http cache https://registry.npmjs.org/ansi-regex 7ms (cache hit)
2189 silly packumentCache full:https://registry.npmjs.org/ansi-regex set size:48203 disposed:false
2190 silly placeDep node_modules/ansi-align ansi-regex@5.0.1 OK for: strip-ansi@6.0.1 want: ^5.0.1
2191 silly placeDep node_modules/csso mdn-data@2.0.28 OK for: css-tree@2.2.1 want: 2.0.28
2192 silly placeDep node_modules/vite @esbuild/aix-ppc64@0.25.12 OK for: esbuild@0.25.12 want: 0.25.12
2193 silly placeDep node_modules/vite @esbuild/android-arm@0.25.12 OK for: esbuild@0.25.12 want: 0.25.12
2194 silly placeDep node_modules/vite @esbuild/android-arm64@0.25.12 OK for: esbuild@0.25.12 want: 0.25.12
2195 silly placeDep node_modules/vite @esbuild/android-x64@0.25.12 OK for: esbuild@0.25.12 want: 0.25.12
2196 silly placeDep node_modules/vite @esbuild/darwin-arm64@0.25.12 OK for: esbuild@0.25.12 want: 0.25.12
2197 silly placeDep node_modules/vite @esbuild/darwin-x64@0.25.12 OK for: esbuild@0.25.12 want: 0.25.12
2198 silly placeDep node_modules/vite @esbuild/freebsd-arm64@0.25.12 OK for: esbuild@0.25.12 want: 0.25.12
2199 silly placeDep node_modules/vite @esbuild/freebsd-x64@0.25.12 OK for: esbuild@0.25.12 want: 0.25.12
2200 silly placeDep node_modules/vite @esbuild/linux-arm@0.25.12 OK for: esbuild@0.25.12 want: 0.25.12
2201 silly placeDep node_modules/vite @esbuild/linux-arm64@0.25.12 OK for: esbuild@0.25.12 want: 0.25.12
2202 silly placeDep node_modules/vite @esbuild/linux-ia32@0.25.12 OK for: esbuild@0.25.12 want: 0.25.12
2203 silly placeDep node_modules/vite @esbuild/linux-loong64@0.25.12 OK for: esbuild@0.25.12 want: 0.25.12
2204 silly placeDep node_modules/vite @esbuild/linux-mips64el@0.25.12 OK for: esbuild@0.25.12 want: 0.25.12
2205 silly placeDep node_modules/vite @esbuild/linux-ppc64@0.25.12 OK for: esbuild@0.25.12 want: 0.25.12
2206 silly placeDep node_modules/vite @esbuild/linux-riscv64@0.25.12 OK for: esbuild@0.25.12 want: 0.25.12
2207 silly placeDep node_modules/vite @esbuild/linux-s390x@0.25.12 OK for: esbuild@0.25.12 want: 0.25.12
2208 silly placeDep node_modules/vite @esbuild/linux-x64@0.25.12 OK for: esbuild@0.25.12 want: 0.25.12
2209 silly placeDep node_modules/vite @esbuild/netbsd-arm64@0.25.12 OK for: esbuild@0.25.12 want: 0.25.12
2210 silly placeDep node_modules/vite @esbuild/netbsd-x64@0.25.12 OK for: esbuild@0.25.12 want: 0.25.12
2211 silly placeDep node_modules/vite @esbuild/openbsd-arm64@0.25.12 OK for: esbuild@0.25.12 want: 0.25.12
2212 silly placeDep node_modules/vite @esbuild/openbsd-x64@0.25.12 OK for: esbuild@0.25.12 want: 0.25.12
2213 silly placeDep node_modules/vite @esbuild/openharmony-arm64@0.25.12 OK for: esbuild@0.25.12 want: 0.25.12
2214 silly placeDep node_modules/vite @esbuild/sunos-x64@0.25.12 OK for: esbuild@0.25.12 want: 0.25.12
2215 silly placeDep node_modules/vite @esbuild/win32-arm64@0.25.12 OK for: esbuild@0.25.12 want: 0.25.12
2216 silly placeDep node_modules/vite @esbuild/win32-ia32@0.25.12 OK for: esbuild@0.25.12 want: 0.25.12
2217 silly placeDep node_modules/vite @esbuild/win32-x64@0.25.12 OK for: esbuild@0.25.12 want: 0.25.12
2218 silly reify moves {}
2219 verbose reify failed optional dependency C:\Users\lenovo\Desktop\可操作文件\asset-rental-platform\node_modules\@rollup\rollup-win32-ia32-msvc
2220 silly reify mark deleted [
2220 silly reify   'C:\\Users\\lenovo\\Desktop\\可操作文件\\asset-rental-platform\\node_modules\\@rollup\\rollup-win32-ia32-msvc'
2220 silly reify ]
2221 verbose reify failed optional dependency C:\Users\lenovo\Desktop\可操作文件\asset-rental-platform\node_modules\@rollup\rollup-win32-arm64-msvc
2222 silly reify mark deleted [
2222 silly reify   'C:\\Users\\lenovo\\Desktop\\可操作文件\\asset-rental-platform\\node_modules\\@rollup\\rollup-win32-arm64-msvc'
2222 silly reify ]
2223 verbose reify failed optional dependency C:\Users\lenovo\Desktop\可操作文件\asset-rental-platform\node_modules\@rollup\rollup-openharmony-arm64
2224 silly reify mark deleted [
2224 silly reify   'C:\\Users\\lenovo\\Desktop\\可操作文件\\asset-rental-platform\\node_modules\\@rollup\\rollup-openharmony-arm64'
2224 silly reify ]
2225 verbose reify failed optional dependency C:\Users\lenovo\Desktop\可操作文件\asset-rental-platform\node_modules\@rollup\rollup-openbsd-x64
2226 silly reify mark deleted [
2226 silly reify   'C:\\Users\\lenovo\\Desktop\\可操作文件\\asset-rental-platform\\node_modules\\@rollup\\rollup-openbsd-x64'
2226 silly reify ]
2227 verbose reify failed optional dependency C:\Users\lenovo\Desktop\可操作文件\asset-rental-platform\node_modules\@rollup\rollup-linux-x64-musl
2228 silly reify mark deleted [
2228 silly reify   'C:\\Users\\lenovo\\Desktop\\可操作文件\\asset-rental-platform\\node_modules\\@rollup\\rollup-linux-x64-musl'
2228 silly reify ]
2229 verbose reify failed optional dependency C:\Users\lenovo\Desktop\可操作文件\asset-rental-platform\node_modules\@rollup\rollup-linux-x64-gnu
2230 silly reify mark deleted [
2230 silly reify   'C:\\Users\\lenovo\\Desktop\\可操作文件\\asset-rental-platform\\node_modules\\@rollup\\rollup-linux-x64-gnu'
2230 silly reify ]
2231 verbose reify failed optional dependency C:\Users\lenovo\Desktop\可操作文件\asset-rental-platform\node_modules\@rollup\rollup-linux-s390x-gnu
2232 silly reify mark deleted [
2232 silly reify   'C:\\Users\\lenovo\\Desktop\\可操作文件\\asset-rental-platform\\node_modules\\@rollup\\rollup-linux-s390x-gnu'
2232 silly reify ]
2233 verbose reify failed optional dependency C:\Users\lenovo\Desktop\可操作文件\asset-rental-platform\node_modules\@rollup\rollup-linux-riscv64-musl
2234 silly reify mark deleted [
2234 silly reify   'C:\\Users\\lenovo\\Desktop\\可操作文件\\asset-rental-platform\\node_modules\\@rollup\\rollup-linux-riscv64-musl'
2234 silly reify ]
2235 verbose reify failed optional dependency C:\Users\lenovo\Desktop\可操作文件\asset-rental-platform\node_modules\@rollup\rollup-linux-riscv64-gnu
2236 silly reify mark deleted [
2236 silly reify   'C:\\Users\\lenovo\\Desktop\\可操作文件\\asset-rental-platform\\node_modules\\@rollup\\rollup-linux-riscv64-gnu'
2236 silly reify ]
2237 verbose reify failed optional dependency C:\Users\lenovo\Desktop\可操作文件\asset-rental-platform\node_modules\@rollup\rollup-linux-ppc64-musl
2238 silly reify mark deleted [
2238 silly reify   'C:\\Users\\lenovo\\Desktop\\可操作文件\\asset-rental-platform\\node_modules\\@rollup\\rollup-linux-ppc64-musl'
2238 silly reify ]
2239 verbose reify failed optional dependency C:\Users\lenovo\Desktop\可操作文件\asset-rental-platform\node_modules\@rollup\rollup-linux-ppc64-gnu
2240 silly reify mark deleted [
2240 silly reify   'C:\\Users\\lenovo\\Desktop\\可操作文件\\asset-rental-platform\\node_modules\\@rollup\\rollup-linux-ppc64-gnu'
2240 silly reify ]
2241 verbose reify failed optional dependency C:\Users\lenovo\Desktop\可操作文件\asset-rental-platform\node_modules\@rollup\rollup-linux-loong64-musl
2242 silly reify mark deleted [
2242 silly reify   'C:\\Users\\lenovo\\Desktop\\可操作文件\\asset-rental-platform\\node_modules\\@rollup\\rollup-linux-loong64-musl'
2242 silly reify ]
2243 verbose reify failed optional dependency C:\Users\lenovo\Desktop\可操作文件\asset-rental-platform\node_modules\@rollup\rollup-linux-loong64-gnu
2244 silly reify mark deleted [
2244 silly reify   'C:\\Users\\lenovo\\Desktop\\可操作文件\\asset-rental-platform\\node_modules\\@rollup\\rollup-linux-loong64-gnu'
2244 silly reify ]
2245 verbose reify failed optional dependency C:\Users\lenovo\Desktop\可操作文件\asset-rental-platform\node_modules\@rollup\rollup-linux-arm64-musl
2246 silly reify mark deleted [
2246 silly reify   'C:\\Users\\lenovo\\Desktop\\可操作文件\\asset-rental-platform\\node_modules\\@rollup\\rollup-linux-arm64-musl'
2246 silly reify ]
2247 verbose reify failed optional dependency C:\Users\lenovo\Desktop\可操作文件\asset-rental-platform\node_modules\@rollup\rollup-linux-arm64-gnu
2248 silly reify mark deleted [
2248 silly reify   'C:\\Users\\lenovo\\Desktop\\可操作文件\\asset-rental-platform\\node_modules\\@rollup\\rollup-linux-arm64-gnu'
2248 silly reify ]
2249 verbose reify failed optional dependency C:\Users\lenovo\Desktop\可操作文件\asset-rental-platform\node_modules\@rollup\rollup-linux-arm-musleabihf
2250 silly reify mark deleted [
2250 silly reify   'C:\\Users\\lenovo\\Desktop\\可操作文件\\asset-rental-platform\\node_modules\\@rollup\\rollup-linux-arm-musleabihf'
2250 silly reify ]
2251 verbose reify failed optional dependency C:\Users\lenovo\Desktop\可操作文件\asset-rental-platform\node_modules\@rollup\rollup-linux-arm-gnueabihf
2252 silly reify mark deleted [
2252 silly reify   'C:\\Users\\lenovo\\Desktop\\可操作文件\\asset-rental-platform\\node_modules\\@rollup\\rollup-linux-arm-gnueabihf'
2252 silly reify ]
2253 verbose reify failed optional dependency C:\Users\lenovo\Desktop\可操作文件\asset-rental-platform\node_modules\@rollup\rollup-freebsd-x64
2254 silly reify mark deleted [
2254 silly reify   'C:\\Users\\lenovo\\Desktop\\可操作文件\\asset-rental-platform\\node_modules\\@rollup\\rollup-freebsd-x64'
2254 silly reify ]
2255 verbose reify failed optional dependency C:\Users\lenovo\Desktop\可操作文件\asset-rental-platform\node_modules\@rollup\rollup-freebsd-arm64
2256 silly reify mark deleted [
2256 silly reify   'C:\\Users\\lenovo\\Desktop\\可操作文件\\asset-rental-platform\\node_modules\\@rollup\\rollup-freebsd-arm64'
2256 silly reify ]
2257 verbose reify failed optional dependency C:\Users\lenovo\Desktop\可操作文件\asset-rental-platform\node_modules\@rollup\rollup-darwin-x64
2258 silly reify mark deleted [
2258 silly reify   'C:\\Users\\lenovo\\Desktop\\可操作文件\\asset-rental-platform\\node_modules\\@rollup\\rollup-darwin-x64'
2258 silly reify ]
2259 verbose reify failed optional dependency C:\Users\lenovo\Desktop\可操作文件\asset-rental-platform\node_modules\@rollup\rollup-darwin-arm64
2260 silly reify mark deleted [
2260 silly reify   'C:\\Users\\lenovo\\Desktop\\可操作文件\\asset-rental-platform\\node_modules\\@rollup\\rollup-darwin-arm64'
2260 silly reify ]
2261 verbose reify failed optional dependency C:\Users\lenovo\Desktop\可操作文件\asset-rental-platform\node_modules\@rollup\rollup-android-arm64
2262 silly reify mark deleted [
2262 silly reify   'C:\\Users\\lenovo\\Desktop\\可操作文件\\asset-rental-platform\\node_modules\\@rollup\\rollup-android-arm64'
2262 silly reify ]
2263 verbose reify failed optional dependency C:\Users\lenovo\Desktop\可操作文件\asset-rental-platform\node_modules\@rollup\rollup-android-arm-eabi
2264 silly reify mark deleted [
2264 silly reify   'C:\\Users\\lenovo\\Desktop\\可操作文件\\asset-rental-platform\\node_modules\\@rollup\\rollup-android-arm-eabi'
2264 silly reify ]
2265 verbose reify failed optional dependency C:\Users\lenovo\Desktop\可操作文件\asset-rental-platform\node_modules\@napi-rs\lzma-linux-x64-gnu
2266 silly reify mark deleted [
2266 silly reify   'C:\\Users\\lenovo\\Desktop\\可操作文件\\asset-rental-platform\\node_modules\\@napi-rs\\lzma-linux-x64-gnu'
2266 silly reify ]
2267 verbose reify failed optional dependency C:\Users\lenovo\Desktop\可操作文件\asset-rental-platform\node_modules\fsevents
2268 silly reify mark deleted [
2268 silly reify   'C:\\Users\\lenovo\\Desktop\\可操作文件\\asset-rental-platform\\node_modules\\fsevents'
2268 silly reify ]
2269 verbose reify failed optional dependency C:\Users\lenovo\Desktop\可操作文件\asset-rental-platform\node_modules\@img\sharp-win32-ia32
2270 silly reify mark deleted [
2270 silly reify   'C:\\Users\\lenovo\\Desktop\\可操作文件\\asset-rental-platform\\node_modules\\@img\\sharp-win32-ia32'
2270 silly reify ]
2271 verbose reify failed optional dependency C:\Users\lenovo\Desktop\可操作文件\asset-rental-platform\node_modules\@img\sharp-win32-arm64
2272 silly reify mark deleted [
2272 silly reify   'C:\\Users\\lenovo\\Desktop\\可操作文件\\asset-rental-platform\\node_modules\\@img\\sharp-win32-arm64'
2272 silly reify ]
2273 verbose reify failed optional dependency C:\Users\lenovo\Desktop\可操作文件\asset-rental-platform\node_modules\@img\sharp-wasm32
2274 silly reify mark deleted [
2274 silly reify   'C:\\Users\\lenovo\\Desktop\\可操作文件\\asset-rental-platform\\node_modules\\@img\\sharp-wasm32'
2274 silly reify ]
2275 verbose reify failed optional dependency C:\Users\lenovo\Desktop\可操作文件\asset-rental-platform\node_modules\@emnapi\runtime
2276 silly reify mark deleted [
2276 silly reify   'C:\\Users\\lenovo\\Desktop\\可操作文件\\asset-rental-platform\\node_modules\\@emnapi\\runtime'
2276 silly reify ]
2277 verbose reify failed optional dependency C:\Users\lenovo\Desktop\可操作文件\asset-rental-platform\node_modules\tslib
2278 silly reify mark deleted [
2278 silly reify   'C:\\Users\\lenovo\\Desktop\\可操作文件\\asset-rental-platform\\node_modules\\tslib'
2278 silly reify ]
2279 verbose reify failed optional dependency C:\Users\lenovo\Desktop\可操作文件\asset-rental-platform\node_modules\@img\sharp-linuxmusl-x64
2280 silly reify mark deleted [
2280 silly reify   'C:\\Users\\lenovo\\Desktop\\可操作文件\\asset-rental-platform\\node_modules\\@img\\sharp-linuxmusl-x64'
2280 silly reify ]
2281 verbose reify failed optional dependency C:\Users\lenovo\Desktop\可操作文件\asset-rental-platform\node_modules\@img\sharp-linuxmusl-arm64
2282 silly reify mark deleted [
2282 silly reify   'C:\\Users\\lenovo\\Desktop\\可操作文件\\asset-rental-platform\\node_modules\\@img\\sharp-linuxmusl-arm64'
2282 silly reify ]
2283 verbose reify failed optional dependency C:\Users\lenovo\Desktop\可操作文件\asset-rental-platform\node_modules\@img\sharp-linux-x64
2284 silly reify mark deleted [
2284 silly reify   'C:\\Users\\lenovo\\Desktop\\可操作文件\\asset-rental-platform\\node_modules\\@img\\sharp-linux-x64'
2284 silly reify ]
2285 verbose reify failed optional dependency C:\Users\lenovo\Desktop\可操作文件\asset-rental-platform\node_modules\@img\sharp-linux-s390x
2286 silly reify mark deleted [
2286 silly reify   'C:\\Users\\lenovo\\Desktop\\可操作文件\\asset-rental-platform\\node_modules\\@img\\sharp-linux-s390x'
2286 silly reify ]
2287 verbose reify failed optional dependency C:\Users\lenovo\Desktop\可操作文件\asset-rental-platform\node_modules\@img\sharp-linux-riscv64
2288 silly reify mark deleted [
2288 silly reify   'C:\\Users\\lenovo\\Desktop\\可操作文件\\asset-rental-platform\\node_modules\\@img\\sharp-linux-riscv64'
2288 silly reify ]
2289 verbose reify failed optional dependency C:\Users\lenovo\Desktop\可操作文件\asset-rental-platform\node_modules\@img\sharp-linux-ppc64
2290 silly reify mark deleted [
2290 silly reify   'C:\\Users\\lenovo\\Desktop\\可操作文件\\asset-rental-platform\\node_modules\\@img\\sharp-linux-ppc64'
2290 silly reify ]
2291 verbose reify failed optional dependency C:\Users\lenovo\Desktop\可操作文件\asset-rental-platform\node_modules\@img\sharp-linux-arm64
2292 silly reify mark deleted [
2292 silly reify   'C:\\Users\\lenovo\\Desktop\\可操作文件\\asset-rental-platform\\node_modules\\@img\\sharp-linux-arm64'
2292 silly reify ]
2293 verbose reify failed optional dependency C:\Users\lenovo\Desktop\可操作文件\asset-rental-platform\node_modules\@img\sharp-linux-arm
2294 silly reify mark deleted [
2294 silly reify   'C:\\Users\\lenovo\\Desktop\\可操作文件\\asset-rental-platform\\node_modules\\@img\\sharp-linux-arm'
2294 silly reify ]
2295 verbose reify failed optional dependency C:\Users\lenovo\Desktop\可操作文件\asset-rental-platform\node_modules\@img\sharp-libvips-linuxmusl-x64
2296 silly reify mark deleted [
2296 silly reify   'C:\\Users\\lenovo\\Desktop\\可操作文件\\asset-rental-platform\\node_modules\\@img\\sharp-libvips-linuxmusl-x64'
2296 silly reify ]
2297 verbose reify failed optional dependency C:\Users\lenovo\Desktop\可操作文件\asset-rental-platform\node_modules\@img\sharp-libvips-linuxmusl-arm64
2298 silly reify mark deleted [
2298 silly reify   'C:\\Users\\lenovo\\Desktop\\可操作文件\\asset-rental-platform\\node_modules\\@img\\sharp-libvips-linuxmusl-arm64'
2298 silly reify ]
2299 verbose reify failed optional dependency C:\Users\lenovo\Desktop\可操作文件\asset-rental-platform\node_modules\@img\sharp-libvips-linux-x64
2300 silly reify mark deleted [
2300 silly reify   'C:\\Users\\lenovo\\Desktop\\可操作文件\\asset-rental-platform\\node_modules\\@img\\sharp-libvips-linux-x64'
2300 silly reify ]
2301 verbose reify failed optional dependency C:\Users\lenovo\Desktop\可操作文件\asset-rental-platform\node_modules\@img\sharp-libvips-linux-s390x
2302 silly reify mark deleted [
2302 silly reify   'C:\\Users\\lenovo\\Desktop\\可操作文件\\asset-rental-platform\\node_modules\\@img\\sharp-libvips-linux-s390x'
2302 silly reify ]
2303 verbose reify failed optional dependency C:\Users\lenovo\Desktop\可操作文件\asset-rental-platform\node_modules\@img\sharp-libvips-linux-riscv64
2304 silly reify mark deleted [
2304 silly reify   'C:\\Users\\lenovo\\Desktop\\可操作文件\\asset-rental-platform\\node_modules\\@img\\sharp-libvips-linux-riscv64'
2304 silly reify ]
2305 verbose reify failed optional dependency C:\Users\lenovo\Desktop\可操作文件\asset-rental-platform\node_modules\@img\sharp-libvips-linux-ppc64
2306 silly reify mark deleted [
2306 silly reify   'C:\\Users\\lenovo\\Desktop\\可操作文件\\asset-rental-platform\\node_modules\\@img\\sharp-libvips-linux-ppc64'
2306 silly reify ]
2307 verbose reify failed optional dependency C:\Users\lenovo\Desktop\可操作文件\asset-rental-platform\node_modules\@img\sharp-libvips-linux-arm64
2308 silly reify mark deleted [
2308 silly reify   'C:\\Users\\lenovo\\Desktop\\可操作文件\\asset-rental-platform\\node_modules\\@img\\sharp-libvips-linux-arm64'
2308 silly reify ]
2309 verbose reify failed optional dependency C:\Users\lenovo\Desktop\可操作文件\asset-rental-platform\node_modules\@img\sharp-libvips-linux-arm
2310 silly reify mark deleted [
2310 silly reify   'C:\\Users\\lenovo\\Desktop\\可操作文件\\asset-rental-platform\\node_modules\\@img\\sharp-libvips-linux-arm'
2310 silly reify ]
2311 verbose reify failed optional dependency C:\Users\lenovo\Desktop\可操作文件\asset-rental-platform\node_modules\@img\sharp-libvips-darwin-x64
2312 silly reify mark deleted [
2312 silly reify   'C:\\Users\\lenovo\\Desktop\\可操作文件\\asset-rental-platform\\node_modules\\@img\\sharp-libvips-darwin-x64'
2312 silly reify ]
2313 verbose reify failed optional dependency C:\Users\lenovo\Desktop\可操作文件\asset-rental-platform\node_modules\@img\sharp-libvips-darwin-arm64
2314 silly reify mark deleted [
2314 silly reify   'C:\\Users\\lenovo\\Desktop\\可操作文件\\asset-rental-platform\\node_modules\\@img\\sharp-libvips-darwin-arm64'
2314 silly reify ]
2315 verbose reify failed optional dependency C:\Users\lenovo\Desktop\可操作文件\asset-rental-platform\node_modules\@img\sharp-darwin-x64
2316 silly reify mark deleted [
2316 silly reify   'C:\\Users\\lenovo\\Desktop\\可操作文件\\asset-rental-platform\\node_modules\\@img\\sharp-darwin-x64'
2316 silly reify ]
2317 verbose reify failed optional dependency C:\Users\lenovo\Desktop\可操作文件\asset-rental-platform\node_modules\@img\sharp-darwin-arm64
2318 silly reify mark deleted [
2318 silly reify   'C:\\Users\\lenovo\\Desktop\\可操作文件\\asset-rental-platform\\node_modules\\@img\\sharp-darwin-arm64'
2318 silly reify ]
2319 verbose reify failed optional dependency C:\Users\lenovo\Desktop\可操作文件\asset-rental-platform\node_modules\@esbuild\win32-ia32
2320 silly reify mark deleted [
2320 silly reify   'C:\\Users\\lenovo\\Desktop\\可操作文件\\asset-rental-platform\\node_modules\\@esbuild\\win32-ia32'
2320 silly reify ]
2321 verbose reify failed optional dependency C:\Users\lenovo\Desktop\可操作文件\asset-rental-platform\node_modules\@esbuild\win32-arm64
2322 silly reify mark deleted [
2322 silly reify   'C:\\Users\\lenovo\\Desktop\\可操作文件\\asset-rental-platform\\node_modules\\@esbuild\\win32-arm64'
2322 silly reify ]
2323 verbose reify failed optional dependency C:\Users\lenovo\Desktop\可操作文件\asset-rental-platform\node_modules\@esbuild\sunos-x64
2324 silly reify mark deleted [
2324 silly reify   'C:\\Users\\lenovo\\Desktop\\可操作文件\\asset-rental-platform\\node_modules\\@esbuild\\sunos-x64'
2324 silly reify ]
2325 verbose reify failed optional dependency C:\Users\lenovo\Desktop\可操作文件\asset-rental-platform\node_modules\@esbuild\openharmony-arm64
2326 silly reify mark deleted [
2326 silly reify   'C:\\Users\\lenovo\\Desktop\\可操作文件\\asset-rental-platform\\node_modules\\@esbuild\\openharmony-arm64'
2326 silly reify ]
2327 verbose reify failed optional dependency C:\Users\lenovo\Desktop\可操作文件\asset-rental-platform\node_modules\@esbuild\openbsd-x64
2328 silly reify mark deleted [
2328 silly reify   'C:\\Users\\lenovo\\Desktop\\可操作文件\\asset-rental-platform\\node_modules\\@esbuild\\openbsd-x64'
2328 silly reify ]
2329 verbose reify failed optional dependency C:\Users\lenovo\Desktop\可操作文件\asset-rental-platform\node_modules\@esbuild\openbsd-arm64
2330 silly reify mark deleted [
2330 silly reify   'C:\\Users\\lenovo\\Desktop\\可操作文件\\asset-rental-platform\\node_modules\\@esbuild\\openbsd-arm64'
2330 silly reify ]
2331 verbose reify failed optional dependency C:\Users\lenovo\Desktop\可操作文件\asset-rental-platform\node_modules\@esbuild\netbsd-x64
2332 silly reify mark deleted [
2332 silly reify   'C:\\Users\\lenovo\\Desktop\\可操作文件\\asset-rental-platform\\node_modules\\@esbuild\\netbsd-x64'
2332 silly reify ]
2333 verbose reify failed optional dependency C:\Users\lenovo\Desktop\可操作文件\asset-rental-platform\node_modules\@esbuild\netbsd-arm64
2334 silly reify mark deleted [
2334 silly reify   'C:\\Users\\lenovo\\Desktop\\可操作文件\\asset-rental-platform\\node_modules\\@esbuild\\netbsd-arm64'
2334 silly reify ]
2335 verbose reify failed optional dependency C:\Users\lenovo\Desktop\可操作文件\asset-rental-platform\node_modules\@esbuild\linux-x64
2336 silly reify mark deleted [
2336 silly reify   'C:\\Users\\lenovo\\Desktop\\可操作文件\\asset-rental-platform\\node_modules\\@esbuild\\linux-x64'
2336 silly reify ]
2337 verbose reify failed optional dependency C:\Users\lenovo\Desktop\可操作文件\asset-rental-platform\node_modules\@esbuild\linux-s390x
2338 silly reify mark deleted [
2338 silly reify   'C:\\Users\\lenovo\\Desktop\\可操作文件\\asset-rental-platform\\node_modules\\@esbuild\\linux-s390x'
2338 silly reify ]
2339 verbose reify failed optional dependency C:\Users\lenovo\Desktop\可操作文件\asset-rental-platform\node_modules\@esbuild\linux-riscv64
2340 silly reify mark deleted [
2340 silly reify   'C:\\Users\\lenovo\\Desktop\\可操作文件\\asset-rental-platform\\node_modules\\@esbuild\\linux-riscv64'
2340 silly reify ]
2341 verbose reify failed optional dependency C:\Users\lenovo\Desktop\可操作文件\asset-rental-platform\node_modules\@esbuild\linux-ppc64
2342 silly reify mark deleted [
2342 silly reify   'C:\\Users\\lenovo\\Desktop\\可操作文件\\asset-rental-platform\\node_modules\\@esbuild\\linux-ppc64'
2342 silly reify ]
2343 verbose reify failed optional dependency C:\Users\lenovo\Desktop\可操作文件\asset-rental-platform\node_modules\@esbuild\linux-mips64el
2344 silly reify mark deleted [
2344 silly reify   'C:\\Users\\lenovo\\Desktop\\可操作文件\\asset-rental-platform\\node_modules\\@esbuild\\linux-mips64el'
2344 silly reify ]
2345 verbose reify failed optional dependency C:\Users\lenovo\Desktop\可操作文件\asset-rental-platform\node_modules\@esbuild\linux-loong64
2346 silly reify mark deleted [
2346 silly reify   'C:\\Users\\lenovo\\Desktop\\可操作文件\\asset-rental-platform\\node_modules\\@esbuild\\linux-loong64'
2346 silly reify ]
2347 verbose reify failed optional dependency C:\Users\lenovo\Desktop\可操作文件\asset-rental-platform\node_modules\@esbuild\linux-ia32
2348 silly reify mark deleted [
2348 silly reify   'C:\\Users\\lenovo\\Desktop\\可操作文件\\asset-rental-platform\\node_modules\\@esbuild\\linux-ia32'
2348 silly reify ]
2349 verbose reify failed optional dependency C:\Users\lenovo\Desktop\可操作文件\asset-rental-platform\node_modules\@esbuild\linux-arm64
2350 silly reify mark deleted [
2350 silly reify   'C:\\Users\\lenovo\\Desktop\\可操作文件\\asset-rental-platform\\node_modules\\@esbuild\\linux-arm64'
2350 silly reify ]
2351 verbose reify failed optional dependency C:\Users\lenovo\Desktop\可操作文件\asset-rental-platform\node_modules\@esbuild\linux-arm
2352 silly reify mark deleted [
2352 silly reify   'C:\\Users\\lenovo\\Desktop\\可操作文件\\asset-rental-platform\\node_modules\\@esbuild\\linux-arm'
2352 silly reify ]
2353 verbose reify failed optional dependency C:\Users\lenovo\Desktop\可操作文件\asset-rental-platform\node_modules\@esbuild\freebsd-x64
2354 silly reify mark deleted [
2354 silly reify   'C:\\Users\\lenovo\\Desktop\\可操作文件\\asset-rental-platform\\node_modules\\@esbuild\\freebsd-x64'
2354 silly reify ]
2355 verbose reify failed optional dependency C:\Users\lenovo\Desktop\可操作文件\asset-rental-platform\node_modules\@esbuild\freebsd-arm64
2356 silly reify mark deleted [
2356 silly reify   'C:\\Users\\lenovo\\Desktop\\可操作文件\\asset-rental-platform\\node_modules\\@esbuild\\freebsd-arm64'
2356 silly reify ]
2357 verbose reify failed optional dependency C:\Users\lenovo\Desktop\可操作文件\asset-rental-platform\node_modules\@esbuild\darwin-x64
2358 silly reify mark deleted [
2358 silly reify   'C:\\Users\\lenovo\\Desktop\\可操作文件\\asset-rental-platform\\node_modules\\@esbuild\\darwin-x64'
2358 silly reify ]
2359 verbose reify failed optional dependency C:\Users\lenovo\Desktop\可操作文件\asset-rental-platform\node_modules\@esbuild\darwin-arm64
2360 silly reify mark deleted [
2360 silly reify   'C:\\Users\\lenovo\\Desktop\\可操作文件\\asset-rental-platform\\node_modules\\@esbuild\\darwin-arm64'
2360 silly reify ]
2361 verbose reify failed optional dependency C:\Users\lenovo\Desktop\可操作文件\asset-rental-platform\node_modules\@esbuild\android-x64
2362 silly reify mark deleted [
2362 silly reify   'C:\\Users\\lenovo\\Desktop\\可操作文件\\asset-rental-platform\\node_modules\\@esbuild\\android-x64'
2362 silly reify ]
2363 verbose reify failed optional dependency C:\Users\lenovo\Desktop\可操作文件\asset-rental-platform\node_modules\@esbuild\android-arm64
2364 silly reify mark deleted [
2364 silly reify   'C:\\Users\\lenovo\\Desktop\\可操作文件\\asset-rental-platform\\node_modules\\@esbuild\\android-arm64'
2364 silly reify ]
2365 verbose reify failed optional dependency C:\Users\lenovo\Desktop\可操作文件\asset-rental-platform\node_modules\@esbuild\android-arm
2366 silly reify mark deleted [
2366 silly reify   'C:\\Users\\lenovo\\Desktop\\可操作文件\\asset-rental-platform\\node_modules\\@esbuild\\android-arm'
2366 silly reify ]
2367 verbose reify failed optional dependency C:\Users\lenovo\Desktop\可操作文件\asset-rental-platform\node_modules\@esbuild\aix-ppc64
2368 silly reify mark deleted [
2368 silly reify   'C:\\Users\\lenovo\\Desktop\\可操作文件\\asset-rental-platform\\node_modules\\@esbuild\\aix-ppc64'
2368 silly reify ]
2369 verbose reify failed optional dependency C:\Users\lenovo\Desktop\可操作文件\asset-rental-platform\node_modules\vite\node_modules\@esbuild\win32-ia32
2370 silly reify mark deleted [
2370 silly reify   'C:\\Users\\lenovo\\Desktop\\可操作文件\\asset-rental-platform\\node_modules\\vite\\node_modules\\@esbuild\\win32-ia32'
2370 silly reify ]
2371 verbose reify failed optional dependency C:\Users\lenovo\Desktop\可操作文件\asset-rental-platform\node_modules\vite\node_modules\@esbuild\win32-arm64
2372 silly reify mark deleted [
2372 silly reify   'C:\\Users\\lenovo\\Desktop\\可操作文件\\asset-rental-platform\\node_modules\\vite\\node_modules\\@esbuild\\win32-arm64'
2372 silly reify ]
2373 verbose reify failed optional dependency C:\Users\lenovo\Desktop\可操作文件\asset-rental-platform\node_modules\vite\node_modules\@esbuild\sunos-x64
2374 silly reify mark deleted [
2374 silly reify   'C:\\Users\\lenovo\\Desktop\\可操作文件\\asset-rental-platform\\node_modules\\vite\\node_modules\\@esbuild\\sunos-x64'
2374 silly reify ]
2375 verbose reify failed optional dependency C:\Users\lenovo\Desktop\可操作文件\asset-rental-platform\node_modules\vite\node_modules\@esbuild\openharmony-arm64
2376 silly reify mark deleted [
2376 silly reify   'C:\\Users\\lenovo\\Desktop\\可操作文件\\asset-rental-platform\\node_modules\\vite\\node_modules\\@esbuild\\openharmony-arm64'
2376 silly reify ]
2377 verbose reify failed optional dependency C:\Users\lenovo\Desktop\可操作文件\asset-rental-platform\node_modules\vite\node_modules\@esbuild\openbsd-x64
2378 silly reify mark deleted [
2378 silly reify   'C:\\Users\\lenovo\\Desktop\\可操作文件\\asset-rental-platform\\node_modules\\vite\\node_modules\\@esbuild\\openbsd-x64'
2378 silly reify ]
2379 verbose reify failed optional dependency C:\Users\lenovo\Desktop\可操作文件\asset-rental-platform\node_modules\vite\node_modules\@esbuild\openbsd-arm64
2380 silly reify mark deleted [
2380 silly reify   'C:\\Users\\lenovo\\Desktop\\可操作文件\\asset-rental-platform\\node_modules\\vite\\node_modules\\@esbuild\\openbsd-arm64'
2380 silly reify ]
2381 verbose reify failed optional dependency C:\Users\lenovo\Desktop\可操作文件\asset-rental-platform\node_modules\vite\node_modules\@esbuild\netbsd-x64
2382 silly reify mark deleted [
2382 silly reify   'C:\\Users\\lenovo\\Desktop\\可操作文件\\asset-rental-platform\\node_modules\\vite\\node_modules\\@esbuild\\netbsd-x64'
2382 silly reify ]
2383 verbose reify failed optional dependency C:\Users\lenovo\Desktop\可操作文件\asset-rental-platform\node_modules\vite\node_modules\@esbuild\netbsd-arm64
2384 silly reify mark deleted [
2384 silly reify   'C:\\Users\\lenovo\\Desktop\\可操作文件\\asset-rental-platform\\node_modules\\vite\\node_modules\\@esbuild\\netbsd-arm64'
2384 silly reify ]
2385 verbose reify failed optional dependency C:\Users\lenovo\Desktop\可操作文件\asset-rental-platform\node_modules\vite\node_modules\@esbuild\linux-x64
2386 silly reify mark deleted [
2386 silly reify   'C:\\Users\\lenovo\\Desktop\\可操作文件\\asset-rental-platform\\node_modules\\vite\\node_modules\\@esbuild\\linux-x64'
2386 silly reify ]
2387 verbose reify failed optional dependency C:\Users\lenovo\Desktop\可操作文件\asset-rental-platform\node_modules\vite\node_modules\@esbuild\linux-s390x
2388 silly reify mark deleted [
2388 silly reify   'C:\\Users\\lenovo\\Desktop\\可操作文件\\asset-rental-platform\\node_modules\\vite\\node_modules\\@esbuild\\linux-s390x'
2388 silly reify ]
2389 verbose reify failed optional dependency C:\Users\lenovo\Desktop\可操作文件\asset-rental-platform\node_modules\vite\node_modules\@esbuild\linux-riscv64
2390 silly reify mark deleted [
2390 silly reify   'C:\\Users\\lenovo\\Desktop\\可操作文件\\asset-rental-platform\\node_modules\\vite\\node_modules\\@esbuild\\linux-riscv64'
2390 silly reify ]
2391 verbose reify failed optional dependency C:\Users\lenovo\Desktop\可操作文件\asset-rental-platform\node_modules\vite\node_modules\@esbuild\linux-ppc64
2392 silly reify mark deleted [
2392 silly reify   'C:\\Users\\lenovo\\Desktop\\可操作文件\\asset-rental-platform\\node_modules\\vite\\node_modules\\@esbuild\\linux-ppc64'
2392 silly reify ]
2393 verbose reify failed optional dependency C:\Users\lenovo\Desktop\可操作文件\asset-rental-platform\node_modules\vite\node_modules\@esbuild\linux-mips64el
2394 silly reify mark deleted [
2394 silly reify   'C:\\Users\\lenovo\\Desktop\\可操作文件\\asset-rental-platform\\node_modules\\vite\\node_modules\\@esbuild\\linux-mips64el'
2394 silly reify ]
2395 verbose reify failed optional dependency C:\Users\lenovo\Desktop\可操作文件\asset-rental-platform\node_modules\vite\node_modules\@esbuild\linux-loong64
2396 silly reify mark deleted [
2396 silly reify   'C:\\Users\\lenovo\\Desktop\\可操作文件\\asset-rental-platform\\node_modules\\vite\\node_modules\\@esbuild\\linux-loong64'
2396 silly reify ]
2397 verbose reify failed optional dependency C:\Users\lenovo\Desktop\可操作文件\asset-rental-platform\node_modules\vite\node_modules\@esbuild\linux-ia32
2398 silly reify mark deleted [
2398 silly reify   'C:\\Users\\lenovo\\Desktop\\可操作文件\\asset-rental-platform\\node_modules\\vite\\node_modules\\@esbuild\\linux-ia32'
2398 silly reify ]
2399 verbose reify failed optional dependency C:\Users\lenovo\Desktop\可操作文件\asset-rental-platform\node_modules\vite\node_modules\@esbuild\linux-arm64
2400 silly reify mark deleted [
2400 silly reify   'C:\\Users\\lenovo\\Desktop\\可操作文件\\asset-rental-platform\\node_modules\\vite\\node_modules\\@esbuild\\linux-arm64'
2400 silly reify ]
2401 verbose reify failed optional dependency C:\Users\lenovo\Desktop\可操作文件\asset-rental-platform\node_modules\vite\node_modules\@esbuild\linux-arm
2402 silly reify mark deleted [
2402 silly reify   'C:\\Users\\lenovo\\Desktop\\可操作文件\\asset-rental-platform\\node_modules\\vite\\node_modules\\@esbuild\\linux-arm'
2402 silly reify ]
2403 verbose reify failed optional dependency C:\Users\lenovo\Desktop\可操作文件\asset-rental-platform\node_modules\vite\node_modules\@esbuild\freebsd-x64
2404 silly reify mark deleted [
2404 silly reify   'C:\\Users\\lenovo\\Desktop\\可操作文件\\asset-rental-platform\\node_modules\\vite\\node_modules\\@esbuild\\freebsd-x64'
2404 silly reify ]
2405 verbose reify failed optional dependency C:\Users\lenovo\Desktop\可操作文件\asset-rental-platform\node_modules\vite\node_modules\@esbuild\freebsd-arm64
2406 silly reify mark deleted [
2406 silly reify   'C:\\Users\\lenovo\\Desktop\\可操作文件\\asset-rental-platform\\node_modules\\vite\\node_modules\\@esbuild\\freebsd-arm64'
2406 silly reify ]
2407 verbose reify failed optional dependency C:\Users\lenovo\Desktop\可操作文件\asset-rental-platform\node_modules\vite\node_modules\@esbuild\darwin-x64
2408 silly reify mark deleted [
2408 silly reify   'C:\\Users\\lenovo\\Desktop\\可操作文件\\asset-rental-platform\\node_modules\\vite\\node_modules\\@esbuild\\darwin-x64'
2408 silly reify ]
2409 verbose reify failed optional dependency C:\Users\lenovo\Desktop\可操作文件\asset-rental-platform\node_modules\vite\node_modules\@esbuild\darwin-arm64
2410 silly reify mark deleted [
2410 silly reify   'C:\\Users\\lenovo\\Desktop\\可操作文件\\asset-rental-platform\\node_modules\\vite\\node_modules\\@esbuild\\darwin-arm64'
2410 silly reify ]
2411 verbose reify failed optional dependency C:\Users\lenovo\Desktop\可操作文件\asset-rental-platform\node_modules\vite\node_modules\@esbuild\android-x64
2412 silly reify mark deleted [
2412 silly reify   'C:\\Users\\lenovo\\Desktop\\可操作文件\\asset-rental-platform\\node_modules\\vite\\node_modules\\@esbuild\\android-x64'
2412 silly reify ]
2413 verbose reify failed optional dependency C:\Users\lenovo\Desktop\可操作文件\asset-rental-platform\node_modules\vite\node_modules\@esbuild\android-arm64
2414 silly reify mark deleted [
2414 silly reify   'C:\\Users\\lenovo\\Desktop\\可操作文件\\asset-rental-platform\\node_modules\\vite\\node_modules\\@esbuild\\android-arm64'
2414 silly reify ]
2415 verbose reify failed optional dependency C:\Users\lenovo\Desktop\可操作文件\asset-rental-platform\node_modules\vite\node_modules\@esbuild\android-arm
2416 silly reify mark deleted [
2416 silly reify   'C:\\Users\\lenovo\\Desktop\\可操作文件\\asset-rental-platform\\node_modules\\vite\\node_modules\\@esbuild\\android-arm'
2416 silly reify ]
2417 verbose reify failed optional dependency C:\Users\lenovo\Desktop\可操作文件\asset-rental-platform\node_modules\vite\node_modules\@esbuild\aix-ppc64
2418 silly reify mark deleted [
2418 silly reify   'C:\\Users\\lenovo\\Desktop\\可操作文件\\asset-rental-platform\\node_modules\\vite\\node_modules\\@esbuild\\aix-ppc64'
2418 silly reify ]
2419 http cache @rollup/rollup-win32-x64-gnu@https://registry.npmjs.org/@rollup/rollup-win32-x64-gnu/-/rollup-win32-x64-gnu-4.63.3.tgz 0ms (cache hit)
2420 http cache @rollup/rollup-win32-x64-msvc@https://registry.npmjs.org/@rollup/rollup-win32-x64-msvc/-/rollup-win32-x64-msvc-4.63.3.tgz 0ms (cache hit)
2421 http cache is-fullwidth-code-point@https://registry.npmjs.org/is-fullwidth-code-point/-/is-fullwidth-code-point-3.0.0.tgz 0ms (cache hit)
2422 http cache yoctocolors@https://registry.npmjs.org/yoctocolors/-/yoctocolors-2.2.0.tgz 0ms (cache hit)
2423 http cache ansi-styles@https://registry.npmjs.org/ansi-styles/-/ansi-styles-6.2.3.tgz 0ms (cache hit)
2424 http cache nanoid@https://registry.npmjs.org/nanoid/-/nanoid-3.3.19.tgz 0ms (cache hit)
2425 http cache base64-arraybuffer@https://registry.npmjs.org/base64-arraybuffer/-/base64-arraybuffer-1.0.2.tgz 0ms (cache hit)
2426 http cache uncrypto@https://registry.npmjs.org/uncrypto/-/uncrypto-0.1.3.tgz 0ms (cache hit)
2427 http cache postcss@https://registry.npmjs.org/postcss/-/postcss-8.5.28.tgz 0ms (cache hit)
2428 http cache rollup@https://registry.npmjs.org/rollup/-/rollup-4.63.3.tgz 0ms (cache hit)
2429 http cache node-mock-http@https://registry.npmjs.org/node-mock-http/-/node-mock-http-1.0.5.tgz 0ms (cache hit)
2430 http cache radix3@https://registry.npmjs.org/radix3/-/radix3-1.1.2.tgz 0ms (cache hit)
2431 http cache iron-webcrypto@https://registry.npmjs.org/iron-webcrypto/-/iron-webcrypto-1.2.1.tgz 0ms (cache hit)
2432 http cache crossws@https://registry.npmjs.org/crossws/-/crossws-0.3.5.tgz 0ms (cache hit)
2433 http cache cookie-es@https://registry.npmjs.org/cookie-es/-/cookie-es-1.2.3.tgz 0ms (cache hit)
2434 http cache defu@https://registry.npmjs.org/defu/-/defu-6.1.7.tgz 0ms (cache hit)
2435 http cache normalize-path@https://registry.npmjs.org/normalize-path/-/normalize-path-3.0.0.tgz 0ms (cache hit)
2436 http cache ofetch@https://registry.npmjs.org/ofetch/-/ofetch-1.5.1.tgz 0ms (cache hit)
2437 http cache readdirp@https://registry.npmjs.org/readdirp/-/readdirp-5.1.1.tgz 0ms (cache hit)
2438 http cache ufo@https://registry.npmjs.org/ufo/-/ufo-1.6.4.tgz 0ms (cache hit)
2439 http cache h3@https://registry.npmjs.org/h3/-/h3-1.15.11.tgz 0ms (cache hit)
2440 http cache node-fetch-native@https://registry.npmjs.org/node-fetch-native/-/node-fetch-native-1.6.7.tgz 0ms (cache hit)
2441 http cache destr@https://registry.npmjs.org/destr/-/destr-2.0.5.tgz 0ms (cache hit)
2442 http cache chokidar@https://registry.npmjs.org/chokidar/-/chokidar-5.0.0.tgz 0ms (cache hit)
2443 http cache anymatch@https://registry.npmjs.org/anymatch/-/anymatch-3.1.3.tgz 0ms (cache hit)
2444 http cache lru-cache@https://registry.npmjs.org/lru-cache/-/lru-cache-11.5.2.tgz 0ms (cache hit)
2445 http cache array-iterate@https://registry.npmjs.org/array-iterate/-/array-iterate-2.0.1.tgz 0ms (cache hit)
2446 http cache undici@https://registry.npmjs.org/undici/-/undici-8.10.2.tgz 0ms (cache hit)
2447 http cache trough@https://registry.npmjs.org/trough/-/trough-2.2.0.tgz 0ms (cache hit)
2448 http cache extend@https://registry.npmjs.org/extend/-/extend-3.0.2.tgz 0ms (cache hit)
2449 http cache bail@https://registry.npmjs.org/bail/-/bail-2.0.2.tgz 0ms (cache hit)
2450 http cache is-plain-obj@https://registry.npmjs.org/is-plain-obj/-/is-plain-obj-4.1.0.tgz 0ms (cache hit)
2451 http cache fdir@https://registry.npmjs.org/fdir/-/fdir-6.5.0.tgz 0ms (cache hit)
2452 http cache domelementtype@https://registry.npmjs.org/domelementtype/-/domelementtype-2.3.0.tgz 0ms (cache hit)
2453 http cache ohash@https://registry.npmjs.org/ohash/-/ohash-2.0.12.tgz 0ms (cache hit)
2454 http cache mdn-data@https://registry.npmjs.org/mdn-data/-/mdn-data-2.27.1.tgz 0ms (cache hit)
2455 http cache nth-check@https://registry.npmjs.org/nth-check/-/nth-check-2.1.1.tgz 0ms (cache hit)
2456 http cache dom-serializer@https://registry.npmjs.org/dom-serializer/-/dom-serializer-2.0.0.tgz 0ms (cache hit)
2457 http cache domutils@https://registry.npmjs.org/domutils/-/domutils-3.2.2.tgz 0ms (cache hit)
2458 http cache boolbase@https://registry.npmjs.org/boolbase/-/boolbase-1.0.0.tgz 0ms (cache hit)
2459 http cache domhandler@https://registry.npmjs.org/domhandler/-/domhandler-5.0.3.tgz 0ms (cache hit)
2460 http cache sax@https://registry.npmjs.org/sax/-/sax-1.6.1.tgz 0ms (cache hit)
2461 http cache csso@https://registry.npmjs.org/csso/-/csso-5.0.5.tgz 0ms (cache hit)
2462 http cache picocolors@https://registry.npmjs.org/picocolors/-/picocolors-1.1.1.tgz 0ms (cache hit)
2463 http cache css-tree@https://registry.npmjs.org/css-tree/-/css-tree-3.2.1.tgz 0ms (cache hit)
2464 http cache commander@https://registry.npmjs.org/commander/-/commander-11.1.0.tgz 0ms (cache hit)
2465 http cache css-what@https://registry.npmjs.org/css-what/-/css-what-7.0.0.tgz 0ms (cache hit)
2466 http cache css-select@https://registry.npmjs.org/css-select/-/css-select-6.0.0.tgz 0ms (cache hit)
2467 http cache ansi-regex@https://registry.npmjs.org/ansi-regex/-/ansi-regex-6.3.0.tgz 0ms (cache hit)
2468 http cache character-entities-legacy@https://registry.npmjs.org/character-entities-legacy/-/character-entities-legacy-3.0.0.tgz 0ms (cache hit)
2469 http cache strip-ansi@https://registry.npmjs.org/strip-ansi/-/strip-ansi-7.2.0.tgz 0ms (cache hit)
2470 http cache character-entities-html4@https://registry.npmjs.org/character-entities-html4/-/character-entities-html4-2.1.0.tgz 0ms (cache hit)
2471 http cache emoji-regex@https://registry.npmjs.org/emoji-regex/-/emoji-regex-10.6.0.tgz 0ms (cache hit)
2472 http cache get-east-asian-width@https://registry.npmjs.org/get-east-asian-width/-/get-east-asian-width-1.6.0.tgz 0ms (cache hit)
2473 http cache regex@https://registry.npmjs.org/regex/-/regex-6.1.0.tgz 0ms (cache hit)
2474 http cache oniguruma-parser@https://registry.npmjs.org/oniguruma-parser/-/oniguruma-parser-0.12.2.tgz 0ms (cache hit)
2475 http cache oniguruma-to-es@https://registry.npmjs.org/oniguruma-to-es/-/oniguruma-to-es-4.3.6.tgz 0ms (cache hit)
2476 http cache regex-recursion@https://registry.npmjs.org/regex-recursion/-/regex-recursion-6.0.2.tgz 0ms (cache hit)
2477 http cache @shikijs/vscode-textmate@https://registry.npmjs.org/@shikijs/vscode-textmate/-/vscode-textmate-10.0.2.tgz 0ms (cache hit)
2478 http cache @shikijs/types@https://registry.npmjs.org/@shikijs/types/-/types-3.23.0.tgz 0ms (cache hit)
2479 http cache @shikijs/langs@https://registry.npmjs.org/@shikijs/langs/-/langs-3.23.0.tgz 0ms (cache hit)
2480 http cache regex-utilities@https://registry.npmjs.org/regex-utilities/-/regex-utilities-2.3.0.tgz 0ms (cache hit)
2481 http cache @shikijs/themes@https://registry.npmjs.org/@shikijs/themes/-/themes-3.23.0.tgz 0ms (cache hit)
2482 http cache @shikijs/engine-oniguruma@https://registry.npmjs.org/@shikijs/engine-oniguruma/-/engine-oniguruma-3.23.0.tgz 0ms (cache hit)
2483 http cache @shikijs/engine-javascript@https://registry.npmjs.org/@shikijs/engine-javascript/-/engine-javascript-3.23.0.tgz 0ms (cache hit)
2484 http cache tslib@https://registry.npmjs.org/tslib/-/tslib-2.8.1.tgz 0ms (cache hit)
2485 http cache @emnapi/runtime@https://registry.npmjs.org/@emnapi/runtime/-/runtime-1.11.3.tgz 0ms (cache hit)
2486 http cache detect-libc@https://registry.npmjs.org/detect-libc/-/detect-libc-2.1.2.tgz 0ms (cache hit)
2487 http cache @shikijs/core@https://registry.npmjs.org/@shikijs/core/-/core-3.23.0.tgz 0ms (cache hit)
2488 http cache unist-util-visit-children@https://registry.npmjs.org/unist-util-visit-children/-/unist-util-visit-children-3.0.0.tgz 0ms (cache hit)
2489 http cache @img/sharp-win32-x64@https://registry.npmjs.org/@img/sharp-win32-x64/-/sharp-win32-x64-0.34.5.tgz 0ms (cache hit)
2490 http cache @img/colour@https://registry.npmjs.org/@img/colour/-/colour-1.1.0.tgz 0ms (cache hit)
2491 http cache unist-util-modify-children@https://registry.npmjs.org/unist-util-modify-children/-/unist-util-modify-children-4.0.0.tgz 0ms (cache hit)
2492 http cache parse-latin@https://registry.npmjs.org/parse-latin/-/parse-latin-7.0.0.tgz 0ms (cache hit)
2493 http cache nlcst-to-string@https://registry.npmjs.org/nlcst-to-string/-/nlcst-to-string-4.0.0.tgz 0ms (cache hit)
2494 http cache @types/nlcst@https://registry.npmjs.org/@types/nlcst/-/nlcst-2.0.3.tgz 0ms (cache hit)
2495 http cache retext-stringify@https://registry.npmjs.org/retext-stringify/-/retext-stringify-4.0.0.tgz 0ms (cache hit)
2496 http cache retext-latin@https://registry.npmjs.org/retext-latin/-/retext-latin-4.0.0.tgz 0ms (cache hit)
2497 http cache retext-smartypants@https://registry.npmjs.org/retext-smartypants/-/retext-smartypants-6.2.0.tgz 0ms (cache hit)
2498 http cache retext@https://registry.npmjs.org/retext/-/retext-9.0.0.tgz 0ms (cache hit)
2499 http cache micromark-extension-gfm-tagfilter@https://registry.npmjs.org/micromark-extension-gfm-tagfilter/-/micromark-extension-gfm-tagfilter-2.0.0.tgz 0ms (cache hit)
2500 http cache micromark-extension-gfm-table@https://registry.npmjs.org/micromark-extension-gfm-table/-/micromark-extension-gfm-table-2.1.2.tgz 0ms (cache hit)
2501 http cache micromark-extension-gfm-task-list-item@https://registry.npmjs.org/micromark-extension-gfm-task-list-item/-/micromark-extension-gfm-task-list-item-2.1.0.tgz 0ms (cache hit)
2502 http cache micromark-extension-gfm-strikethrough@https://registry.npmjs.org/micromark-extension-gfm-strikethrough/-/micromark-extension-gfm-strikethrough-2.1.0.tgz 0ms (cache hit)
2503 http cache micromark-extension-gfm-footnote@https://registry.npmjs.org/micromark-extension-gfm-footnote/-/micromark-extension-gfm-footnote-2.1.0.tgz 0ms (cache hit)
2504 http cache micromark-extension-gfm-autolink-literal@https://registry.npmjs.org/micromark-extension-gfm-autolink-literal/-/micromark-extension-gfm-autolink-literal-2.1.0.tgz 0ms (cache hit)
2505 http cache micromark-util-html-tag-name@https://registry.npmjs.org/micromark-util-html-tag-name/-/micromark-util-html-tag-name-2.0.1.tgz 0ms (cache hit)
2506 http cache micromark-factory-whitespace@https://registry.npmjs.org/micromark-factory-whitespace/-/micromark-factory-whitespace-2.0.1.tgz 0ms (cache hit)
2507 http cache @types/ms@https://registry.npmjs.org/@types/ms/-/ms-2.1.0.tgz 0ms (cache hit)
2508 http cache micromark-factory-title@https://registry.npmjs.org/micromark-factory-title/-/micromark-factory-title-2.0.1.tgz 0ms (cache hit)
2509 http cache micromark-factory-label@https://registry.npmjs.org/micromark-factory-label/-/micromark-factory-label-2.0.1.tgz 0ms (cache hit)
2510 http cache micromark-util-resolve-all@https://registry.npmjs.org/micromark-util-resolve-all/-/micromark-util-resolve-all-2.0.1.tgz 0ms (cache hit)
2511 http cache micromark-factory-destination@https://registry.npmjs.org/micromark-factory-destination/-/micromark-factory-destination-2.0.1.tgz 0ms (cache hit)
2512 http cache micromark-util-combine-extensions@https://registry.npmjs.org/micromark-util-combine-extensions/-/micromark-util-combine-extensions-2.0.1.tgz 0ms (cache hit)
2513 http cache micromark-util-chunked@https://registry.npmjs.org/micromark-util-chunked/-/micromark-util-chunked-2.0.1.tgz 0ms (cache hit)
2514 http cache micromark-util-subtokenize@https://registry.npmjs.org/micromark-util-subtokenize/-/micromark-util-subtokenize-2.1.0.tgz 0ms (cache hit)
2515 http cache @types/debug@https://registry.npmjs.org/@types/debug/-/debug-4.1.13.tgz 0ms (cache hit)
2516 http cache micromark-core-commonmark@https://registry.npmjs.org/micromark-core-commonmark/-/micromark-core-commonmark-2.0.3.tgz 0ms (cache hit)
2517 http cache micromark-factory-space@https://registry.npmjs.org/micromark-factory-space/-/micromark-factory-space-2.0.1.tgz 0ms (cache hit)
2518 http cache mdast-util-phrasing@https://registry.npmjs.org/mdast-util-phrasing/-/mdast-util-phrasing-4.1.0.tgz 0ms (cache hit)
2519 http cache micromark-util-classify-character@https://registry.npmjs.org/micromark-util-classify-character/-/micromark-util-classify-character-2.0.1.tgz 0ms (cache hit)
2520 http cache longest-streak@https://registry.npmjs.org/longest-streak/-/longest-streak-3.1.0.tgz 0ms (cache hit)
2521 http cache markdown-table@https://registry.npmjs.org/markdown-table/-/markdown-table-3.0.4.tgz 0ms (cache hit)
2522 http cache unist-util-is@https://registry.npmjs.org/unist-util-is/-/unist-util-is-6.0.1.tgz 0ms (cache hit)
2523 http cache escape-string-regexp@https://registry.npmjs.org/escape-string-regexp/-/escape-string-regexp-5.0.0.tgz 0ms (cache hit)
2524 http cache mdast-util-find-and-replace@https://registry.npmjs.org/mdast-util-find-and-replace/-/mdast-util-find-and-replace-3.0.2.tgz 0ms (cache hit)
2525 http cache character-entities@https://registry.npmjs.org/character-entities/-/character-entities-2.0.2.tgz 0ms (cache hit)
2526 http cache unist-util-stringify-position@https://registry.npmjs.org/unist-util-stringify-position/-/unist-util-stringify-position-4.0.0.tgz 0ms (cache hit)
2527 http cache micromark-util-normalize-identifier@https://registry.npmjs.org/micromark-util-normalize-identifier/-/micromark-util-normalize-identifier-2.0.1.tgz 0ms (cache hit)
2528 http cache micromark-util-decode-string@https://registry.npmjs.org/micromark-util-decode-string/-/micromark-util-decode-string-2.0.1.tgz 0ms (cache hit)
2529 http cache micromark-util-decode-numeric-character-reference@https://registry.npmjs.org/micromark-util-decode-numeric-character-reference/-/micromark-util-decode-numeric-character-reference-2.0.2.tgz 0ms (cache hit)
2530 http cache decode-named-character-reference@https://registry.npmjs.org/decode-named-character-reference/-/decode-named-character-reference-1.3.0.tgz 0ms (cache hit)
2531 http cache micromark@https://registry.npmjs.org/micromark/-/micromark-4.0.2.tgz 0ms (cache hit)
2532 http cache mdast-util-to-string@https://registry.npmjs.org/mdast-util-to-string/-/mdast-util-to-string-4.0.0.tgz 0ms (cache hit)
2533 http cache mdast-util-to-markdown@https://registry.npmjs.org/mdast-util-to-markdown/-/mdast-util-to-markdown-2.1.2.tgz 0ms (cache hit)
2534 http cache mdast-util-gfm-task-list-item@https://registry.npmjs.org/mdast-util-gfm-task-list-item/-/mdast-util-gfm-task-list-item-2.0.0.tgz 0ms (cache hit)
2535 http cache mdast-util-gfm-strikethrough@https://registry.npmjs.org/mdast-util-gfm-strikethrough/-/mdast-util-gfm-strikethrough-2.0.0.tgz 0ms (cache hit)
2536 http cache mdast-util-gfm-table@https://registry.npmjs.org/mdast-util-gfm-table/-/mdast-util-gfm-table-2.0.0.tgz 0ms (cache hit)
2537 http cache mdast-util-gfm-autolink-literal@https://registry.npmjs.org/mdast-util-gfm-autolink-literal/-/mdast-util-gfm-autolink-literal-2.0.1.tgz 0ms (cache hit)
2538 http cache mdast-util-gfm-footnote@https://registry.npmjs.org/mdast-util-gfm-footnote/-/mdast-util-gfm-footnote-2.1.0.tgz 0ms (cache hit)
2539 http cache remark-stringify@https://registry.npmjs.org/remark-stringify/-/remark-stringify-11.0.0.tgz 0ms (cache hit)
2540 http cache micromark-extension-gfm@https://registry.npmjs.org/micromark-extension-gfm/-/micromark-extension-gfm-3.0.0.tgz 0ms (cache hit)
2541 http cache mdast-util-from-markdown@https://registry.npmjs.org/mdast-util-from-markdown/-/mdast-util-from-markdown-2.0.3.tgz 0ms (cache hit)
2542 http cache mdast-util-gfm@https://registry.npmjs.org/mdast-util-gfm/-/mdast-util-gfm-3.1.0.tgz 0ms (cache hit)
2543 http cache stringify-entities@https://registry.npmjs.org/stringify-entities/-/stringify-entities-4.0.4.tgz 0ms (cache hit)
2544 http cache hast-util-whitespace@https://registry.npmjs.org/hast-util-whitespace/-/hast-util-whitespace-3.0.0.tgz 0ms (cache hit)
2545 http cache ccount@https://registry.npmjs.org/ccount/-/ccount-2.0.1.tgz 0ms (cache hit)
2546 http cache micromark-util-symbol@https://registry.npmjs.org/micromark-util-symbol/-/micromark-util-symbol-2.0.1.tgz 0ms (cache hit)
2547 http cache hast-util-to-html@https://registry.npmjs.org/hast-util-to-html/-/hast-util-to-html-9.0.5.tgz 0ms (cache hit)
2548 http cache micromark-util-character@https://registry.npmjs.org/micromark-util-character/-/micromark-util-character-2.1.1.tgz 0ms (cache hit)
2549 http cache micromark-util-types@https://registry.npmjs.org/micromark-util-types/-/micromark-util-types-2.0.2.tgz 0ms (cache hit)
2550 http cache micromark-util-encode@https://registry.npmjs.org/micromark-util-encode/-/micromark-util-encode-2.0.1.tgz 0ms (cache hit)
2551 http cache trim-lines@https://registry.npmjs.org/trim-lines/-/trim-lines-3.0.1.tgz 0ms (cache hit)
2552 http cache zwitch@https://registry.npmjs.org/zwitch/-/zwitch-2.0.4.tgz 0ms (cache hit)
2553 http cache micromark-util-sanitize-uri@https://registry.npmjs.org/micromark-util-sanitize-uri/-/micromark-util-sanitize-uri-2.0.1.tgz 0ms (cache hit)
2554 http cache @ungap/structured-clone@https://registry.npmjs.org/@ungap/structured-clone/-/structured-clone-1.4.0.tgz 0ms (cache hit)
2555 http cache mdast-util-to-hast@https://registry.npmjs.org/mdast-util-to-hast/-/mdast-util-to-hast-13.2.1.tgz 0ms (cache hit)
2556 http cache unist-util-position@https://registry.npmjs.org/unist-util-position/-/unist-util-position-5.0.0.tgz 0ms (cache hit)
2557 http cache hast-util-raw@https://registry.npmjs.org/hast-util-raw/-/hast-util-raw-9.1.0.tgz 0ms (cache hit)
2558 http cache hast-util-to-parse5@https://registry.npmjs.org/hast-util-to-parse5/-/hast-util-to-parse5-8.0.1.tgz 0ms (cache hit)
2559 http cache html-void-elements@https://registry.npmjs.org/html-void-elements/-/html-void-elements-3.0.0.tgz 0ms (cache hit)
2560 http cache rehype-parse@https://registry.npmjs.org/rehype-parse/-/rehype-parse-9.0.1.tgz 0ms (cache hit)
2561 http cache sisteransi@https://registry.npmjs.org/sisteransi/-/sisteransi-1.0.5.tgz 0ms (cache hit)
2562 http cache kleur@https://registry.npmjs.org/kleur/-/kleur-3.0.3.tgz 0ms (cache hit)
2563 http cache entities@https://registry.npmjs.org/entities/-/entities-6.0.1.tgz 0ms (cache hit)
2564 http cache @babel/helper-validator-identifier@https://registry.npmjs.org/@babel/helper-validator-identifier/-/helper-validator-identifier-7.29.7.tgz 0ms (cache hit)
2565 http cache @types/mdast@https://registry.npmjs.org/@types/mdast/-/mdast-4.0.4.tgz 0ms (cache hit)
2566 http cache @babel/helper-string-parser@https://registry.npmjs.org/@babel/helper-string-parser/-/helper-string-parser-7.29.7.tgz 0ms (cache hit)
2567 http cache eventemitter3@https://registry.npmjs.org/eventemitter3/-/eventemitter3-5.0.4.tgz 0ms (cache hit)
2568 http cache p-timeout@https://registry.npmjs.org/p-timeout/-/p-timeout-6.1.4.tgz 0ms (cache hit)
2569 http cache yocto-queue@https://registry.npmjs.org/yocto-queue/-/yocto-queue-1.2.2.tgz 0ms (cache hit)
2570 http cache @babel/types@https://registry.npmjs.org/@babel/types/-/types-7.29.8.tgz 0ms (cache hit)
2571 http cache argparse@https://registry.npmjs.org/argparse/-/argparse-2.0.1.tgz 0ms (cache hit)
2572 http cache @babel/parser@https://registry.npmjs.org/@babel/parser/-/parser-7.29.8.tgz 0ms (cache hit)
2573 http cache source-map-js@https://registry.npmjs.org/source-map-js/-/source-map-js-1.2.1.tgz 0ms (cache hit)
2574 http cache @jridgewell/sourcemap-codec@https://registry.npmjs.org/@jridgewell/sourcemap-codec/-/sourcemap-codec-1.6.0.tgz 0ms (cache hit)
2575 http cache is-inside-container@https://registry.npmjs.org/is-inside-container/-/is-inside-container-1.0.0.tgz 0ms (cache hit)
2576 http cache utrie@https://registry.npmjs.org/utrie/-/utrie-1.0.2.tgz 0ms (cache hit)
2577 http cache space-separated-tokens@https://registry.npmjs.org/space-separated-tokens/-/space-separated-tokens-2.0.2.tgz 0ms (cache hit)
2578 http cache text-segmentation@https://registry.npmjs.org/text-segmentation/-/text-segmentation-1.0.3.tgz 0ms (cache hit)
2579 http cache css-line-break@https://registry.npmjs.org/css-line-break/-/css-line-break-2.1.0.tgz 0ms (cache hit)
2580 http cache comma-separated-tokens@https://registry.npmjs.org/comma-separated-tokens/-/comma-separated-tokens-2.0.3.tgz 0ms (cache hit)
2581 http cache hast-util-parse-selector@https://registry.npmjs.org/hast-util-parse-selector/-/hast-util-parse-selector-4.0.0.tgz 0ms (cache hit)
2582 http cache vfile-location@https://registry.npmjs.org/vfile-location/-/vfile-location-5.0.3.tgz 0ms (cache hit)
2583 http cache hast-util-is-element@https://registry.npmjs.org/hast-util-is-element/-/hast-util-is-element-3.0.0.tgz 0ms (cache hit)
2584 http cache unist-util-find-after@https://registry.npmjs.org/unist-util-find-after/-/unist-util-find-after-5.0.0.tgz 0ms (cache hit)
2585 http cache hastscript@https://registry.npmjs.org/hastscript/-/hastscript-9.0.1.tgz 0ms (cache hit)
2586 http cache property-information@https://registry.npmjs.org/property-information/-/property-information-7.2.0.tgz 0ms (cache hit)
2587 http cache @types/unist@https://registry.npmjs.org/@types/unist/-/unist-3.0.3.tgz 0ms (cache hit)
2588 http cache dequal@https://registry.npmjs.org/dequal/-/dequal-2.0.3.tgz 0ms (cache hit)
2589 http cache web-namespaces@https://registry.npmjs.org/web-namespaces/-/web-namespaces-2.0.1.tgz 0ms (cache hit)
2590 http cache vfile-message@https://registry.npmjs.org/vfile-message/-/vfile-message-4.0.3.tgz 0ms (cache hit)
2591 http cache @types/hast@https://registry.npmjs.org/@types/hast/-/hast-3.0.5.tgz 0ms (cache hit)
2592 http cache parse5@https://registry.npmjs.org/parse5/-/parse5-7.3.0.tgz 0ms (cache hit)
2593 http cache devlop@https://registry.npmjs.org/devlop/-/devlop-1.1.0.tgz 0ms (cache hit)
2594 http cache hast-util-from-parse5@https://registry.npmjs.org/hast-util-from-parse5/-/hast-util-from-parse5-8.0.3.tgz 0ms (cache hit)
2595 http cache tiny-inflate@https://registry.npmjs.org/tiny-inflate/-/tiny-inflate-1.0.3.tgz 0ms (cache hit)
2596 http cache @esbuild/win32-x64@https://registry.npmjs.org/@esbuild/win32-x64/-/win32-x64-0.27.7.tgz 0ms (cache hit)
2597 http cache base-64@https://registry.npmjs.org/base-64/-/base-64-1.0.0.tgz 0ms (cache hit)
2598 http cache ms@https://registry.npmjs.org/ms/-/ms-2.1.3.tgz 0ms (cache hit)
2599 http cache wrap-ansi@https://registry.npmjs.org/wrap-ansi/-/wrap-ansi-9.0.2.tgz 0ms (cache hit)
2600 http cache widest-line@https://registry.npmjs.org/widest-line/-/widest-line-5.0.0.tgz 0ms (cache hit)
2601 http cache type-fest@https://registry.npmjs.org/type-fest/-/type-fest-4.41.0.tgz 0ms (cache hit)
2602 http cache string-width@https://registry.npmjs.org/string-width/-/string-width-7.2.0.tgz 0ms (cache hit)
2603 http cache @types/estree@https://registry.npmjs.org/@types/estree/-/estree-1.0.9.tgz 0ms (cache hit)
2604 http cache cli-boxes@https://registry.npmjs.org/cli-boxes/-/cli-boxes-3.0.0.tgz 0ms (cache hit)
2605 http cache chalk@https://registry.npmjs.org/chalk/-/chalk-5.6.2.tgz 0ms (cache hit)
2606 http cache ansi-align@https://registry.npmjs.org/ansi-align/-/ansi-align-3.0.1.tgz 0ms (cache hit)
2607 http cache camelcase@https://registry.npmjs.org/camelcase/-/camelcase-8.0.0.tgz 0ms (cache hit)
2608 http cache which-pm-runs@https://registry.npmjs.org/which-pm-runs/-/which-pm-runs-1.1.0.tgz 0ms (cache hit)
2609 http cache fontkitten@https://registry.npmjs.org/fontkitten/-/fontkitten-1.0.3.tgz 0ms (cache hit)
2610 http cache is-wsl@https://registry.npmjs.org/is-wsl/-/is-wsl-3.1.1.tgz 0ms (cache hit)
2611 http cache is-docker@https://registry.npmjs.org/is-docker/-/is-docker-3.0.0.tgz 0ms (cache hit)
2612 http cache prismjs@https://registry.npmjs.org/prismjs/-/prismjs-1.30.0.tgz 0ms (cache hit)
2613 http cache unist-util-visit-parents@https://registry.npmjs.org/unist-util-visit-parents/-/unist-util-visit-parents-6.0.2.tgz 0ms (cache hit)
2614 http cache unist-util-remove-position@https://registry.npmjs.org/unist-util-remove-position/-/unist-util-remove-position-5.0.0.tgz 0ms (cache hit)
2615 http cache unified@https://registry.npmjs.org/unified/-/unified-11.0.5.tgz 0ms (cache hit)
2616 http cache remark-smartypants@https://registry.npmjs.org/remark-smartypants/-/remark-smartypants-3.0.3.tgz 0ms (cache hit)
2617 http cache remark-parse@https://registry.npmjs.org/remark-parse/-/remark-parse-11.0.0.tgz 0ms (cache hit)
2618 http cache remark-rehype@https://registry.npmjs.org/remark-rehype/-/remark-rehype-11.1.2.tgz 0ms (cache hit)
2619 http cache rehype-raw@https://registry.npmjs.org/rehype-raw/-/rehype-raw-7.0.0.tgz 0ms (cache hit)
2620 http cache rehype-stringify@https://registry.npmjs.org/rehype-stringify/-/rehype-stringify-10.0.1.tgz 0ms (cache hit)
2621 http cache remark-gfm@https://registry.npmjs.org/remark-gfm/-/remark-gfm-4.0.1.tgz 0ms (cache hit)
2622 http cache mdast-util-definitions@https://registry.npmjs.org/mdast-util-definitions/-/mdast-util-definitions-6.0.0.tgz 0ms (cache hit)
2623 http cache hast-util-to-text@https://registry.npmjs.org/hast-util-to-text/-/hast-util-to-text-4.0.2.tgz 0ms (cache hit)
2624 http cache @astrojs/prism@https://registry.npmjs.org/@astrojs/prism/-/prism-3.3.0.tgz 0ms (cache hit)
2625 http cache hast-util-from-html@https://registry.npmjs.org/hast-util-from-html/-/hast-util-from-html-2.0.3.tgz 0ms (cache hit)
2626 http cache zod-to-json-schema@https://registry.npmjs.org/zod-to-json-schema/-/zod-to-json-schema-3.25.2.tgz 0ms (cache hit)
2627 http cache zod-to-ts@https://registry.npmjs.org/zod-to-ts/-/zod-to-ts-1.2.0.tgz 0ms (cache hit)
2628 http cache yocto-spinner@https://registry.npmjs.org/yocto-spinner/-/yocto-spinner-0.2.3.tgz 0ms (cache hit)
2629 http cache xxhash-wasm@https://registry.npmjs.org/xxhash-wasm/-/xxhash-wasm-1.1.0.tgz 0ms (cache hit)
2630 http cache zod@https://registry.npmjs.org/zod/-/zod-3.25.76.tgz 0ms (cache hit)
2631 http cache vitefu@https://registry.npmjs.org/vitefu/-/vitefu-1.1.3.tgz 0ms (cache hit)
2632 http cache yargs-parser@https://registry.npmjs.org/yargs-parser/-/yargs-parser-21.1.1.tgz 0ms (cache hit)
2633 http cache vite@https://registry.npmjs.org/vite/-/vite-6.4.3.tgz 0ms (cache hit)
2634 http cache unist-util-visit@https://registry.npmjs.org/unist-util-visit/-/unist-util-visit-5.1.0.tgz 0ms (cache hit)
2635 http cache unstorage@https://registry.npmjs.org/unstorage/-/unstorage-1.17.5.tgz 0ms (cache hit)
2636 http cache vfile@https://registry.npmjs.org/vfile/-/vfile-6.0.3.tgz 0ms (cache hit)
2637 http cache unifont@https://registry.npmjs.org/unifont/-/unifont-0.7.5.tgz 0ms (cache hit)
2638 http cache ultrahtml@https://registry.npmjs.org/ultrahtml/-/ultrahtml-1.7.0.tgz 0ms (cache hit)
2639 http cache tinyexec@https://registry.npmjs.org/tinyexec/-/tinyexec-1.3.1.tgz 0ms (cache hit)
2640 http cache tsconfck@https://registry.npmjs.org/tsconfck/-/tsconfck-3.1.6.tgz 0ms (cache hit)
2641 http cache smol-toml@https://registry.npmjs.org/smol-toml/-/smol-toml-1.8.0.tgz 0ms (cache hit)
2642 http cache sharp@https://registry.npmjs.org/sharp/-/sharp-0.34.5.tgz 0ms (cache hit)
2643 http cache shiki@https://registry.npmjs.org/shiki/-/shiki-3.23.0.tgz 0ms (cache hit)
2644 http cache svgo@https://registry.npmjs.org/svgo/-/svgo-4.1.0.tgz 0ms (cache hit)
2645 http cache semver@https://registry.npmjs.org/semver/-/semver-7.8.5.tgz 0ms (cache hit)
2646 http cache tinyglobby@https://registry.npmjs.org/tinyglobby/-/tinyglobby-0.2.17.tgz 0ms (cache hit)
2647 http cache picomatch@https://registry.npmjs.org/picomatch/-/picomatch-4.0.7.tgz 0ms (cache hit)
2648 http cache rehype@https://registry.npmjs.org/rehype/-/rehype-13.0.2.tgz 0ms (cache hit)
2649 http cache prompts@https://registry.npmjs.org/prompts/-/prompts-2.4.2.tgz 0ms (cache hit)
2650 http cache package-manager-detector@https://registry.npmjs.org/package-manager-detector/-/package-manager-detector-1.8.0.tgz 0ms (cache hit)
2651 http cache p-queue@https://registry.npmjs.org/p-queue/-/p-queue-8.1.1.tgz 0ms (cache hit)
2652 http cache p-limit@https://registry.npmjs.org/p-limit/-/p-limit-6.2.0.tgz 0ms (cache hit)
2653 http cache neotraverse@https://registry.npmjs.org/neotraverse/-/neotraverse-0.6.18.tgz 0ms (cache hit)
2654 http cache piccolore@https://registry.npmjs.org/piccolore/-/piccolore-0.1.3.tgz 0ms (cache hit)
2655 http cache mrmime@https://registry.npmjs.org/mrmime/-/mrmime-2.0.1.tgz 0ms (cache hit)
2656 http cache magicast@https://registry.npmjs.org/magicast/-/magicast-0.5.5.tgz 0ms (cache hit)
2657 http cache magic-string@https://registry.npmjs.org/magic-string/-/magic-string-0.30.21.tgz 0ms (cache hit)
2658 http cache js-yaml@https://registry.npmjs.org/js-yaml/-/js-yaml-4.3.2.tgz 0ms (cache hit)
2659 http cache import-meta-resolve@https://registry.npmjs.org/import-meta-resolve/-/import-meta-resolve-4.2.0.tgz 0ms (cache hit)
2660 http cache html-escaper@https://registry.npmjs.org/html-escaper/-/html-escaper-3.0.3.tgz 0ms (cache hit)
2661 http cache http-cache-semantics@https://registry.npmjs.org/http-cache-semantics/-/http-cache-semantics-4.2.0.tgz 0ms (cache hit)
2662 http cache flattie@https://registry.npmjs.org/flattie/-/flattie-1.1.1.tgz 0ms (cache hit)
2663 http cache github-slugger@https://registry.npmjs.org/github-slugger/-/github-slugger-2.0.0.tgz 0ms (cache hit)
2664 http cache estree-walker@https://registry.npmjs.org/estree-walker/-/estree-walker-3.0.3.tgz 0ms (cache hit)
2665 http cache es-module-lexer@https://registry.npmjs.org/es-module-lexer/-/es-module-lexer-1.7.0.tgz 0ms (cache hit)
2666 http cache dset@https://registry.npmjs.org/dset/-/dset-3.1.4.tgz 0ms (cache hit)
2667 http cache fontace@https://registry.npmjs.org/fontace/-/fontace-0.4.1.tgz 0ms (cache hit)
2668 http cache dlv@https://registry.npmjs.org/dlv/-/dlv-1.1.3.tgz 0ms (cache hit)
2669 http cache esbuild@https://registry.npmjs.org/esbuild/-/esbuild-0.27.7.tgz 0ms (cache hit)
2670 http cache devalue@https://registry.npmjs.org/devalue/-/devalue-5.9.2.tgz 0ms (cache hit)
2671 http cache diff@https://registry.npmjs.org/diff/-/diff-8.0.4.tgz 0ms (cache hit)
2672 http cache cssesc@https://registry.npmjs.org/cssesc/-/cssesc-3.0.0.tgz 0ms (cache hit)
2673 http cache debug@https://registry.npmjs.org/debug/-/debug-4.4.3.tgz 0ms (cache hit)
2674 http cache cookie@https://registry.npmjs.org/cookie/-/cookie-1.1.1.tgz 0ms (cache hit)
2675 http cache deterministic-object-hash@https://registry.npmjs.org/deterministic-object-hash/-/deterministic-object-hash-2.0.2.tgz 0ms (cache hit)
2676 http cache common-ancestor-path@https://registry.npmjs.org/common-ancestor-path/-/common-ancestor-path-1.0.1.tgz 0ms (cache hit)
2677 http cache clsx@https://registry.npmjs.org/clsx/-/clsx-2.1.1.tgz 0ms (cache hit)
2678 http cache boxen@https://registry.npmjs.org/boxen/-/boxen-8.0.1.tgz 0ms (cache hit)
2679 http cache ci-info@https://registry.npmjs.org/ci-info/-/ci-info-4.4.0.tgz 0ms (cache hit)
2680 http cache axobject-query@https://registry.npmjs.org/axobject-query/-/axobject-query-4.1.0.tgz 0ms (cache hit)
2681 http cache aria-query@https://registry.npmjs.org/aria-query/-/aria-query-5.3.2.tgz 0ms (cache hit)
2682 http cache acorn@https://registry.npmjs.org/acorn/-/acorn-8.18.0.tgz 0ms (cache hit)
2683 http cache @rollup/pluginutils@https://registry.npmjs.org/@rollup/pluginutils/-/pluginutils-5.4.0.tgz 0ms (cache hit)
2684 http cache @oslojs/encoding@https://registry.npmjs.org/@oslojs/encoding/-/encoding-1.1.0.tgz 0ms (cache hit)
2685 http cache @capsizecss/unpack@https://registry.npmjs.org/@capsizecss/unpack/-/unpack-4.0.1.tgz 0ms (cache hit)
2686 http cache @astrojs/telemetry@https://registry.npmjs.org/@astrojs/telemetry/-/telemetry-3.3.0.tgz 0ms (cache hit)
2687 http cache typescript@https://registry.npmjs.org/typescript/-/typescript-5.9.3.tgz 0ms (cache hit)
2688 http cache html2canvas@https://registry.npmjs.org/html2canvas/-/html2canvas-1.4.1.tgz 0ms (cache hit)
2689 http cache @astrojs/markdown-remark@https://registry.npmjs.org/@astrojs/markdown-remark/-/markdown-remark-6.3.11.tgz 0ms (cache hit)
2690 http cache @astrojs/internal-helpers@https://registry.npmjs.org/@astrojs/internal-helpers/-/internal-helpers-0.7.6.tgz 0ms (cache hit)
2691 http cache @astrojs/compiler@https://registry.npmjs.org/@astrojs/compiler/-/compiler-2.13.1.tgz 0ms (cache hit)
2692 http cache astro@https://registry.npmjs.org/astro/-/astro-5.18.2.tgz 0ms (cache hit)
2693 http cache entities@https://registry.npmjs.org/entities/-/entities-4.5.0.tgz 0ms (cache hit)
2694 http cache picomatch@https://registry.npmjs.org/picomatch/-/picomatch-2.3.2.tgz 0ms (cache hit)
2695 http cache css-tree@https://registry.npmjs.org/css-tree/-/css-tree-2.2.1.tgz 0ms (cache hit)
2696 http cache ansi-regex@https://registry.npmjs.org/ansi-regex/-/ansi-regex-5.0.1.tgz 0ms (cache hit)
2697 http cache mdn-data@https://registry.npmjs.org/mdn-data/-/mdn-data-2.0.28.tgz 0ms (cache hit)
2698 http cache @esbuild/win32-x64@https://registry.npmjs.org/@esbuild/win32-x64/-/win32-x64-0.25.12.tgz 0ms (cache hit)
2699 http cache strip-ansi@https://registry.npmjs.org/strip-ansi/-/strip-ansi-6.0.1.tgz 0ms (cache hit)
2700 http cache string-width@https://registry.npmjs.org/string-width/-/string-width-4.2.3.tgz 0ms (cache hit)
2701 silly tarball no local data for @rollup/rollup-win32-x64-gnu@https://registry.npmjs.org/@rollup/rollup-win32-x64-gnu/-/rollup-win32-x64-gnu-4.63.3.tgz. Extracting by manifest.
2702 http cache esbuild@https://registry.npmjs.org/esbuild/-/esbuild-0.25.12.tgz 0ms (cache hit)
2703 silly tarball no local data for @rollup/rollup-win32-x64-msvc@https://registry.npmjs.org/@rollup/rollup-win32-x64-msvc/-/rollup-win32-x64-msvc-4.63.3.tgz. Extracting by manifest.
2704 silly tarball no local data for is-fullwidth-code-point@https://registry.npmjs.org/is-fullwidth-code-point/-/is-fullwidth-code-point-3.0.0.tgz. Extracting by manifest.
2705 http cache emoji-regex@https://registry.npmjs.org/emoji-regex/-/emoji-regex-8.0.0.tgz 0ms (cache hit)
2706 silly tarball no local data for yoctocolors@https://registry.npmjs.org/yoctocolors/-/yoctocolors-2.2.0.tgz. Extracting by manifest.
2707 silly tarball no local data for ansi-styles@https://registry.npmjs.org/ansi-styles/-/ansi-styles-6.2.3.tgz. Extracting by manifest.
2708 http cache estree-walker@https://registry.npmjs.org/estree-walker/-/estree-walker-2.0.2.tgz 0ms (cache hit)
2709 silly tarball no local data for nanoid@https://registry.npmjs.org/nanoid/-/nanoid-3.3.19.tgz. Extracting by manifest.
2710 silly tarball no local data for base64-arraybuffer@https://registry.npmjs.org/base64-arraybuffer/-/base64-arraybuffer-1.0.2.tgz. Extracting by manifest.
2711 silly tarball no local data for uncrypto@https://registry.npmjs.org/uncrypto/-/uncrypto-0.1.3.tgz. Extracting by manifest.
2712 silly tarball no local data for postcss@https://registry.npmjs.org/postcss/-/postcss-8.5.28.tgz. Extracting by manifest.
2713 silly tarball no local data for rollup@https://registry.npmjs.org/rollup/-/rollup-4.63.3.tgz. Extracting by manifest.
2714 silly tarball no local data for node-mock-http@https://registry.npmjs.org/node-mock-http/-/node-mock-http-1.0.5.tgz. Extracting by manifest.
2715 silly tarball no local data for radix3@https://registry.npmjs.org/radix3/-/radix3-1.1.2.tgz. Extracting by manifest.
2716 silly tarball no local data for iron-webcrypto@https://registry.npmjs.org/iron-webcrypto/-/iron-webcrypto-1.2.1.tgz. Extracting by manifest.
2717 silly tarball no local data for crossws@https://registry.npmjs.org/crossws/-/crossws-0.3.5.tgz. Extracting by manifest.
2718 silly tarball no local data for cookie-es@https://registry.npmjs.org/cookie-es/-/cookie-es-1.2.3.tgz. Extracting by manifest.
2719 silly tarball no local data for defu@https://registry.npmjs.org/defu/-/defu-6.1.7.tgz. Extracting by manifest.
2720 silly tarball no local data for normalize-path@https://registry.npmjs.org/normalize-path/-/normalize-path-3.0.0.tgz. Extracting by manifest.
2721 silly tarball no local data for ofetch@https://registry.npmjs.org/ofetch/-/ofetch-1.5.1.tgz. Extracting by manifest.
2722 silly tarball no local data for readdirp@https://registry.npmjs.org/readdirp/-/readdirp-5.1.1.tgz. Extracting by manifest.
2723 silly tarball no local data for ufo@https://registry.npmjs.org/ufo/-/ufo-1.6.4.tgz. Extracting by manifest.
2724 silly tarball no local data for h3@https://registry.npmjs.org/h3/-/h3-1.15.11.tgz. Extracting by manifest.
2725 silly tarball no local data for node-fetch-native@https://registry.npmjs.org/node-fetch-native/-/node-fetch-native-1.6.7.tgz. Extracting by manifest.
2726 silly tarball no local data for destr@https://registry.npmjs.org/destr/-/destr-2.0.5.tgz. Extracting by manifest.
2727 silly tarball no local data for chokidar@https://registry.npmjs.org/chokidar/-/chokidar-5.0.0.tgz. Extracting by manifest.
2728 silly tarball no local data for anymatch@https://registry.npmjs.org/anymatch/-/anymatch-3.1.3.tgz. Extracting by manifest.
2729 silly tarball no local data for lru-cache@https://registry.npmjs.org/lru-cache/-/lru-cache-11.5.2.tgz. Extracting by manifest.
2730 silly tarball no local data for array-iterate@https://registry.npmjs.org/array-iterate/-/array-iterate-2.0.1.tgz. Extracting by manifest.
2731 silly tarball no local data for undici@https://registry.npmjs.org/undici/-/undici-8.10.2.tgz. Extracting by manifest.
2732 silly tarball no local data for trough@https://registry.npmjs.org/trough/-/trough-2.2.0.tgz. Extracting by manifest.
2733 silly tarball no local data for extend@https://registry.npmjs.org/extend/-/extend-3.0.2.tgz. Extracting by manifest.
2734 silly tarball no local data for bail@https://registry.npmjs.org/bail/-/bail-2.0.2.tgz. Extracting by manifest.
2735 silly tarball no local data for is-plain-obj@https://registry.npmjs.org/is-plain-obj/-/is-plain-obj-4.1.0.tgz. Extracting by manifest.
2736 silly tarball no local data for fdir@https://registry.npmjs.org/fdir/-/fdir-6.5.0.tgz. Extracting by manifest.
2737 silly tarball no local data for domelementtype@https://registry.npmjs.org/domelementtype/-/domelementtype-2.3.0.tgz. Extracting by manifest.
2738 silly tarball no local data for ohash@https://registry.npmjs.org/ohash/-/ohash-2.0.12.tgz. Extracting by manifest.
2739 silly tarball no local data for mdn-data@https://registry.npmjs.org/mdn-data/-/mdn-data-2.27.1.tgz. Extracting by manifest.
2740 silly tarball no local data for nth-check@https://registry.npmjs.org/nth-check/-/nth-check-2.1.1.tgz. Extracting by manifest.
2741 silly tarball no local data for dom-serializer@https://registry.npmjs.org/dom-serializer/-/dom-serializer-2.0.0.tgz. Extracting by manifest.
2742 silly tarball no local data for domutils@https://registry.npmjs.org/domutils/-/domutils-3.2.2.tgz. Extracting by manifest.
2743 silly tarball no local data for boolbase@https://registry.npmjs.org/boolbase/-/boolbase-1.0.0.tgz. Extracting by manifest.
2744 silly tarball no local data for domhandler@https://registry.npmjs.org/domhandler/-/domhandler-5.0.3.tgz. Extracting by manifest.
2745 silly tarball no local data for sax@https://registry.npmjs.org/sax/-/sax-1.6.1.tgz. Extracting by manifest.
2746 silly tarball no local data for csso@https://registry.npmjs.org/csso/-/csso-5.0.5.tgz. Extracting by manifest.
2747 silly tarball no local data for picocolors@https://registry.npmjs.org/picocolors/-/picocolors-1.1.1.tgz. Extracting by manifest.
2748 silly tarball no local data for css-tree@https://registry.npmjs.org/css-tree/-/css-tree-3.2.1.tgz. Extracting by manifest.
2749 silly tarball no local data for commander@https://registry.npmjs.org/commander/-/commander-11.1.0.tgz. Extracting by manifest.
2750 silly tarball no local data for css-what@https://registry.npmjs.org/css-what/-/css-what-7.0.0.tgz. Extracting by manifest.
2751 silly tarball no local data for css-select@https://registry.npmjs.org/css-select/-/css-select-6.0.0.tgz. Extracting by manifest.
2752 silly tarball no local data for ansi-regex@https://registry.npmjs.org/ansi-regex/-/ansi-regex-6.3.0.tgz. Extracting by manifest.
2753 silly tarball no local data for character-entities-legacy@https://registry.npmjs.org/character-entities-legacy/-/character-entities-legacy-3.0.0.tgz. Extracting by manifest.
2754 silly tarball no local data for strip-ansi@https://registry.npmjs.org/strip-ansi/-/strip-ansi-7.2.0.tgz. Extracting by manifest.
2755 silly tarball no local data for character-entities-html4@https://registry.npmjs.org/character-entities-html4/-/character-entities-html4-2.1.0.tgz. Extracting by manifest.
2756 silly tarball no local data for emoji-regex@https://registry.npmjs.org/emoji-regex/-/emoji-regex-10.6.0.tgz. Extracting by manifest.
2757 silly tarball no local data for get-east-asian-width@https://registry.npmjs.org/get-east-asian-width/-/get-east-asian-width-1.6.0.tgz. Extracting by manifest.
2758 silly tarball no local data for regex@https://registry.npmjs.org/regex/-/regex-6.1.0.tgz. Extracting by manifest.
2759 silly tarball no local data for oniguruma-parser@https://registry.npmjs.org/oniguruma-parser/-/oniguruma-parser-0.12.2.tgz. Extracting by manifest.
2760 silly tarball no local data for oniguruma-to-es@https://registry.npmjs.org/oniguruma-to-es/-/oniguruma-to-es-4.3.6.tgz. Extracting by manifest.
2761 silly tarball no local data for regex-recursion@https://registry.npmjs.org/regex-recursion/-/regex-recursion-6.0.2.tgz. Extracting by manifest.
2762 silly tarball no local data for @shikijs/vscode-textmate@https://registry.npmjs.org/@shikijs/vscode-textmate/-/vscode-textmate-10.0.2.tgz. Extracting by manifest.
2763 silly tarball no local data for @shikijs/types@https://registry.npmjs.org/@shikijs/types/-/types-3.23.0.tgz. Extracting by manifest.
2764 silly tarball no local data for @shikijs/langs@https://registry.npmjs.org/@shikijs/langs/-/langs-3.23.0.tgz. Extracting by manifest.
2765 silly tarball no local data for regex-utilities@https://registry.npmjs.org/regex-utilities/-/regex-utilities-2.3.0.tgz. Extracting by manifest.
2766 silly tarball no local data for @shikijs/themes@https://registry.npmjs.org/@shikijs/themes/-/themes-3.23.0.tgz. Extracting by manifest.
2767 silly tarball no local data for @shikijs/engine-oniguruma@https://registry.npmjs.org/@shikijs/engine-oniguruma/-/engine-oniguruma-3.23.0.tgz. Extracting by manifest.
2768 silly tarball no local data for @shikijs/engine-javascript@https://registry.npmjs.org/@shikijs/engine-javascript/-/engine-javascript-3.23.0.tgz. Extracting by manifest.
2769 silly tarball no local data for tslib@https://registry.npmjs.org/tslib/-/tslib-2.8.1.tgz. Extracting by manifest.
2770 silly tarball no local data for @emnapi/runtime@https://registry.npmjs.org/@emnapi/runtime/-/runtime-1.11.3.tgz. Extracting by manifest.
2771 silly tarball no local data for detect-libc@https://registry.npmjs.org/detect-libc/-/detect-libc-2.1.2.tgz. Extracting by manifest.
2772 silly tarball no local data for @shikijs/core@https://registry.npmjs.org/@shikijs/core/-/core-3.23.0.tgz. Extracting by manifest.
2773 silly tarball no local data for unist-util-visit-children@https://registry.npmjs.org/unist-util-visit-children/-/unist-util-visit-children-3.0.0.tgz. Extracting by manifest.
2774 silly tarball no local data for @img/sharp-win32-x64@https://registry.npmjs.org/@img/sharp-win32-x64/-/sharp-win32-x64-0.34.5.tgz. Extracting by manifest.
2775 silly tarball no local data for @img/colour@https://registry.npmjs.org/@img/colour/-/colour-1.1.0.tgz. Extracting by manifest.
2776 silly tarball no local data for unist-util-modify-children@https://registry.npmjs.org/unist-util-modify-children/-/unist-util-modify-children-4.0.0.tgz. Extracting by manifest.
2777 silly tarball no local data for parse-latin@https://registry.npmjs.org/parse-latin/-/parse-latin-7.0.0.tgz. Extracting by manifest.
2778 silly tarball no local data for nlcst-to-string@https://registry.npmjs.org/nlcst-to-string/-/nlcst-to-string-4.0.0.tgz. Extracting by manifest.
2779 silly tarball no local data for @types/nlcst@https://registry.npmjs.org/@types/nlcst/-/nlcst-2.0.3.tgz. Extracting by manifest.
2780 silly tarball no local data for retext-stringify@https://registry.npmjs.org/retext-stringify/-/retext-stringify-4.0.0.tgz. Extracting by manifest.
2781 silly tarball no local data for retext-latin@https://registry.npmjs.org/retext-latin/-/retext-latin-4.0.0.tgz. Extracting by manifest.
2782 silly tarball no local data for retext-smartypants@https://registry.npmjs.org/retext-smartypants/-/retext-smartypants-6.2.0.tgz. Extracting by manifest.
2783 silly tarball no local data for retext@https://registry.npmjs.org/retext/-/retext-9.0.0.tgz. Extracting by manifest.
2784 silly tarball no local data for micromark-extension-gfm-tagfilter@https://registry.npmjs.org/micromark-extension-gfm-tagfilter/-/micromark-extension-gfm-tagfilter-2.0.0.tgz. Extracting by manifest.
2785 silly tarball no local data for micromark-extension-gfm-table@https://registry.npmjs.org/micromark-extension-gfm-table/-/micromark-extension-gfm-table-2.1.2.tgz. Extracting by manifest.
2786 silly tarball no local data for micromark-extension-gfm-task-list-item@https://registry.npmjs.org/micromark-extension-gfm-task-list-item/-/micromark-extension-gfm-task-list-item-2.1.0.tgz. Extracting by manifest.
2787 silly tarball no local data for micromark-extension-gfm-strikethrough@https://registry.npmjs.org/micromark-extension-gfm-strikethrough/-/micromark-extension-gfm-strikethrough-2.1.0.tgz. Extracting by manifest.
2788 silly tarball no local data for micromark-extension-gfm-footnote@https://registry.npmjs.org/micromark-extension-gfm-footnote/-/micromark-extension-gfm-footnote-2.1.0.tgz. Extracting by manifest.
2789 silly tarball no local data for micromark-extension-gfm-autolink-literal@https://registry.npmjs.org/micromark-extension-gfm-autolink-literal/-/micromark-extension-gfm-autolink-literal-2.1.0.tgz. Extracting by manifest.
2790 silly tarball no local data for micromark-util-html-tag-name@https://registry.npmjs.org/micromark-util-html-tag-name/-/micromark-util-html-tag-name-2.0.1.tgz. Extracting by manifest.
2791 silly tarball no local data for micromark-factory-whitespace@https://registry.npmjs.org/micromark-factory-whitespace/-/micromark-factory-whitespace-2.0.1.tgz. Extracting by manifest.
2792 silly tarball no local data for @types/ms@https://registry.npmjs.org/@types/ms/-/ms-2.1.0.tgz. Extracting by manifest.
2793 silly tarball no local data for micromark-factory-title@https://registry.npmjs.org/micromark-factory-title/-/micromark-factory-title-2.0.1.tgz. Extracting by manifest.
2794 silly tarball no local data for micromark-factory-label@https://registry.npmjs.org/micromark-factory-label/-/micromark-factory-label-2.0.1.tgz. Extracting by manifest.
2795 silly tarball no local data for micromark-util-resolve-all@https://registry.npmjs.org/micromark-util-resolve-all/-/micromark-util-resolve-all-2.0.1.tgz. Extracting by manifest.
2796 silly tarball no local data for micromark-factory-destination@https://registry.npmjs.org/micromark-factory-destination/-/micromark-factory-destination-2.0.1.tgz. Extracting by manifest.
2797 silly tarball no local data for micromark-util-combine-extensions@https://registry.npmjs.org/micromark-util-combine-extensions/-/micromark-util-combine-extensions-2.0.1.tgz. Extracting by manifest.
2798 silly tarball no local data for micromark-util-chunked@https://registry.npmjs.org/micromark-util-chunked/-/micromark-util-chunked-2.0.1.tgz. Extracting by manifest.
2799 silly tarball no local data for micromark-util-subtokenize@https://registry.npmjs.org/micromark-util-subtokenize/-/micromark-util-subtokenize-2.1.0.tgz. Extracting by manifest.
2800 silly tarball no local data for @types/debug@https://registry.npmjs.org/@types/debug/-/debug-4.1.13.tgz. Extracting by manifest.
2801 silly tarball no local data for micromark-core-commonmark@https://registry.npmjs.org/micromark-core-commonmark/-/micromark-core-commonmark-2.0.3.tgz. Extracting by manifest.
2802 silly tarball no local data for micromark-factory-space@https://registry.npmjs.org/micromark-factory-space/-/micromark-factory-space-2.0.1.tgz. Extracting by manifest.
2803 silly tarball no local data for mdast-util-phrasing@https://registry.npmjs.org/mdast-util-phrasing/-/mdast-util-phrasing-4.1.0.tgz. Extracting by manifest.
2804 silly tarball no local data for micromark-util-classify-character@https://registry.npmjs.org/micromark-util-classify-character/-/micromark-util-classify-character-2.0.1.tgz. Extracting by manifest.
2805 silly tarball no local data for longest-streak@https://registry.npmjs.org/longest-streak/-/longest-streak-3.1.0.tgz. Extracting by manifest.
2806 silly tarball no local data for markdown-table@https://registry.npmjs.org/markdown-table/-/markdown-table-3.0.4.tgz. Extracting by manifest.
2807 silly tarball no local data for unist-util-is@https://registry.npmjs.org/unist-util-is/-/unist-util-is-6.0.1.tgz. Extracting by manifest.
2808 silly tarball no local data for escape-string-regexp@https://registry.npmjs.org/escape-string-regexp/-/escape-string-regexp-5.0.0.tgz. Extracting by manifest.
2809 silly tarball no local data for mdast-util-find-and-replace@https://registry.npmjs.org/mdast-util-find-and-replace/-/mdast-util-find-and-replace-3.0.2.tgz. Extracting by manifest.
2810 silly tarball no local data for character-entities@https://registry.npmjs.org/character-entities/-/character-entities-2.0.2.tgz. Extracting by manifest.
2811 silly tarball no local data for unist-util-stringify-position@https://registry.npmjs.org/unist-util-stringify-position/-/unist-util-stringify-position-4.0.0.tgz. Extracting by manifest.
2812 silly tarball no local data for micromark-util-normalize-identifier@https://registry.npmjs.org/micromark-util-normalize-identifier/-/micromark-util-normalize-identifier-2.0.1.tgz. Extracting by manifest.
2813 silly tarball no local data for micromark-util-decode-string@https://registry.npmjs.org/micromark-util-decode-string/-/micromark-util-decode-string-2.0.1.tgz. Extracting by manifest.
2814 silly tarball no local data for micromark-util-decode-numeric-character-reference@https://registry.npmjs.org/micromark-util-decode-numeric-character-reference/-/micromark-util-decode-numeric-character-reference-2.0.2.tgz. Extracting by manifest.
2815 silly tarball no local data for decode-named-character-reference@https://registry.npmjs.org/decode-named-character-reference/-/decode-named-character-reference-1.3.0.tgz. Extracting by manifest.
2816 silly tarball no local data for micromark@https://registry.npmjs.org/micromark/-/micromark-4.0.2.tgz. Extracting by manifest.
2817 silly tarball no local data for mdast-util-to-string@https://registry.npmjs.org/mdast-util-to-string/-/mdast-util-to-string-4.0.0.tgz. Extracting by manifest.
2818 silly tarball no local data for mdast-util-to-markdown@https://registry.npmjs.org/mdast-util-to-markdown/-/mdast-util-to-markdown-2.1.2.tgz. Extracting by manifest.
2819 silly tarball no local data for mdast-util-gfm-task-list-item@https://registry.npmjs.org/mdast-util-gfm-task-list-item/-/mdast-util-gfm-task-list-item-2.0.0.tgz. Extracting by manifest.
2820 silly tarball no local data for mdast-util-gfm-strikethrough@https://registry.npmjs.org/mdast-util-gfm-strikethrough/-/mdast-util-gfm-strikethrough-2.0.0.tgz. Extracting by manifest.
2821 silly tarball no local data for mdast-util-gfm-table@https://registry.npmjs.org/mdast-util-gfm-table/-/mdast-util-gfm-table-2.0.0.tgz. Extracting by manifest.
2822 silly tarball no local data for mdast-util-gfm-autolink-literal@https://registry.npmjs.org/mdast-util-gfm-autolink-literal/-/mdast-util-gfm-autolink-literal-2.0.1.tgz. Extracting by manifest.
2823 silly tarball no local data for mdast-util-gfm-footnote@https://registry.npmjs.org/mdast-util-gfm-footnote/-/mdast-util-gfm-footnote-2.1.0.tgz. Extracting by manifest.
2824 silly tarball no local data for remark-stringify@https://registry.npmjs.org/remark-stringify/-/remark-stringify-11.0.0.tgz. Extracting by manifest.
2825 silly tarball no local data for micromark-extension-gfm@https://registry.npmjs.org/micromark-extension-gfm/-/micromark-extension-gfm-3.0.0.tgz. Extracting by manifest.
2826 silly tarball no local data for mdast-util-from-markdown@https://registry.npmjs.org/mdast-util-from-markdown/-/mdast-util-from-markdown-2.0.3.tgz. Extracting by manifest.
2827 silly tarball no local data for mdast-util-gfm@https://registry.npmjs.org/mdast-util-gfm/-/mdast-util-gfm-3.1.0.tgz. Extracting by manifest.
2828 silly tarball no local data for stringify-entities@https://registry.npmjs.org/stringify-entities/-/stringify-entities-4.0.4.tgz. Extracting by manifest.
2829 silly tarball no local data for hast-util-whitespace@https://registry.npmjs.org/hast-util-whitespace/-/hast-util-whitespace-3.0.0.tgz. Extracting by manifest.
2830 silly tarball no local data for ccount@https://registry.npmjs.org/ccount/-/ccount-2.0.1.tgz. Extracting by manifest.
2831 silly tarball no local data for micromark-util-symbol@https://registry.npmjs.org/micromark-util-symbol/-/micromark-util-symbol-2.0.1.tgz. Extracting by manifest.
2832 silly tarball no local data for hast-util-to-html@https://registry.npmjs.org/hast-util-to-html/-/hast-util-to-html-9.0.5.tgz. Extracting by manifest.
2833 silly tarball no local data for micromark-util-character@https://registry.npmjs.org/micromark-util-character/-/micromark-util-character-2.1.1.tgz. Extracting by manifest.
2834 silly tarball no local data for micromark-util-types@https://registry.npmjs.org/micromark-util-types/-/micromark-util-types-2.0.2.tgz. Extracting by manifest.
2835 silly tarball no local data for micromark-util-encode@https://registry.npmjs.org/micromark-util-encode/-/micromark-util-encode-2.0.1.tgz. Extracting by manifest.
2836 silly tarball no local data for trim-lines@https://registry.npmjs.org/trim-lines/-/trim-lines-3.0.1.tgz. Extracting by manifest.
2837 silly tarball no local data for zwitch@https://registry.npmjs.org/zwitch/-/zwitch-2.0.4.tgz. Extracting by manifest.
2838 silly tarball no local data for micromark-util-sanitize-uri@https://registry.npmjs.org/micromark-util-sanitize-uri/-/micromark-util-sanitize-uri-2.0.1.tgz. Extracting by manifest.
2839 silly tarball no local data for @ungap/structured-clone@https://registry.npmjs.org/@ungap/structured-clone/-/structured-clone-1.4.0.tgz. Extracting by manifest.
2840 silly tarball no local data for mdast-util-to-hast@https://registry.npmjs.org/mdast-util-to-hast/-/mdast-util-to-hast-13.2.1.tgz. Extracting by manifest.
2841 silly tarball no local data for unist-util-position@https://registry.npmjs.org/unist-util-position/-/unist-util-position-5.0.0.tgz. Extracting by manifest.
2842 silly tarball no local data for hast-util-raw@https://registry.npmjs.org/hast-util-raw/-/hast-util-raw-9.1.0.tgz. Extracting by manifest.
2843 silly tarball no local data for hast-util-to-parse5@https://registry.npmjs.org/hast-util-to-parse5/-/hast-util-to-parse5-8.0.1.tgz. Extracting by manifest.
2844 silly tarball no local data for html-void-elements@https://registry.npmjs.org/html-void-elements/-/html-void-elements-3.0.0.tgz. Extracting by manifest.
2845 silly tarball no local data for rehype-parse@https://registry.npmjs.org/rehype-parse/-/rehype-parse-9.0.1.tgz. Extracting by manifest.
2846 silly tarball no local data for sisteransi@https://registry.npmjs.org/sisteransi/-/sisteransi-1.0.5.tgz. Extracting by manifest.
2847 silly tarball no local data for kleur@https://registry.npmjs.org/kleur/-/kleur-3.0.3.tgz. Extracting by manifest.
2848 silly tarball no local data for entities@https://registry.npmjs.org/entities/-/entities-6.0.1.tgz. Extracting by manifest.
2849 silly tarball no local data for @babel/helper-validator-identifier@https://registry.npmjs.org/@babel/helper-validator-identifier/-/helper-validator-identifier-7.29.7.tgz. Extracting by manifest.
2850 silly tarball no local data for @types/mdast@https://registry.npmjs.org/@types/mdast/-/mdast-4.0.4.tgz. Extracting by manifest.
2851 silly tarball no local data for @babel/helper-string-parser@https://registry.npmjs.org/@babel/helper-string-parser/-/helper-string-parser-7.29.7.tgz. Extracting by manifest.
2852 silly tarball no local data for eventemitter3@https://registry.npmjs.org/eventemitter3/-/eventemitter3-5.0.4.tgz. Extracting by manifest.
2853 silly tarball no local data for p-timeout@https://registry.npmjs.org/p-timeout/-/p-timeout-6.1.4.tgz. Extracting by manifest.
2854 silly tarball no local data for yocto-queue@https://registry.npmjs.org/yocto-queue/-/yocto-queue-1.2.2.tgz. Extracting by manifest.
2855 silly tarball no local data for @babel/types@https://registry.npmjs.org/@babel/types/-/types-7.29.8.tgz. Extracting by manifest.
2856 silly tarball no local data for argparse@https://registry.npmjs.org/argparse/-/argparse-2.0.1.tgz. Extracting by manifest.
2857 silly tarball no local data for @babel/parser@https://registry.npmjs.org/@babel/parser/-/parser-7.29.8.tgz. Extracting by manifest.
2858 silly tarball no local data for source-map-js@https://registry.npmjs.org/source-map-js/-/source-map-js-1.2.1.tgz. Extracting by manifest.
2859 silly tarball no local data for @jridgewell/sourcemap-codec@https://registry.npmjs.org/@jridgewell/sourcemap-codec/-/sourcemap-codec-1.6.0.tgz. Extracting by manifest.
2860 silly tarball no local data for is-inside-container@https://registry.npmjs.org/is-inside-container/-/is-inside-container-1.0.0.tgz. Extracting by manifest.
2861 silly tarball no local data for utrie@https://registry.npmjs.org/utrie/-/utrie-1.0.2.tgz. Extracting by manifest.
2862 silly tarball no local data for space-separated-tokens@https://registry.npmjs.org/space-separated-tokens/-/space-separated-tokens-2.0.2.tgz. Extracting by manifest.
2863 silly tarball no local data for text-segmentation@https://registry.npmjs.org/text-segmentation/-/text-segmentation-1.0.3.tgz. Extracting by manifest.
2864 silly tarball no local data for css-line-break@https://registry.npmjs.org/css-line-break/-/css-line-break-2.1.0.tgz. Extracting by manifest.
2865 silly tarball no local data for comma-separated-tokens@https://registry.npmjs.org/comma-separated-tokens/-/comma-separated-tokens-2.0.3.tgz. Extracting by manifest.
2866 silly tarball no local data for hast-util-parse-selector@https://registry.npmjs.org/hast-util-parse-selector/-/hast-util-parse-selector-4.0.0.tgz. Extracting by manifest.
2867 silly tarball no local data for vfile-location@https://registry.npmjs.org/vfile-location/-/vfile-location-5.0.3.tgz. Extracting by manifest.
2868 silly tarball no local data for hast-util-is-element@https://registry.npmjs.org/hast-util-is-element/-/hast-util-is-element-3.0.0.tgz. Extracting by manifest.
2869 silly tarball no local data for unist-util-find-after@https://registry.npmjs.org/unist-util-find-after/-/unist-util-find-after-5.0.0.tgz. Extracting by manifest.
2870 silly tarball no local data for hastscript@https://registry.npmjs.org/hastscript/-/hastscript-9.0.1.tgz. Extracting by manifest.
2871 silly tarball no local data for property-information@https://registry.npmjs.org/property-information/-/property-information-7.2.0.tgz. Extracting by manifest.
2872 silly tarball no local data for @types/unist@https://registry.npmjs.org/@types/unist/-/unist-3.0.3.tgz. Extracting by manifest.
2873 silly tarball no local data for dequal@https://registry.npmjs.org/dequal/-/dequal-2.0.3.tgz. Extracting by manifest.
2874 silly tarball no local data for web-namespaces@https://registry.npmjs.org/web-namespaces/-/web-namespaces-2.0.1.tgz. Extracting by manifest.
2875 silly tarball no local data for vfile-message@https://registry.npmjs.org/vfile-message/-/vfile-message-4.0.3.tgz. Extracting by manifest.
2876 silly tarball no local data for @types/hast@https://registry.npmjs.org/@types/hast/-/hast-3.0.5.tgz. Extracting by manifest.
2877 silly tarball no local data for parse5@https://registry.npmjs.org/parse5/-/parse5-7.3.0.tgz. Extracting by manifest.
2878 silly tarball no local data for devlop@https://registry.npmjs.org/devlop/-/devlop-1.1.0.tgz. Extracting by manifest.
2879 silly tarball no local data for hast-util-from-parse5@https://registry.npmjs.org/hast-util-from-parse5/-/hast-util-from-parse5-8.0.3.tgz. Extracting by manifest.
2880 silly tarball no local data for tiny-inflate@https://registry.npmjs.org/tiny-inflate/-/tiny-inflate-1.0.3.tgz. Extracting by manifest.
2881 silly tarball no local data for @esbuild/win32-x64@https://registry.npmjs.org/@esbuild/win32-x64/-/win32-x64-0.27.7.tgz. Extracting by manifest.
2882 silly tarball no local data for base-64@https://registry.npmjs.org/base-64/-/base-64-1.0.0.tgz. Extracting by manifest.
2883 silly tarball no local data for ms@https://registry.npmjs.org/ms/-/ms-2.1.3.tgz. Extracting by manifest.
2884 silly tarball no local data for wrap-ansi@https://registry.npmjs.org/wrap-ansi/-/wrap-ansi-9.0.2.tgz. Extracting by manifest.
2885 silly tarball no local data for widest-line@https://registry.npmjs.org/widest-line/-/widest-line-5.0.0.tgz. Extracting by manifest.
2886 silly tarball no local data for type-fest@https://registry.npmjs.org/type-fest/-/type-fest-4.41.0.tgz. Extracting by manifest.
2887 silly tarball no local data for string-width@https://registry.npmjs.org/string-width/-/string-width-7.2.0.tgz. Extracting by manifest.
2888 silly tarball no local data for @types/estree@https://registry.npmjs.org/@types/estree/-/estree-1.0.9.tgz. Extracting by manifest.
2889 silly tarball no local data for cli-boxes@https://registry.npmjs.org/cli-boxes/-/cli-boxes-3.0.0.tgz. Extracting by manifest.
2890 silly tarball no local data for chalk@https://registry.npmjs.org/chalk/-/chalk-5.6.2.tgz. Extracting by manifest.
2891 silly tarball no local data for ansi-align@https://registry.npmjs.org/ansi-align/-/ansi-align-3.0.1.tgz. Extracting by manifest.
2892 silly tarball no local data for camelcase@https://registry.npmjs.org/camelcase/-/camelcase-8.0.0.tgz. Extracting by manifest.
2893 silly tarball no local data for which-pm-runs@https://registry.npmjs.org/which-pm-runs/-/which-pm-runs-1.1.0.tgz. Extracting by manifest.
2894 silly tarball no local data for fontkitten@https://registry.npmjs.org/fontkitten/-/fontkitten-1.0.3.tgz. Extracting by manifest.
2895 silly tarball no local data for is-wsl@https://registry.npmjs.org/is-wsl/-/is-wsl-3.1.1.tgz. Extracting by manifest.
2896 silly tarball no local data for is-docker@https://registry.npmjs.org/is-docker/-/is-docker-3.0.0.tgz. Extracting by manifest.
2897 silly tarball no local data for prismjs@https://registry.npmjs.org/prismjs/-/prismjs-1.30.0.tgz. Extracting by manifest.
2898 silly tarball no local data for unist-util-visit-parents@https://registry.npmjs.org/unist-util-visit-parents/-/unist-util-visit-parents-6.0.2.tgz. Extracting by manifest.
2899 silly tarball no local data for unist-util-remove-position@https://registry.npmjs.org/unist-util-remove-position/-/unist-util-remove-position-5.0.0.tgz. Extracting by manifest.
2900 silly tarball no local data for unified@https://registry.npmjs.org/unified/-/unified-11.0.5.tgz. Extracting by manifest.
2901 silly tarball no local data for remark-smartypants@https://registry.npmjs.org/remark-smartypants/-/remark-smartypants-3.0.3.tgz. Extracting by manifest.
2902 silly tarball no local data for remark-parse@https://registry.npmjs.org/remark-parse/-/remark-parse-11.0.0.tgz. Extracting by manifest.
2903 silly tarball no local data for remark-rehype@https://registry.npmjs.org/remark-rehype/-/remark-rehype-11.1.2.tgz. Extracting by manifest.
2904 silly tarball no local data for rehype-raw@https://registry.npmjs.org/rehype-raw/-/rehype-raw-7.0.0.tgz. Extracting by manifest.
2905 silly tarball no local data for rehype-stringify@https://registry.npmjs.org/rehype-stringify/-/rehype-stringify-10.0.1.tgz. Extracting by manifest.
2906 silly tarball no local data for remark-gfm@https://registry.npmjs.org/remark-gfm/-/remark-gfm-4.0.1.tgz. Extracting by manifest.
2907 silly tarball no local data for mdast-util-definitions@https://registry.npmjs.org/mdast-util-definitions/-/mdast-util-definitions-6.0.0.tgz. Extracting by manifest.
2908 silly tarball no local data for hast-util-to-text@https://registry.npmjs.org/hast-util-to-text/-/hast-util-to-text-4.0.2.tgz. Extracting by manifest.
2909 silly tarball no local data for @astrojs/prism@https://registry.npmjs.org/@astrojs/prism/-/prism-3.3.0.tgz. Extracting by manifest.
2910 silly tarball no local data for hast-util-from-html@https://registry.npmjs.org/hast-util-from-html/-/hast-util-from-html-2.0.3.tgz. Extracting by manifest.
2911 silly tarball no local data for zod-to-json-schema@https://registry.npmjs.org/zod-to-json-schema/-/zod-to-json-schema-3.25.2.tgz. Extracting by manifest.
2912 silly tarball no local data for zod-to-ts@https://registry.npmjs.org/zod-to-ts/-/zod-to-ts-1.2.0.tgz. Extracting by manifest.
2913 silly tarball no local data for yocto-spinner@https://registry.npmjs.org/yocto-spinner/-/yocto-spinner-0.2.3.tgz. Extracting by manifest.
2914 silly tarball no local data for xxhash-wasm@https://registry.npmjs.org/xxhash-wasm/-/xxhash-wasm-1.1.0.tgz. Extracting by manifest.
2915 silly tarball no local data for zod@https://registry.npmjs.org/zod/-/zod-3.25.76.tgz. Extracting by manifest.
2916 silly tarball no local data for vitefu@https://registry.npmjs.org/vitefu/-/vitefu-1.1.3.tgz. Extracting by manifest.
2917 silly tarball no local data for yargs-parser@https://registry.npmjs.org/yargs-parser/-/yargs-parser-21.1.1.tgz. Extracting by manifest.
2918 silly tarball no local data for vite@https://registry.npmjs.org/vite/-/vite-6.4.3.tgz. Extracting by manifest.
2919 silly tarball no local data for unist-util-visit@https://registry.npmjs.org/unist-util-visit/-/unist-util-visit-5.1.0.tgz. Extracting by manifest.
2920 silly tarball no local data for unstorage@https://registry.npmjs.org/unstorage/-/unstorage-1.17.5.tgz. Extracting by manifest.
2921 silly tarball no local data for vfile@https://registry.npmjs.org/vfile/-/vfile-6.0.3.tgz. Extracting by manifest.
2922 silly tarball no local data for unifont@https://registry.npmjs.org/unifont/-/unifont-0.7.5.tgz. Extracting by manifest.
2923 silly tarball no local data for ultrahtml@https://registry.npmjs.org/ultrahtml/-/ultrahtml-1.7.0.tgz. Extracting by manifest.
2924 silly tarball no local data for tinyexec@https://registry.npmjs.org/tinyexec/-/tinyexec-1.3.1.tgz. Extracting by manifest.
2925 silly tarball no local data for tsconfck@https://registry.npmjs.org/tsconfck/-/tsconfck-3.1.6.tgz. Extracting by manifest.
2926 silly tarball no local data for smol-toml@https://registry.npmjs.org/smol-toml/-/smol-toml-1.8.0.tgz. Extracting by manifest.
2927 silly tarball no local data for sharp@https://registry.npmjs.org/sharp/-/sharp-0.34.5.tgz. Extracting by manifest.
2928 silly tarball no local data for shiki@https://registry.npmjs.org/shiki/-/shiki-3.23.0.tgz. Extracting by manifest.
2929 silly tarball no local data for svgo@https://registry.npmjs.org/svgo/-/svgo-4.1.0.tgz. Extracting by manifest.
2930 silly tarball no local data for semver@https://registry.npmjs.org/semver/-/semver-7.8.5.tgz. Extracting by manifest.
2931 silly tarball no local data for tinyglobby@https://registry.npmjs.org/tinyglobby/-/tinyglobby-0.2.17.tgz. Extracting by manifest.
2932 silly tarball no local data for picomatch@https://registry.npmjs.org/picomatch/-/picomatch-4.0.7.tgz. Extracting by manifest.
2933 silly tarball no local data for rehype@https://registry.npmjs.org/rehype/-/rehype-13.0.2.tgz. Extracting by manifest.
2934 silly tarball no local data for prompts@https://registry.npmjs.org/prompts/-/prompts-2.4.2.tgz. Extracting by manifest.
2935 silly tarball no local data for package-manager-detector@https://registry.npmjs.org/package-manager-detector/-/package-manager-detector-1.8.0.tgz. Extracting by manifest.
2936 silly tarball no local data for p-queue@https://registry.npmjs.org/p-queue/-/p-queue-8.1.1.tgz. Extracting by manifest.
2937 silly tarball no local data for p-limit@https://registry.npmjs.org/p-limit/-/p-limit-6.2.0.tgz. Extracting by manifest.
2938 silly tarball no local data for neotraverse@https://registry.npmjs.org/neotraverse/-/neotraverse-0.6.18.tgz. Extracting by manifest.
2939 silly tarball no local data for piccolore@https://registry.npmjs.org/piccolore/-/piccolore-0.1.3.tgz. Extracting by manifest.
2940 silly tarball no local data for mrmime@https://registry.npmjs.org/mrmime/-/mrmime-2.0.1.tgz. Extracting by manifest.
2941 silly tarball no local data for magicast@https://registry.npmjs.org/magicast/-/magicast-0.5.5.tgz. Extracting by manifest.
2942 silly tarball no local data for magic-string@https://registry.npmjs.org/magic-string/-/magic-string-0.30.21.tgz. Extracting by manifest.
2943 silly tarball no local data for js-yaml@https://registry.npmjs.org/js-yaml/-/js-yaml-4.3.2.tgz. Extracting by manifest.
2944 silly tarball no local data for import-meta-resolve@https://registry.npmjs.org/import-meta-resolve/-/import-meta-resolve-4.2.0.tgz. Extracting by manifest.
2945 silly tarball no local data for html-escaper@https://registry.npmjs.org/html-escaper/-/html-escaper-3.0.3.tgz. Extracting by manifest.
2946 silly tarball no local data for http-cache-semantics@https://registry.npmjs.org/http-cache-semantics/-/http-cache-semantics-4.2.0.tgz. Extracting by manifest.
2947 silly tarball no local data for flattie@https://registry.npmjs.org/flattie/-/flattie-1.1.1.tgz. Extracting by manifest.
2948 silly tarball no local data for github-slugger@https://registry.npmjs.org/github-slugger/-/github-slugger-2.0.0.tgz. Extracting by manifest.
2949 silly tarball no local data for estree-walker@https://registry.npmjs.org/estree-walker/-/estree-walker-3.0.3.tgz. Extracting by manifest.
2950 silly tarball no local data for es-module-lexer@https://registry.npmjs.org/es-module-lexer/-/es-module-lexer-1.7.0.tgz. Extracting by manifest.
2951 silly tarball no local data for dset@https://registry.npmjs.org/dset/-/dset-3.1.4.tgz. Extracting by manifest.
2952 silly tarball no local data for fontace@https://registry.npmjs.org/fontace/-/fontace-0.4.1.tgz. Extracting by manifest.
2953 silly tarball no local data for dlv@https://registry.npmjs.org/dlv/-/dlv-1.1.3.tgz. Extracting by manifest.
2954 silly tarball no local data for esbuild@https://registry.npmjs.org/esbuild/-/esbuild-0.27.7.tgz. Extracting by manifest.
2955 silly tarball no local data for devalue@https://registry.npmjs.org/devalue/-/devalue-5.9.2.tgz. Extracting by manifest.
2956 silly tarball no local data for diff@https://registry.npmjs.org/diff/-/diff-8.0.4.tgz. Extracting by manifest.
2957 silly tarball no local data for cssesc@https://registry.npmjs.org/cssesc/-/cssesc-3.0.0.tgz. Extracting by manifest.
2958 silly tarball no local data for debug@https://registry.npmjs.org/debug/-/debug-4.4.3.tgz. Extracting by manifest.
2959 silly tarball no local data for cookie@https://registry.npmjs.org/cookie/-/cookie-1.1.1.tgz. Extracting by manifest.
2960 silly tarball no local data for deterministic-object-hash@https://registry.npmjs.org/deterministic-object-hash/-/deterministic-object-hash-2.0.2.tgz. Extracting by manifest.
2961 silly tarball no local data for common-ancestor-path@https://registry.npmjs.org/common-ancestor-path/-/common-ancestor-path-1.0.1.tgz. Extracting by manifest.
2962 silly tarball no local data for clsx@https://registry.npmjs.org/clsx/-/clsx-2.1.1.tgz. Extracting by manifest.
2963 silly tarball no local data for boxen@https://registry.npmjs.org/boxen/-/boxen-8.0.1.tgz. Extracting by manifest.
2964 silly tarball no local data for ci-info@https://registry.npmjs.org/ci-info/-/ci-info-4.4.0.tgz. Extracting by manifest.
2965 silly tarball no local data for axobject-query@https://registry.npmjs.org/axobject-query/-/axobject-query-4.1.0.tgz. Extracting by manifest.
2966 silly tarball no local data for aria-query@https://registry.npmjs.org/aria-query/-/aria-query-5.3.2.tgz. Extracting by manifest.
2967 silly tarball no local data for acorn@https://registry.npmjs.org/acorn/-/acorn-8.18.0.tgz. Extracting by manifest.
2968 silly tarball no local data for @rollup/pluginutils@https://registry.npmjs.org/@rollup/pluginutils/-/pluginutils-5.4.0.tgz. Extracting by manifest.
2969 silly tarball no local data for @oslojs/encoding@https://registry.npmjs.org/@oslojs/encoding/-/encoding-1.1.0.tgz. Extracting by manifest.
2970 silly tarball no local data for @capsizecss/unpack@https://registry.npmjs.org/@capsizecss/unpack/-/unpack-4.0.1.tgz. Extracting by manifest.
2971 silly tarball no local data for @astrojs/telemetry@https://registry.npmjs.org/@astrojs/telemetry/-/telemetry-3.3.0.tgz. Extracting by manifest.
2972 silly tarball no local data for typescript@https://registry.npmjs.org/typescript/-/typescript-5.9.3.tgz. Extracting by manifest.
2973 silly tarball no local data for html2canvas@https://registry.npmjs.org/html2canvas/-/html2canvas-1.4.1.tgz. Extracting by manifest.
2974 silly tarball no local data for @astrojs/markdown-remark@https://registry.npmjs.org/@astrojs/markdown-remark/-/markdown-remark-6.3.11.tgz. Extracting by manifest.
2975 silly tarball no local data for @astrojs/internal-helpers@https://registry.npmjs.org/@astrojs/internal-helpers/-/internal-helpers-0.7.6.tgz. Extracting by manifest.
2976 silly tarball no local data for @astrojs/compiler@https://registry.npmjs.org/@astrojs/compiler/-/compiler-2.13.1.tgz. Extracting by manifest.
2977 silly tarball no local data for astro@https://registry.npmjs.org/astro/-/astro-5.18.2.tgz. Extracting by manifest.
2978 silly tarball no local data for entities@https://registry.npmjs.org/entities/-/entities-4.5.0.tgz. Extracting by manifest.
2979 silly tarball no local data for picomatch@https://registry.npmjs.org/picomatch/-/picomatch-2.3.2.tgz. Extracting by manifest.
2980 silly tarball no local data for css-tree@https://registry.npmjs.org/css-tree/-/css-tree-2.2.1.tgz. Extracting by manifest.
2981 silly tarball no local data for ansi-regex@https://registry.npmjs.org/ansi-regex/-/ansi-regex-5.0.1.tgz. Extracting by manifest.
2982 silly tarball no local data for mdn-data@https://registry.npmjs.org/mdn-data/-/mdn-data-2.0.28.tgz. Extracting by manifest.
2983 silly tarball no local data for @esbuild/win32-x64@https://registry.npmjs.org/@esbuild/win32-x64/-/win32-x64-0.25.12.tgz. Extracting by manifest.
2984 silly tarball no local data for strip-ansi@https://registry.npmjs.org/strip-ansi/-/strip-ansi-6.0.1.tgz. Extracting by manifest.
2985 silly tarball no local data for string-width@https://registry.npmjs.org/string-width/-/string-width-4.2.3.tgz. Extracting by manifest.
2986 silly tarball no local data for esbuild@https://registry.npmjs.org/esbuild/-/esbuild-0.25.12.tgz. Extracting by manifest.
2987 silly tarball no local data for emoji-regex@https://registry.npmjs.org/emoji-regex/-/emoji-regex-8.0.0.tgz. Extracting by manifest.
2988 silly tarball no local data for estree-walker@https://registry.npmjs.org/estree-walker/-/estree-walker-2.0.2.tgz. Extracting by manifest.
2989 http fetch GET 200 https://registry.npmjs.org/yoctocolors/-/yoctocolors-2.2.0.tgz 362ms (cache miss)
2990 http fetch GET 200 https://registry.npmjs.org/nanoid/-/nanoid-3.3.19.tgz 452ms (cache miss)
2991 http fetch GET 200 https://registry.npmjs.org/ansi-styles/-/ansi-styles-6.2.3.tgz 609ms (cache miss)
2992 http fetch GET 200 https://registry.npmjs.org/is-fullwidth-code-point/-/is-fullwidth-code-point-3.0.0.tgz 610ms (cache miss)
2993 http fetch GET 200 https://registry.npmjs.org/uncrypto/-/uncrypto-0.1.3.tgz 611ms (cache miss)
2994 http fetch GET 200 https://registry.npmjs.org/radix3/-/radix3-1.1.2.tgz 809ms (cache miss)
2995 http fetch GET 200 https://registry.npmjs.org/iron-webcrypto/-/iron-webcrypto-1.2.1.tgz 860ms (cache miss)
2996 http fetch GET 200 https://registry.npmjs.org/defu/-/defu-6.1.7.tgz 868ms (cache miss)
2997 http fetch GET 200 https://registry.npmjs.org/cookie-es/-/cookie-es-1.2.3.tgz 876ms (cache miss)
2998 http fetch GET 200 https://registry.npmjs.org/normalize-path/-/normalize-path-3.0.0.tgz 968ms (cache miss)
2999 http fetch GET 200 https://registry.npmjs.org/readdirp/-/readdirp-5.1.1.tgz 988ms (cache miss)
3000 http fetch GET 200 https://registry.npmjs.org/destr/-/destr-2.0.5.tgz 1161ms (cache miss)
3001 http fetch GET 200 https://registry.npmjs.org/base64-arraybuffer/-/base64-arraybuffer-1.0.2.tgz 1167ms (cache miss)
3002 http fetch GET 200 https://registry.npmjs.org/anymatch/-/anymatch-3.1.3.tgz 1256ms (cache miss)
3003 http fetch GET 200 https://registry.npmjs.org/ofetch/-/ofetch-1.5.1.tgz 1300ms (cache miss)
3004 http fetch GET 200 https://registry.npmjs.org/ufo/-/ufo-1.6.4.tgz 1349ms (cache miss)
3005 http fetch GET 200 https://registry.npmjs.org/postcss/-/postcss-8.5.28.tgz 1497ms (cache miss)
3006 http fetch GET 200 https://registry.npmjs.org/trough/-/trough-2.2.0.tgz 1623ms (cache miss)
3007 http fetch GET 200 https://registry.npmjs.org/bail/-/bail-2.0.2.tgz 1656ms (cache miss)
3008 http fetch GET 200 https://registry.npmjs.org/array-iterate/-/array-iterate-2.0.1.tgz 1665ms (cache miss)
3009 http fetch GET 200 https://registry.npmjs.org/node-mock-http/-/node-mock-http-1.0.5.tgz 1683ms (cache miss)
3010 http fetch GET 200 https://registry.npmjs.org/is-plain-obj/-/is-plain-obj-4.1.0.tgz 1752ms (cache miss)
3011 http fetch GET 200 https://registry.npmjs.org/extend/-/extend-3.0.2.tgz 1817ms (cache miss)
3012 http fetch GET 200 https://registry.npmjs.org/crossws/-/crossws-0.3.5.tgz 1852ms (cache miss)
3013 http fetch GET 200 https://registry.npmjs.org/domelementtype/-/domelementtype-2.3.0.tgz 1942ms (cache miss)
3014 http fetch GET 200 https://registry.npmjs.org/fdir/-/fdir-6.5.0.tgz 2044ms (cache miss)
3015 http fetch GET 200 https://registry.npmjs.org/chokidar/-/chokidar-5.0.0.tgz 2055ms (cache miss)
3016 http fetch GET 200 https://registry.npmjs.org/nth-check/-/nth-check-2.1.1.tgz 2112ms (cache miss)
3017 http fetch GET 200 https://registry.npmjs.org/dom-serializer/-/dom-serializer-2.0.0.tgz 2152ms (cache miss)
3018 http fetch GET 200 https://registry.npmjs.org/boolbase/-/boolbase-1.0.0.tgz 2171ms (cache miss)
3019 http fetch GET 200 https://registry.npmjs.org/ohash/-/ohash-2.0.12.tgz 2184ms (cache miss)
3020 http fetch GET 200 https://registry.npmjs.org/picocolors/-/picocolors-1.1.1.tgz 2386ms (cache miss)
3021 http fetch GET 200 https://registry.npmjs.org/mdn-data/-/mdn-data-2.27.1.tgz 2406ms (cache miss)
3022 http fetch GET 200 https://registry.npmjs.org/domhandler/-/domhandler-5.0.3.tgz 2543ms (cache miss)
3023 http fetch GET 200 https://registry.npmjs.org/domutils/-/domutils-3.2.2.tgz 2613ms (cache miss)
3024 http fetch GET 200 https://registry.npmjs.org/ansi-regex/-/ansi-regex-6.3.0.tgz 2808ms (cache miss)
3025 http fetch GET 200 https://registry.npmjs.org/character-entities-legacy/-/character-entities-legacy-3.0.0.tgz 2938ms (cache miss)
3026 http fetch GET 200 https://registry.npmjs.org/strip-ansi/-/strip-ansi-7.2.0.tgz 3075ms (cache miss)
3027 http fetch GET 200 https://registry.npmjs.org/css-select/-/css-select-6.0.0.tgz 3193ms (cache miss)
3028 http fetch GET 200 https://registry.npmjs.org/character-entities-html4/-/character-entities-html4-2.1.0.tgz 3237ms (cache miss)
3029 http fetch GET 200 https://registry.npmjs.org/sax/-/sax-1.6.1.tgz 3264ms (cache miss)
3030 http fetch GET 200 https://registry.npmjs.org/get-east-asian-width/-/get-east-asian-width-1.6.0.tgz 3390ms (cache miss)
3031 http fetch GET 200 https://registry.npmjs.org/emoji-regex/-/emoji-regex-10.6.0.tgz 3405ms (cache miss)
3032 http fetch GET 200 https://registry.npmjs.org/commander/-/commander-11.1.0.tgz 3411ms (cache miss)
3033 http fetch GET 200 https://registry.npmjs.org/css-what/-/css-what-7.0.0.tgz 3475ms (cache miss)
3034 http fetch GET 200 https://registry.npmjs.org/regex-recursion/-/regex-recursion-6.0.2.tgz 3951ms (cache miss)
3035 http fetch GET 200 https://registry.npmjs.org/@shikijs/vscode-textmate/-/vscode-textmate-10.0.2.tgz 4272ms (cache miss)
3036 http fetch GET 200 https://registry.npmjs.org/@shikijs/types/-/types-3.23.0.tgz 4280ms (cache miss)
3037 http fetch GET 200 https://registry.npmjs.org/csso/-/csso-5.0.5.tgz 4537ms (cache miss)
3038 http fetch GET 200 https://registry.npmjs.org/regex-utilities/-/regex-utilities-2.3.0.tgz 4548ms (cache miss)
3039 http fetch GET 200 https://registry.npmjs.org/@shikijs/engine-javascript/-/engine-javascript-3.23.0.tgz 4867ms (cache miss)
3040 http fetch GET 200 https://registry.npmjs.org/oniguruma-to-es/-/oniguruma-to-es-4.3.6.tgz 5174ms (cache miss)
3041 http fetch GET 200 https://registry.npmjs.org/tslib/-/tslib-2.8.1.tgz 5589ms (cache miss)
3042 http fetch GET 200 https://registry.npmjs.org/rollup/-/rollup-4.63.3.tgz 5638ms (cache miss)
3043 http fetch GET 200 https://registry.npmjs.org/@emnapi/runtime/-/runtime-1.11.3.tgz 5696ms (cache miss)
3044 http fetch GET 200 https://registry.npmjs.org/unist-util-visit-children/-/unist-util-visit-children-3.0.0.tgz 5876ms (cache miss)
3045 http fetch GET 200 https://registry.npmjs.org/detect-libc/-/detect-libc-2.1.2.tgz 5928ms (cache miss)
3046 http fetch GET 200 https://registry.npmjs.org/@shikijs/core/-/core-3.23.0.tgz 6014ms (cache miss)
3047 http fetch GET 200 https://registry.npmjs.org/unist-util-modify-children/-/unist-util-modify-children-4.0.0.tgz 6488ms (cache miss)
3048 http fetch GET 200 https://registry.npmjs.org/@img/colour/-/colour-1.1.0.tgz 6693ms (cache miss)
3049 http fetch GET 200 https://registry.npmjs.org/regex/-/regex-6.1.0.tgz 6751ms (cache miss)
3050 http fetch GET 200 https://registry.npmjs.org/parse-latin/-/parse-latin-7.0.0.tgz 6850ms (cache miss)
3051 http fetch GET 200 https://registry.npmjs.org/nlcst-to-string/-/nlcst-to-string-4.0.0.tgz 6978ms (cache miss)
3052 http fetch GET 200 https://registry.npmjs.org/@types/nlcst/-/nlcst-2.0.3.tgz 6986ms (cache miss)
3053 http fetch GET 200 https://registry.npmjs.org/retext-stringify/-/retext-stringify-4.0.0.tgz 7024ms (cache miss)
3054 http fetch GET 200 https://registry.npmjs.org/node-fetch-native/-/node-fetch-native-1.6.7.tgz 7087ms (cache miss)
3055 http fetch GET 200 https://registry.npmjs.org/@shikijs/engine-oniguruma/-/engine-oniguruma-3.23.0.tgz 7072ms (cache miss)
3056 http fetch GET 200 https://registry.npmjs.org/@rollup/rollup-win32-x64-gnu/-/rollup-win32-x64-gnu-4.63.3.tgz 7212ms (cache miss)
3057 http fetch GET 200 https://registry.npmjs.org/retext/-/retext-9.0.0.tgz 7264ms (cache miss)
3058 http fetch GET 200 https://registry.npmjs.org/retext-latin/-/retext-latin-4.0.0.tgz 7264ms (cache miss)
3059 http fetch GET 200 https://registry.npmjs.org/retext-smartypants/-/retext-smartypants-6.2.0.tgz 7302ms (cache miss)
3060 http fetch GET 200 https://registry.npmjs.org/micromark-extension-gfm-task-list-item/-/micromark-extension-gfm-task-list-item-2.1.0.tgz 7692ms (cache miss)
3061 http fetch GET 200 https://registry.npmjs.org/micromark-extension-gfm-autolink-literal/-/micromark-extension-gfm-autolink-literal-2.1.0.tgz 7711ms (cache miss)
3062 http fetch GET 200 https://registry.npmjs.org/micromark-extension-gfm-strikethrough/-/micromark-extension-gfm-strikethrough-2.1.0.tgz 7744ms (cache miss)
3063 http fetch GET 200 https://registry.npmjs.org/micromark-extension-gfm-footnote/-/micromark-extension-gfm-footnote-2.1.0.tgz 7878ms (cache miss)
3064 http fetch GET 200 https://registry.npmjs.org/h3/-/h3-1.15.11.tgz 7914ms (cache miss)
3065 http fetch GET 200 https://registry.npmjs.org/micromark-util-html-tag-name/-/micromark-util-html-tag-name-2.0.1.tgz 7921ms (cache miss)
3066 http fetch GET 200 https://registry.npmjs.org/@types/ms/-/ms-2.1.0.tgz 7980ms (cache miss)
3067 http fetch GET 200 https://registry.npmjs.org/micromark-extension-gfm-tagfilter/-/micromark-extension-gfm-tagfilter-2.0.0.tgz 7995ms (cache miss)
3068 http fetch GET 200 https://registry.npmjs.org/micromark-factory-whitespace/-/micromark-factory-whitespace-2.0.1.tgz 7994ms (cache miss)
3069 http fetch GET 200 https://registry.npmjs.org/micromark-extension-gfm-table/-/micromark-extension-gfm-table-2.1.2.tgz 8047ms (cache miss)
3070 http fetch GET 200 https://registry.npmjs.org/undici/-/undici-8.10.2.tgz 8075ms (cache miss)
3071 http fetch GET 200 https://registry.npmjs.org/@shikijs/themes/-/themes-3.23.0.tgz 8085ms (cache miss)
3072 http fetch GET 200 https://registry.npmjs.org/oniguruma-parser/-/oniguruma-parser-0.12.2.tgz 8091ms (cache miss)
3073 http fetch GET 200 https://registry.npmjs.org/micromark-util-resolve-all/-/micromark-util-resolve-all-2.0.1.tgz 8139ms (cache miss)
3074 http fetch GET 200 https://registry.npmjs.org/micromark-factory-title/-/micromark-factory-title-2.0.1.tgz 8155ms (cache miss)
3075 http fetch GET 200 https://registry.npmjs.org/micromark-util-chunked/-/micromark-util-chunked-2.0.1.tgz 8187ms (cache miss)
3076 http fetch GET 200 https://registry.npmjs.org/micromark-util-combine-extensions/-/micromark-util-combine-extensions-2.0.1.tgz 8195ms (cache miss)
3077 http fetch GET 200 https://registry.npmjs.org/micromark-factory-destination/-/micromark-factory-destination-2.0.1.tgz 8229ms (cache miss)
3078 http fetch GET 200 https://registry.npmjs.org/@types/debug/-/debug-4.1.13.tgz 8235ms (cache miss)
3079 http fetch GET 200 https://registry.npmjs.org/micromark-factory-label/-/micromark-factory-label-2.0.1.tgz 8268ms (cache miss)
3080 http fetch GET 200 https://registry.npmjs.org/micromark-factory-space/-/micromark-factory-space-2.0.1.tgz 8277ms (cache miss)
3081 http fetch GET 200 https://registry.npmjs.org/micromark-util-subtokenize/-/micromark-util-subtokenize-2.1.0.tgz 8343ms (cache miss)
3082 http fetch GET 200 https://registry.npmjs.org/mdast-util-phrasing/-/mdast-util-phrasing-4.1.0.tgz 8354ms (cache miss)
3083 http fetch GET 200 https://registry.npmjs.org/longest-streak/-/longest-streak-3.1.0.tgz 8405ms (cache miss)
3084 http fetch GET 200 https://registry.npmjs.org/micromark-util-classify-character/-/micromark-util-classify-character-2.0.1.tgz 8435ms (cache miss)
3085 http fetch GET 200 https://registry.npmjs.org/escape-string-regexp/-/escape-string-regexp-5.0.0.tgz 8495ms (cache miss)
3086 http fetch GET 200 https://registry.npmjs.org/micromark-util-normalize-identifier/-/micromark-util-normalize-identifier-2.0.1.tgz 8592ms (cache miss)
3087 http fetch GET 200 https://registry.npmjs.org/micromark-core-commonmark/-/micromark-core-commonmark-2.0.3.tgz 8598ms (cache miss)
3088 http fetch GET 200 https://registry.npmjs.org/unist-util-is/-/unist-util-is-6.0.1.tgz 8609ms (cache miss)
3089 http fetch GET 200 https://registry.npmjs.org/unist-util-stringify-position/-/unist-util-stringify-position-4.0.0.tgz 8611ms (cache miss)
3090 http fetch GET 200 https://registry.npmjs.org/micromark-util-decode-string/-/micromark-util-decode-string-2.0.1.tgz 8633ms (cache miss)
3091 http fetch GET 200 https://registry.npmjs.org/micromark-util-decode-numeric-character-reference/-/micromark-util-decode-numeric-character-reference-2.0.2.tgz 8740ms (cache miss)
3092 http fetch GET 200 https://registry.npmjs.org/mdast-util-to-string/-/mdast-util-to-string-4.0.0.tgz 8830ms (cache miss)
3093 http fetch GET 200 https://registry.npmjs.org/mdast-util-find-and-replace/-/mdast-util-find-and-replace-3.0.2.tgz 8833ms (cache miss)
3094 http fetch GET 200 https://registry.npmjs.org/decode-named-character-reference/-/decode-named-character-reference-1.3.0.tgz 8953ms (cache miss)
3095 http fetch GET 200 https://registry.npmjs.org/character-entities/-/character-entities-2.0.2.tgz 8973ms (cache miss)
3096 http fetch GET 200 https://registry.npmjs.org/mdast-util-gfm-autolink-literal/-/mdast-util-gfm-autolink-literal-2.0.1.tgz 9076ms (cache miss)
3097 http fetch GET 200 https://registry.npmjs.org/mdast-util-gfm-strikethrough/-/mdast-util-gfm-strikethrough-2.0.0.tgz 9109ms (cache miss)
3098 http fetch GET 200 https://registry.npmjs.org/mdast-util-gfm-table/-/mdast-util-gfm-table-2.0.0.tgz 9118ms (cache miss)
3099 http fetch GET 200 https://registry.npmjs.org/lru-cache/-/lru-cache-11.5.2.tgz 9166ms (cache miss)
3100 http fetch GET 200 https://registry.npmjs.org/css-tree/-/css-tree-3.2.1.tgz 9227ms (cache miss)
3101 http fetch GET 200 https://registry.npmjs.org/remark-stringify/-/remark-stringify-11.0.0.tgz 9210ms (cache miss)
3102 http fetch GET 200 https://registry.npmjs.org/mdast-util-gfm-task-list-item/-/mdast-util-gfm-task-list-item-2.0.0.tgz 9216ms (cache miss)
3103 http fetch GET 200 https://registry.npmjs.org/micromark-extension-gfm/-/micromark-extension-gfm-3.0.0.tgz 9261ms (cache miss)
3104 http fetch GET 200 https://registry.npmjs.org/mdast-util-gfm-footnote/-/mdast-util-gfm-footnote-2.1.0.tgz 9266ms (cache miss)
3105 http fetch GET 200 https://registry.npmjs.org/markdown-table/-/markdown-table-3.0.4.tgz 9284ms (cache miss)
3106 http fetch GET 200 https://registry.npmjs.org/mdast-util-gfm/-/mdast-util-gfm-3.1.0.tgz 9304ms (cache miss)
3107 http fetch GET 200 https://registry.npmjs.org/ccount/-/ccount-2.0.1.tgz 9333ms (cache miss)
3108 http fetch GET 200 https://registry.npmjs.org/hast-util-whitespace/-/hast-util-whitespace-3.0.0.tgz 9389ms (cache miss)
3109 http fetch GET 200 https://registry.npmjs.org/micromark/-/micromark-4.0.2.tgz 9406ms (cache miss)
3110 http fetch GET 200 https://registry.npmjs.org/mdast-util-to-markdown/-/mdast-util-to-markdown-2.1.2.tgz 9467ms (cache miss)
3111 http fetch GET 200 https://registry.npmjs.org/mdast-util-from-markdown/-/mdast-util-from-markdown-2.0.3.tgz 9486ms (cache miss)
3112 http fetch GET 200 https://registry.npmjs.org/micromark-util-encode/-/micromark-util-encode-2.0.1.tgz 9503ms (cache miss)
3113 http fetch GET 200 https://registry.npmjs.org/trim-lines/-/trim-lines-3.0.1.tgz 9528ms (cache miss)
3114 http fetch GET 200 https://registry.npmjs.org/micromark-util-character/-/micromark-util-character-2.1.1.tgz 9563ms (cache miss)
3115 http fetch GET 200 https://registry.npmjs.org/hast-util-to-html/-/hast-util-to-html-9.0.5.tgz 9586ms (cache miss)
3116 http fetch GET 200 https://registry.npmjs.org/micromark-util-sanitize-uri/-/micromark-util-sanitize-uri-2.0.1.tgz 9592ms (cache miss)
3117 http fetch GET 200 https://registry.npmjs.org/zwitch/-/zwitch-2.0.4.tgz 9601ms (cache miss)
3118 http fetch GET 200 https://registry.npmjs.org/micromark-util-symbol/-/micromark-util-symbol-2.0.1.tgz 9610ms (cache miss)
3119 http fetch GET 200 https://registry.npmjs.org/@rollup/rollup-win32-x64-msvc/-/rollup-win32-x64-msvc-4.63.3.tgz 9681ms (cache miss)
3120 http fetch GET 200 https://registry.npmjs.org/html-void-elements/-/html-void-elements-3.0.0.tgz 9780ms (cache miss)
3121 http fetch GET 200 https://registry.npmjs.org/hast-util-to-parse5/-/hast-util-to-parse5-8.0.1.tgz 9781ms (cache miss)
3122 http fetch GET 200 https://registry.npmjs.org/sisteransi/-/sisteransi-1.0.5.tgz 9830ms (cache miss)
3123 http fetch GET 200 https://registry.npmjs.org/kleur/-/kleur-3.0.3.tgz 9870ms (cache miss)
3124 http fetch GET 200 https://registry.npmjs.org/stringify-entities/-/stringify-entities-4.0.4.tgz 9878ms (cache miss)
3125 http fetch GET 200 https://registry.npmjs.org/@ungap/structured-clone/-/structured-clone-1.4.0.tgz 9972ms (cache miss)
3126 http fetch GET 200 https://registry.npmjs.org/unist-util-position/-/unist-util-position-5.0.0.tgz 10011ms (cache miss)
3127 http fetch GET 200 https://registry.npmjs.org/hast-util-raw/-/hast-util-raw-9.1.0.tgz 10023ms (cache miss)
3128 http fetch GET 200 https://registry.npmjs.org/rehype-parse/-/rehype-parse-9.0.1.tgz 10106ms (cache miss)
3129 http fetch GET 200 https://registry.npmjs.org/micromark-util-types/-/micromark-util-types-2.0.2.tgz 10135ms (cache miss)
3130 http fetch GET 200 https://registry.npmjs.org/p-timeout/-/p-timeout-6.1.4.tgz 10148ms (cache miss)
3131 http fetch GET 200 https://registry.npmjs.org/@babel/helper-validator-identifier/-/helper-validator-identifier-7.29.7.tgz 10197ms (cache miss)
3132 http fetch GET 200 https://registry.npmjs.org/mdast-util-to-hast/-/mdast-util-to-hast-13.2.1.tgz 10269ms (cache miss)
3133 http fetch GET 200 https://registry.npmjs.org/yocto-queue/-/yocto-queue-1.2.2.tgz 10265ms (cache miss)
3134 http fetch GET 200 https://registry.npmjs.org/@babel/helper-string-parser/-/helper-string-parser-7.29.7.tgz 10288ms (cache miss)
3135 http fetch GET 200 https://registry.npmjs.org/@types/mdast/-/mdast-4.0.4.tgz 10289ms (cache miss)
3136 http fetch GET 200 https://registry.npmjs.org/eventemitter3/-/eventemitter3-5.0.4.tgz 10348ms (cache miss)
3137 http fetch GET 200 https://registry.npmjs.org/is-inside-container/-/is-inside-container-1.0.0.tgz 10370ms (cache miss)
3138 http fetch GET 200 https://registry.npmjs.org/space-separated-tokens/-/space-separated-tokens-2.0.2.tgz 10425ms (cache miss)
3139 http fetch GET 200 https://registry.npmjs.org/comma-separated-tokens/-/comma-separated-tokens-2.0.3.tgz 10495ms (cache miss)
3140 http fetch GET 200 https://registry.npmjs.org/hast-util-parse-selector/-/hast-util-parse-selector-4.0.0.tgz 10551ms (cache miss)
3141 http fetch GET 200 https://registry.npmjs.org/argparse/-/argparse-2.0.1.tgz 10627ms (cache miss)
3142 http fetch GET 200 https://registry.npmjs.org/vfile-location/-/vfile-location-5.0.3.tgz 10655ms (cache miss)
3143 http fetch GET 200 https://registry.npmjs.org/hast-util-is-element/-/hast-util-is-element-3.0.0.tgz 10721ms (cache miss)
3144 http fetch GET 200 https://registry.npmjs.org/utrie/-/utrie-1.0.2.tgz 10726ms (cache miss)
3145 http fetch GET 200 https://registry.npmjs.org/unist-util-find-after/-/unist-util-find-after-5.0.0.tgz 10730ms (cache miss)
3146 http fetch GET 200 https://registry.npmjs.org/source-map-js/-/source-map-js-1.2.1.tgz 10799ms (cache miss)
3147 http fetch GET 200 https://registry.npmjs.org/vfile-message/-/vfile-message-4.0.3.tgz 10988ms (cache miss)
3148 http fetch GET 200 https://registry.npmjs.org/hastscript/-/hastscript-9.0.1.tgz 11077ms (cache miss)
3149 http fetch GET 200 https://registry.npmjs.org/@types/hast/-/hast-3.0.5.tgz 11120ms (cache miss)
3150 http fetch GET 200 https://registry.npmjs.org/@jridgewell/sourcemap-codec/-/sourcemap-codec-1.6.0.tgz 11167ms (cache miss)
3151 http fetch GET 200 https://registry.npmjs.org/devlop/-/devlop-1.1.0.tgz 11296ms (cache miss)
3152 http fetch GET 200 https://registry.npmjs.org/property-information/-/property-information-7.2.0.tgz 11391ms (cache miss)
3153 http fetch GET 200 https://registry.npmjs.org/entities/-/entities-6.0.1.tgz 11474ms (cache miss)
3154 http fetch GET 200 https://registry.npmjs.org/hast-util-from-parse5/-/hast-util-from-parse5-8.0.3.tgz 11464ms (cache miss)
3155 http fetch GET 200 https://registry.npmjs.org/base-64/-/base-64-1.0.0.tgz 11603ms (cache miss)
3156 http fetch GET 200 https://registry.npmjs.org/ms/-/ms-2.1.3.tgz 11657ms (cache miss)
3157 http fetch GET 200 https://registry.npmjs.org/web-namespaces/-/web-namespaces-2.0.1.tgz 11667ms (cache miss)
3158 http fetch GET 200 https://registry.npmjs.org/wrap-ansi/-/wrap-ansi-9.0.2.tgz 11703ms (cache miss)
3159 http fetch GET 200 https://registry.npmjs.org/dequal/-/dequal-2.0.3.tgz 11715ms (cache miss)
3160 http fetch GET 200 https://registry.npmjs.org/@types/unist/-/unist-3.0.3.tgz 11758ms (cache miss)
3161 http fetch GET 200 https://registry.npmjs.org/parse5/-/parse5-7.3.0.tgz 11779ms (cache miss)
3162 http fetch GET 200 https://registry.npmjs.org/widest-line/-/widest-line-5.0.0.tgz 11817ms (cache miss)
3163 http fetch GET 200 https://registry.npmjs.org/tiny-inflate/-/tiny-inflate-1.0.3.tgz 11841ms (cache miss)
3164 http fetch GET 200 https://registry.npmjs.org/string-width/-/string-width-7.2.0.tgz 11914ms (cache miss)
3165 http fetch GET 200 https://registry.npmjs.org/cli-boxes/-/cli-boxes-3.0.0.tgz 11954ms (cache miss)
3166 http fetch GET 200 https://registry.npmjs.org/@types/estree/-/estree-1.0.9.tgz 12016ms (cache miss)
3167 http fetch GET 200 https://registry.npmjs.org/chalk/-/chalk-5.6.2.tgz 12254ms (cache miss)
3168 http fetch GET 200 https://registry.npmjs.org/ansi-align/-/ansi-align-3.0.1.tgz 12384ms (cache miss)
3169 http fetch GET 200 https://registry.npmjs.org/is-wsl/-/is-wsl-3.1.1.tgz 12442ms (cache miss)
3170 http fetch GET 200 https://registry.npmjs.org/camelcase/-/camelcase-8.0.0.tgz 12559ms (cache miss)
3171 http fetch GET 200 https://registry.npmjs.org/unist-util-remove-position/-/unist-util-remove-position-5.0.0.tgz 12653ms (cache miss)
3172 http fetch GET 200 https://registry.npmjs.org/@babel/parser/-/parser-7.29.8.tgz 12722ms (cache miss)
3173 http fetch GET 200 https://registry.npmjs.org/which-pm-runs/-/which-pm-runs-1.1.0.tgz 12749ms (cache miss)
3174 http fetch GET 200 https://registry.npmjs.org/remark-smartypants/-/remark-smartypants-3.0.3.tgz 12857ms (cache miss)
3175 http fetch GET 200 https://registry.npmjs.org/is-docker/-/is-docker-3.0.0.tgz 12930ms (cache miss)
3176 http fetch GET 200 https://registry.npmjs.org/remark-parse/-/remark-parse-11.0.0.tgz 12950ms (cache miss)
3177 http fetch GET 200 https://registry.npmjs.org/unified/-/unified-11.0.5.tgz 13067ms (cache miss)
3178 http fetch GET 200 https://registry.npmjs.org/rehype-stringify/-/rehype-stringify-10.0.1.tgz 13216ms (cache miss)
3179 http fetch GET 200 https://registry.npmjs.org/remark-gfm/-/remark-gfm-4.0.1.tgz 13218ms (cache miss)
3180 http fetch GET 200 https://registry.npmjs.org/remark-rehype/-/remark-rehype-11.1.2.tgz 13349ms (cache miss)
3181 http fetch GET 200 https://registry.npmjs.org/type-fest/-/type-fest-4.41.0.tgz 13396ms (cache miss)
3182 http fetch GET 200 https://registry.npmjs.org/text-segmentation/-/text-segmentation-1.0.3.tgz 13449ms (cache miss)
3183 http fetch GET 200 https://registry.npmjs.org/@astrojs/prism/-/prism-3.3.0.tgz 13500ms (cache miss)
3184 http fetch GET 200 https://registry.npmjs.org/rehype-raw/-/rehype-raw-7.0.0.tgz 13739ms (cache miss)
3185 http fetch GET 200 https://registry.npmjs.org/hast-util-to-text/-/hast-util-to-text-4.0.2.tgz 13761ms (cache miss)
3186 http fetch GET 200 https://registry.npmjs.org/yocto-spinner/-/yocto-spinner-0.2.3.tgz 13783ms (cache miss)
3187 http fetch GET 200 https://registry.npmjs.org/fontkitten/-/fontkitten-1.0.3.tgz 13896ms (cache miss)
3188 http fetch GET 200 https://registry.npmjs.org/mdast-util-definitions/-/mdast-util-definitions-6.0.0.tgz 13982ms (cache miss)
3189 http fetch GET 200 https://registry.npmjs.org/zod-to-ts/-/zod-to-ts-1.2.0.tgz 13980ms (cache miss)
3190 http fetch GET 200 https://registry.npmjs.org/hast-util-from-html/-/hast-util-from-html-2.0.3.tgz 14000ms (cache miss)
3191 http fetch GET 200 https://registry.npmjs.org/xxhash-wasm/-/xxhash-wasm-1.1.0.tgz 14017ms (cache miss)
3192 http fetch GET 200 https://registry.npmjs.org/zod-to-json-schema/-/zod-to-json-schema-3.25.2.tgz 14049ms (cache miss)
3193 http fetch GET 200 https://registry.npmjs.org/vitefu/-/vitefu-1.1.3.tgz 14095ms (cache miss)
3194 http fetch GET 200 https://registry.npmjs.org/unist-util-visit-parents/-/unist-util-visit-parents-6.0.2.tgz 14161ms (cache miss)
3195 http fetch GET 200 https://registry.npmjs.org/unifont/-/unifont-0.7.5.tgz 14558ms (cache miss)
3196 http fetch GET 200 https://registry.npmjs.org/yargs-parser/-/yargs-parser-21.1.1.tgz 14629ms (cache miss)
3197 http fetch GET 200 https://registry.npmjs.org/unist-util-visit/-/unist-util-visit-5.1.0.tgz 14856ms (cache miss)
3198 http fetch GET 200 https://registry.npmjs.org/ultrahtml/-/ultrahtml-1.7.0.tgz 14971ms (cache miss)
3199 http fetch GET 200 https://registry.npmjs.org/@babel/types/-/types-7.29.8.tgz 15091ms (cache miss)
3200 http fetch GET 200 https://registry.npmjs.org/vfile/-/vfile-6.0.3.tgz 15118ms (cache miss)
3201 http fetch GET 200 https://registry.npmjs.org/unstorage/-/unstorage-1.17.5.tgz 15140ms (cache miss)
3202 http fetch GET 200 https://registry.npmjs.org/smol-toml/-/smol-toml-1.8.0.tgz 15264ms (cache miss)
3203 http fetch GET 200 https://registry.npmjs.org/tinyexec/-/tinyexec-1.3.1.tgz 15522ms (cache miss)
3204 http fetch GET 200 https://registry.npmjs.org/tinyglobby/-/tinyglobby-0.2.17.tgz 15538ms (cache miss)
3205 http fetch GET 200 https://registry.npmjs.org/rehype/-/rehype-13.0.2.tgz 15678ms (cache miss)
3206 http fetch GET 200 https://registry.npmjs.org/@shikijs/langs/-/langs-3.23.0.tgz 15843ms (cache miss)
3207 http fetch GET 200 https://registry.npmjs.org/semver/-/semver-7.8.5.tgz 15865ms (cache miss)
3208 http fetch GET 200 https://registry.npmjs.org/prismjs/-/prismjs-1.30.0.tgz 15943ms (cache miss)
3209 http fetch GET 200 https://registry.npmjs.org/p-queue/-/p-queue-8.1.1.tgz 15944ms (cache miss)
3210 http fetch GET 200 https://registry.npmjs.org/package-manager-detector/-/package-manager-detector-1.8.0.tgz 15998ms (cache miss)
3211 http fetch GET 200 https://registry.npmjs.org/picomatch/-/picomatch-4.0.7.tgz 16047ms (cache miss)
3212 http fetch GET 200 https://registry.npmjs.org/p-limit/-/p-limit-6.2.0.tgz 16104ms (cache miss)
3213 http fetch GET 200 https://registry.npmjs.org/piccolore/-/piccolore-0.1.3.tgz 16165ms (cache miss)
3214 http fetch GET 200 https://registry.npmjs.org/neotraverse/-/neotraverse-0.6.18.tgz 16221ms (cache miss)
3215 http fetch GET 200 https://registry.npmjs.org/mrmime/-/mrmime-2.0.1.tgz 16384ms (cache miss)
3216 http fetch GET 200 https://registry.npmjs.org/import-meta-resolve/-/import-meta-resolve-4.2.0.tgz 16505ms (cache miss)
3217 http fetch GET 200 https://registry.npmjs.org/zod/-/zod-3.25.76.tgz 16934ms (cache miss)
3218 http fetch GET 200 https://registry.npmjs.org/html-escaper/-/html-escaper-3.0.3.tgz 16972ms (cache miss)
3219 http fetch GET 200 https://registry.npmjs.org/flattie/-/flattie-1.1.1.tgz 17122ms (cache miss)
3220 http fetch GET 200 https://registry.npmjs.org/tsconfck/-/tsconfck-3.1.6.tgz 17200ms (cache miss)
3221 warn deprecated tsconfck@3.1.6: unmaintained
3222 http fetch GET 200 https://registry.npmjs.org/http-cache-semantics/-/http-cache-semantics-4.2.0.tgz 17232ms (cache miss)
3223 http fetch GET 200 https://registry.npmjs.org/shiki/-/shiki-3.23.0.tgz 17267ms (cache miss)
3224 http fetch GET 200 https://registry.npmjs.org/magic-string/-/magic-string-0.30.21.tgz 17341ms (cache miss)
3225 http fetch GET 200 https://registry.npmjs.org/estree-walker/-/estree-walker-3.0.3.tgz 17353ms (cache miss)
3226 http fetch GET 200 https://registry.npmjs.org/github-slugger/-/github-slugger-2.0.0.tgz 17372ms (cache miss)
3227 http fetch GET 200 https://registry.npmjs.org/magicast/-/magicast-0.5.5.tgz 17391ms (cache miss)
3228 http fetch GET 200 https://registry.npmjs.org/dset/-/dset-3.1.4.tgz 17445ms (cache miss)
3229 http fetch GET 200 https://registry.npmjs.org/js-yaml/-/js-yaml-4.3.2.tgz 17473ms (cache miss)
3230 http fetch GET 200 https://registry.npmjs.org/fontace/-/fontace-0.4.1.tgz 17490ms (cache miss)
3231 http fetch GET 200 https://registry.npmjs.org/dlv/-/dlv-1.1.3.tgz 17558ms (cache miss)
3232 http fetch GET 200 https://registry.npmjs.org/cssesc/-/cssesc-3.0.0.tgz 17668ms (cache miss)
3233 http fetch GET 200 https://registry.npmjs.org/esbuild/-/esbuild-0.27.7.tgz 17702ms (cache miss)
3234 http fetch GET 200 https://registry.npmjs.org/debug/-/debug-4.4.3.tgz 17756ms (cache miss)
3235 http fetch GET 200 https://registry.npmjs.org/deterministic-object-hash/-/deterministic-object-hash-2.0.2.tgz 17836ms (cache miss)
3236 http fetch GET 200 https://registry.npmjs.org/common-ancestor-path/-/common-ancestor-path-1.0.1.tgz 17904ms (cache miss)
3237 http fetch GET 200 https://registry.npmjs.org/cookie/-/cookie-1.1.1.tgz 18046ms (cache miss)
3238 http fetch GET 200 https://registry.npmjs.org/clsx/-/clsx-2.1.1.tgz 18133ms (cache miss)
3239 http fetch GET 200 https://registry.npmjs.org/css-line-break/-/css-line-break-2.1.0.tgz 18181ms (cache miss)
3240 http fetch GET 200 https://registry.npmjs.org/ci-info/-/ci-info-4.4.0.tgz 18146ms (cache miss)
3241 http fetch GET 200 https://registry.npmjs.org/@oslojs/encoding/-/encoding-1.1.0.tgz 18419ms (cache miss)
3242 http fetch GET 200 https://registry.npmjs.org/@rollup/pluginutils/-/pluginutils-5.4.0.tgz 18441ms (cache miss)
3243 http fetch GET 200 https://registry.npmjs.org/devalue/-/devalue-5.9.2.tgz 18506ms (cache miss)
3244 http fetch GET 200 https://registry.npmjs.org/svgo/-/svgo-4.1.0.tgz 18585ms (cache miss)
3245 http fetch GET 200 https://registry.npmjs.org/@capsizecss/unpack/-/unpack-4.0.1.tgz 18684ms (cache miss)
3246 http fetch GET 200 https://registry.npmjs.org/@astrojs/telemetry/-/telemetry-3.3.0.tgz 18692ms (cache miss)
3247 http fetch GET 200 https://registry.npmjs.org/axobject-query/-/axobject-query-4.1.0.tgz 18705ms (cache miss)
3248 http fetch GET 200 https://registry.npmjs.org/vite/-/vite-6.4.3.tgz 18738ms (cache miss)
3249 http fetch GET 200 https://registry.npmjs.org/aria-query/-/aria-query-5.3.2.tgz 18779ms (cache miss)
3250 http fetch GET 200 https://registry.npmjs.org/prompts/-/prompts-2.4.2.tgz 18805ms (cache miss)
3251 http fetch GET 200 https://registry.npmjs.org/@astrojs/markdown-remark/-/markdown-remark-6.3.11.tgz 18798ms (cache miss)
3252 http fetch GET 200 https://registry.npmjs.org/@astrojs/internal-helpers/-/internal-helpers-0.7.6.tgz 18857ms (cache miss)
3253 http fetch GET 200 https://registry.npmjs.org/sharp/-/sharp-0.34.5.tgz 18980ms (cache miss)
3254 http fetch GET 200 https://registry.npmjs.org/diff/-/diff-8.0.4.tgz 19031ms (cache miss)
3255 http fetch GET 200 https://registry.npmjs.org/boxen/-/boxen-8.0.1.tgz 19071ms (cache miss)
3256 http fetch GET 200 https://registry.npmjs.org/strip-ansi/-/strip-ansi-6.0.1.tgz 19317ms (cache miss)
3257 http fetch GET 200 https://registry.npmjs.org/picomatch/-/picomatch-2.3.2.tgz 19432ms (cache miss)
3258 http fetch GET 200 https://registry.npmjs.org/string-width/-/string-width-4.2.3.tgz 19545ms (cache miss)
3259 http fetch GET 200 https://registry.npmjs.org/entities/-/entities-4.5.0.tgz 19572ms (cache miss)
3260 http fetch GET 200 https://registry.npmjs.org/emoji-regex/-/emoji-regex-8.0.0.tgz 19737ms (cache miss)
3261 http fetch GET 200 https://registry.npmjs.org/ansi-regex/-/ansi-regex-5.0.1.tgz 19758ms (cache miss)
3262 http fetch GET 200 https://registry.npmjs.org/estree-walker/-/estree-walker-2.0.2.tgz 19787ms (cache miss)
3263 http fetch GET 200 https://registry.npmjs.org/esbuild/-/esbuild-0.25.12.tgz 19885ms (cache miss)
3264 http fetch GET 200 https://registry.npmjs.org/es-module-lexer/-/es-module-lexer-1.7.0.tgz 20683ms (cache miss)
3265 http fetch GET 200 https://registry.npmjs.org/mdn-data/-/mdn-data-2.0.28.tgz 20975ms (cache miss)
3266 http fetch GET 200 https://registry.npmjs.org/@img/sharp-win32-x64/-/sharp-win32-x64-0.34.5.tgz 21444ms (cache miss)
3267 http fetch GET 200 https://registry.npmjs.org/astro/-/astro-5.18.2.tgz 22526ms (cache miss)
3268 http fetch GET 200 https://registry.npmjs.org/html2canvas/-/html2canvas-1.4.1.tgz 23954ms (cache miss)
3269 http fetch GET 200 https://registry.npmjs.org/acorn/-/acorn-8.18.0.tgz 24208ms (cache miss)
3270 http fetch GET 200 https://registry.npmjs.org/@esbuild/win32-x64/-/win32-x64-0.27.7.tgz 25741ms (cache miss)
3271 http fetch GET 200 https://registry.npmjs.org/css-tree/-/css-tree-2.2.1.tgz 29539ms (cache miss)
3272 http fetch GET 200 https://registry.npmjs.org/@astrojs/compiler/-/compiler-2.13.1.tgz 30241ms (cache miss)
3273 http fetch GET 200 https://registry.npmjs.org/@esbuild/win32-x64/-/win32-x64-0.25.12.tgz 35196ms (cache miss)
3274 http fetch GET 200 https://registry.npmjs.org/typescript/-/typescript-5.9.3.tgz 47965ms (cache miss)
3275 info run sharp@0.34.5 install node_modules/sharp node install/check.js || npm run build
3276 info run sharp@0.34.5 install { code: 'EPERM', signal: undefined }
3277 verbose reify failed optional dependency C:\Users\lenovo\Desktop\可操作文件\asset-rental-platform\node_modules\sharp
3278 silly reify mark deleted [
3278 silly reify   'C:\\Users\\lenovo\\Desktop\\可操作文件\\asset-rental-platform\\node_modules\\sharp'
3278 silly reify ]
3279 verbose reify failed optional dependency C:\Users\lenovo\Desktop\可操作文件\asset-rental-platform\node_modules\@img\colour
3280 silly reify mark deleted [
3280 silly reify   'C:\\Users\\lenovo\\Desktop\\可操作文件\\asset-rental-platform\\node_modules\\@img\\colour'
3280 silly reify ]
3281 verbose reify failed optional dependency C:\Users\lenovo\Desktop\可操作文件\asset-rental-platform\node_modules\detect-libc
3282 silly reify mark deleted [
3282 silly reify   'C:\\Users\\lenovo\\Desktop\\可操作文件\\asset-rental-platform\\node_modules\\detect-libc'
3282 silly reify ]
3283 info run esbuild@0.27.7 postinstall node_modules/esbuild node install.js
3284 info run esbuild@0.25.12 postinstall node_modules/vite/node_modules/esbuild node install.js
3285 info run esbuild@0.27.7 postinstall { code: 'EPERM', signal: undefined }
3286 info run esbuild@0.25.12 postinstall { code: 'EPERM', signal: undefined }
3287 verbose stack Error: spawn EPERM
3287 verbose stack     at ChildProcess.spawn (node:internal/child_process:420:11)
3287 verbose stack     at spawn (node:child_process:787:9)
3287 verbose stack     at promiseSpawn (D:\TOOL\nodejs\node_modules\npm\node_modules\@npmcli\promise-spawn\lib\index.js:39:16)
3287 verbose stack     at spawnWithShell (D:\TOOL\nodejs\node_modules\npm\node_modules\@npmcli\promise-spawn\lib\index.js:124:10)
3287 verbose stack     at promiseSpawn (D:\TOOL\nodejs\node_modules\npm\node_modules\@npmcli\promise-spawn\lib\index.js:12:12)
3287 verbose stack     at runScriptPkg (D:\TOOL\nodejs\node_modules\npm\node_modules\@npmcli\run-script\lib\run-script-pkg.js:79:13)
3287 verbose stack     at runScript (D:\TOOL\nodejs\node_modules\npm\node_modules\@npmcli\run-script\lib\run-script.js:9:12)
3287 verbose stack     at D:\TOOL\nodejs\node_modules\npm\node_modules\@npmcli\arborist\lib\arborist\rebuild.js:330:17
3287 verbose stack     at run (D:\TOOL\nodejs\node_modules\npm\node_modules\promise-call-limit\dist\commonjs\index.js:67:22)
3287 verbose stack     at D:\TOOL\nodejs\node_modules\npm\node_modules\promise-call-limit\dist\commonjs\index.js:84:9
3288 error code EPERM
3289 error syscall spawn
3290 error errno -4048
3291 error Error: spawn EPERM
3291 error     at ChildProcess.spawn (node:internal/child_process:420:11)
3291 error     at spawn (node:child_process:787:9)
3291 error     at promiseSpawn (D:\TOOL\nodejs\node_modules\npm\node_modules\@npmcli\promise-spawn\lib\index.js:39:16)
3291 error     at spawnWithShell (D:\TOOL\nodejs\node_modules\npm\node_modules\@npmcli\promise-spawn\lib\index.js:124:10)
3291 error     at promiseSpawn (D:\TOOL\nodejs\node_modules\npm\node_modules\@npmcli\promise-spawn\lib\index.js:12:12)
3291 error     at runScriptPkg (D:\TOOL\nodejs\node_modules\npm\node_modules\@npmcli\run-script\lib\run-script-pkg.js:79:13)
3291 error     at runScript (D:\TOOL\nodejs\node_modules\npm\node_modules\@npmcli\run-script\lib\run-script.js:9:12)
3291 error     at D:\TOOL\nodejs\node_modules\npm\node_modules\@npmcli\arborist\lib\arborist\rebuild.js:330:17
3291 error     at run (D:\TOOL\nodejs\node_modules\npm\node_modules\promise-call-limit\dist\commonjs\index.js:67:22)
3291 error     at D:\TOOL\nodejs\node_modules\npm\node_modules\promise-call-limit\dist\commonjs\index.js:84:9 {
3291 error   errno: -4048,
3291 error   code: 'EPERM',
3291 error   syscall: 'spawn'
3291 error }
3292 error
3292 error The operation was rejected by your operating system.
3292 error It's possible that the file was already in use (by a text editor or antivirus),
3292 error or that you lack permissions to access it.
3292 error
3292 error If you believe this might be a permissions issue, please double-check the
3292 error permissions of the file and its containing directories, or try running
3292 error the command again as root/Administrator.
3293 silly unfinished npm timer reify 1789619322434
3294 silly unfinished npm timer reify:build 1789619487514
3295 silly unfinished npm timer build 1789619487516
3296 silly unfinished npm timer build:deps 1789619487518
3297 silly unfinished npm timer build:run:postinstall 1789619487607
3298 silly unfinished npm timer build:run:postinstall:node_modules/esbuild 1789619487607
3299 silly unfinished npm timer build:run:postinstall:node_modules/vite/node_modules/esbuild 1789619487621
3300 verbose cwd C:\Users\lenovo\Desktop\可操作文件\asset-rental-platform
3301 verbose os Windows_NT 10.0.26100
3302 verbose node v22.23.2
3303 verbose npm  v10.9.8
3304 notice
3304 notice New major version of npm available! 10.9.8 -> 12.0.2
3304 notice Changelog: https://github.com/npm/cli/releases/tag/v12.0.2
3304 notice To update run: npm install -g npm@12.0.2
3304 notice  { force: true, [Symbol(proc-log.meta)]: true }
3305 verbose exit -4048
3306 verbose code -4048
3307 error A complete log of this run can be found in: C:\Users\lenovo\Desktop\可操作文件\asset-rental-platform\.npm-cache\_logs\2026-09-17T04_28_42_084Z-debug-0.log
